segment_id,u,v,k,index,lat,lng,heading,image_path
324580159_324580358_0,324580159,324580358,0,0,10.3015678,123.87060375,103.29426430047903,data\road_images\324580159_324580358_0\0_103.jpg
324580358_324580159_0,324580358,324580159,0,0,10.3015678,123.87060375,283.29428445425543,data\road_images\324580358_324580159_0\0_283.jpg
324580358_1140342806_0,324580358,1140342806,0,0,10.301443479515779,123.87111999504427,103.8069175781095,data\road_images\324580358_1140342806_0\0_104.jpg
324580358_1138899340_0,324580358,1138899340,0,0,10.30160936284087,123.87124781855704,92.07640765930728,data\road_images\324580358_1138899340_0\0_92.jpg
940969330_1140342125_0,940969330,1140342125,0,0,10.3008269,123.8736706,103.82135202454799,data\road_images\940969330_1140342125_0\0_104.jpg
940969330_8318117591_0,940969330,8318117591,0,0,10.3007503,123.8734303,238.2771206459918,data\road_images\940969330_8318117591_0\0_238.jpg
940969330_1140342796_0,940969330,1140342796,0,0,10.30102888425986,123.87283509615796,283.8043191422345,data\road_images\940969330_1140342796_0\0_284.jpg
1138899340_324580358_0,1138899340,324580358,0,0,10.30160936284087,123.87124781855704,272.07662672430365,data\road_images\1138899340_324580358_0\0_272.jpg
1138899340_1140342126_0,1138899340,1140342126,0,0,10.301514997891454,123.87273988561896,98.91949942285709,data\road_images\1138899340_1140342126_0\0_99.jpg
1140342125_940969330_0,1140342125,940969330,0,0,10.3008269,123.8736706,283.82138127896485,data\road_images\1140342125_940969330_0\0_284.jpg
1140342125_1140342126_0,1140342125,1140342126,0,0,10.301034650137044,123.87362768107901,331.481404812777,data\road_images\1140342125_1140342126_0\0_331.jpg
1140342126_1140342125_0,1140342126,1140342125,0,0,10.301034650137044,123.87362768107901,151.481359946824,data\road_images\1140342126_1140342125_0\0_151.jpg
1140342126_1138899340_0,1140342126,1138899340,0,0,10.301514997891454,123.87273988561896,278.91978847725954,data\road_images\1140342126_1138899340_0\0_279.jpg
1140342699_1140342700_0,1140342699,1140342700,0,0,10.29963265,123.87052445,264.86029526925006,data\road_images\1140342699_1140342700_0\0_265.jpg
1140342699_1140342700_1,1140342699,1140342700,1,0,10.298956821495072,123.8705104171021,264.86029526925006,data\road_images\1140342699_1140342700_1\0_265.jpg
1140342699_1140342700_2,1140342699,1140342700,2,0,10.300318636217606,123.87048034359128,264.86029526925006,data\road_images\1140342699_1140342700_2\0_265.jpg
1140342699_1140342716_0,1140342699,1140342716,0,0,10.2996728,123.87098205,84.94813894895981,data\road_images\1140342699_1140342716_0\0_85.jpg
1140342700_1140342699_0,1140342700,1140342699,0,0,10.29963265,123.87052445,84.86021304103639,data\road_images\1140342700_1140342699_0\0_85.jpg
1140342700_1140342699_1,1140342700,1140342699,1,0,10.300318636217606,123.87048034359128,84.86021304103639,data\road_images\1140342700_1140342699_1\0_85.jpg
1140342700_1140342699_2,1140342700,1140342699,2,0,10.298956821495072,123.8705104171021,84.86021304103639,data\road_images\1140342700_1140342699_2\0_85.jpg
1140342716_1140342717_0,1140342716,1140342717,0,0,10.2994682,123.8711917,184.51251260031069,data\road_images\1140342716_1140342717_0\0_185.jpg
1140342716_1140342699_0,1140342716,1140342699,0,0,10.2996728,123.87098205,264.9482203551174,data\road_images\1140342716_1140342699_0\0_265.jpg
1140342716_1140342783_0,1140342716,1140342783,0,0,10.2997047,123.8713478,84.91105737120881,data\road_images\1140342716_1140342783_0\0_85.jpg
1140342717_1140342719_0,1140342717,1140342719,0,0,10.29908175,123.87116075,184.49569308386626,data\road_images\1140342717_1140342719_0\0_184.jpg
1140342717_1140342716_0,1140342717,1140342716,0,0,10.2994682,123.8711917,4.512506163761316,data\road_images\1140342717_1140342716_0\0_5.jpg
1140342717_1140342739_0,1140342717,1140342739,0,0,10.29925405,123.87140225,87.39008614703647,data\road_images\1140342717_1140342739_0\0_87.jpg
1140342719_1140342717_0,1140342719,1140342717,0,0,10.29908175,123.87116075,4.495688453320213,data\road_images\1140342719_1140342717_0\0_4.jpg
1140342719_12378167879_0,1140342719,12378167879,0,0,10.298926000000002,123.8710593,274.1382776916681,data\road_images\1140342719_12378167879_0\0_274.jpg
1140342719_1140342730_0,1140342719,1140342730,0,0,10.298720970761366,123.87135581235187,105.70016356821213,data\road_images\1140342719_1140342730_0\0_106.jpg
1140342730_1140342757_0,1140342730,1140342757,0,0,10.2986762,123.87174445,140.739727100795,data\road_images\1140342730_1140342757_0\0_141.jpg
1140342730_1140342739_0,1140342730,1140342739,0,0,10.299017773918706,123.87162570239005,356.64143912896293,data\road_images\1140342730_1140342739_0\0_357.jpg
1140342730_1140342719_0,1140342730,1140342719,0,0,10.298720970761366,123.87135581235187,285.7002551049236,data\road_images\1140342730_1140342719_0\0_286.jpg
1140342739_1140342717_0,1140342739,1140342717,0,0,10.29925405,123.87140225,267.3901678717222,data\road_images\1140342739_1140342717_0\0_267.jpg
1140342739_1140342746_0,1140342739,1140342746,0,0,10.299480727514016,123.87240014969129,40.669804949672255,data\road_images\1140342739_1140342746_0\0_41.jpg
1140342739_1140342730_0,1140342739,1140342730,0,0,10.299017773918706,123.87162570239005,176.6414339441817,data\road_images\1140342739_1140342730_0\0_177.jpg
1140342746_8318118404_0,1140342746,8318118404,0,0,10.30008335,123.8723338,238.2528576109802,data\road_images\1140342746_8318118404_0\0_238.jpg
1140342746_8496942435_0,1140342746,8496942435,0,0,10.300214747602071,123.87254998186198,58.283301913606465,data\road_images\1140342746_8496942435_0\0_58.jpg
1140342746_1140342739_0,1140342746,1140342739,0,0,10.299480727514016,123.87240014969129,220.66993532830068,data\road_images\1140342746_1140342739_0\0_221.jpg
1140342757_1140342730_0,1140342757,1140342730,0,0,10.2986762,123.87174445,320.7397573679967,data\road_images\1140342757_1140342730_0\0_321.jpg
1140342757_10880381541_0,1140342757,10880381541,0,0,10.298497963305767,123.87200405667944,112.01417013449401,data\road_images\1140342757_10880381541_0\0_112.jpg
1140342757_1140342780_0,1140342757,1140342780,0,0,10.299090197956534,123.87263214265249,56.401665626188276,data\road_images\1140342757_1140342780_0\0_56.jpg
1140342769_10880381541_0,1140342769,10880381541,0,0,10.298582956044704,123.87262764650458,247.2413770303043,data\road_images\1140342769_10880381541_0\0_247.jpg
1140342780_1140342757_0,1140342780,1140342757,0,0,10.299090197956534,123.87263214265249,236.40195129155663,data\road_images\1140342780_1140342757_0\0_236.jpg
1140342783_1140342716_0,1140342783,1140342716,0,0,10.2997047,123.8713478,264.9111067547978,data\road_images\1140342783_1140342716_0\0_265.jpg
1140342783_1140342792_0,1140342783,1140342792,0,0,10.30014008197724,123.87137126656593,339.5753223944258,data\road_images\1140342783_1140342792_0\0_340.jpg
1140342783_8318118404_0,1140342783,8318118404,0,0,10.299830393517853,123.87191795450065,66.55524897595586,data\road_images\1140342783_8318118404_0\0_67.jpg
1140342792_1140342783_0,1140342792,1140342783,0,0,10.30014008197724,123.87137126656593,159.57526683991046,data\road_images\1140342792_1140342783_0\0_160.jpg
1140342796_940969330_0,1140342796,940969330,0,0,10.30102888425986,123.87283509615796,103.80404958918132,data\road_images\1140342796_940969330_0\0_104.jpg
1140342796_1140342806_0,1140342796,1140342806,0,0,10.301271652315437,123.8718306384996,283.8006273184003,data\road_images\1140342796_1140342806_0\0_284.jpg
1140342796_1140342800_0,1140342796,1140342800,0,0,10.300970057471599,123.87202155428517,182.40062643637506,data\road_images\1140342796_1140342800_0\0_182.jpg
1140342800_1140342796_0,1140342800,1140342796,0,0,10.300970057471599,123.87202155428517,2.4006227348201605,data\road_images\1140342800_1140342796_0\0_2.jpg
1140342806_1140342796_0,1140342806,1140342796,0,0,10.301271652315437,123.8718306384996,103.80053763805302,data\road_images\1140342806_1140342796_0\0_104.jpg
1140342806_324580358_0,1140342806,324580358,0,0,10.301443479515779,123.87111999504427,283.80708206317024,data\road_images\1140342806_324580358_0\0_284.jpg
1140342806_1140342810_0,1140342806,1140342810,0,0,10.300977852663971,123.87163906596732,170.675872560504,data\road_images\1140342806_1140342810_0\0_171.jpg
1140342810_1140342806_0,1140342810,1140342806,0,0,10.300977852663971,123.87163906596732,350.6758937147962,data\road_images\1140342810_1140342806_0\0_351.jpg
8318117586_8318117591_0,8318117586,8318117591,0,0,10.300360000000001,123.8734675,326.7695638669605,data\road_images\8318117586_8318117591_0\0_327.jpg
8318117591_940969330_0,8318117591,940969330,0,0,10.3007503,123.8734303,58.27706396176097,data\road_images\8318117591_940969330_0\0_58.jpg
8318117591_8318117586_0,8318117591,8318117586,0,0,10.300360000000001,123.8734675,146.76949388136813,data\road_images\8318117591_8318117586_0\0_147.jpg
8318117591_8496942435_0,8318117591,8496942435,0,0,10.300492089024692,123.87300585666812,238.2694450148769,data\road_images\8318117591_8496942435_0\0_238.jpg
8318118400_8318118404_0,8318118400,8318118404,0,0,10.300207581706832,123.87217599803583,133.39569151322263,data\road_images\8318118400_8318118404_0\0_133.jpg
8318118404_1140342746_0,8318118404,1140342746,0,0,10.30008335,123.8723338,58.25284824085719,data\road_images\8318118404_1140342746_0\0_58.jpg
8318118404_1140342783_0,8318118404,1140342783,0,0,10.299830393517853,123.87191795450065,246.55539589613255,data\road_images\8318118404_1140342783_0\0_247.jpg
8318118404_8318118400_0,8318118404,8318118400,0,0,10.300207581706832,123.87217599803583,313.39574177552066,data\road_images\8318118404_8318118400_0\0_313.jpg
8496942434_8496942435_0,8496942434,8496942435,0,0,10.300068,123.87293745,323.4612867639647,data\road_images\8496942434_8496942435_0\0_323.jpg
8496942435_8496942434_0,8496942435,8496942434,0,0,10.300068,123.87293745,143.4612161188096,data\road_images\8496942435_8496942434_0\0_143.jpg
8496942435_1140342746_0,8496942435,1140342746,0,0,10.300214747602071,123.87254998186198,238.283369841725,data\road_images\8496942435_1140342746_0\0_238.jpg
8496942435_8318117591_0,8496942435,8318117591,0,0,10.300492089024692,123.87300585666812,58.26934990545067,data\road_images\8496942435_8318117591_0\0_58.jpg
10880381536_10880381541_0,10880381536,10880381541,0,0,10.298279091694171,123.87216566588455,354.9312480890518,data\road_images\10880381536_10880381541_0\0_355.jpg
10880381541_1140342769_0,10880381541,1140342769,0,0,10.298582956044704,123.87262764650458,67.24122088525371,data\road_images\10880381541_1140342769_0\0_67.jpg
10880381541_1140342757_0,10880381541,1140342757,0,0,10.298497963305767,123.87200405667944,292.01423354640565,data\road_images\10880381541_1140342757_0\0_292.jpg
10880381541_10880381536_0,10880381541,10880381536,0,0,10.298279091694171,123.87216566588455,174.93124326216855,data\road_images\10880381541_10880381536_0\0_175.jpg
12378167879_1140342719_0,12378167879,1140342719,0,0,10.298926000000002,123.8710593,94.13824604685476,data\road_images\12378167879_1140342719_0\0_94.jpg
280324090_666178209_0,280324090,666178209,0,0,10.3071475,123.9097892,206.58302453505257,data\road_images\280324090_666178209_0\0_207.jpg
280324090_1101216176_0,280324090,1101216176,0,0,10.307665846933501,123.90901829579889,301.53735843787916,data\road_images\280324090_1101216176_0\0_302.jpg
280324090_937431099_0,280324090,937431099,0,0,10.3071607,123.90984499999999,128.5312276131226,data\road_images\280324090_937431099_0\0_129.jpg
280324097_9179423364_0,280324097,9179423364,0,0,10.310692874975913,123.90404883572816,314.20706118867247,data\road_images\280324097_9179423364_0\0_314.jpg
280324097_280332314_0,280324097,280332314,0,0,10.310647354842281,123.90404935303636,302.51113892128103,data\road_images\280324097_280332314_0\0_303.jpg
280324097_1101215569_0,280324097,1101215569,0,0,10.310306629116132,123.90464405716291,120.44276295035257,data\road_images\280324097_1101215569_0\0_120.jpg
280324156_1101216292_0,280324156,1101216292,0,0,10.318737207195994,123.90032146666398,65.39910690464944,data\road_images\280324156_1101216292_0\0_65.jpg
280324156_316824560_0,280324156,316824560,0,0,10.319233966406204,123.89961667080208,334.94632447728725,data\road_images\280324156_316824560_0\0_335.jpg
280324156_1099182507_0,280324156,1099182507,0,0,10.318496547600201,123.8996138917111,255.82875432864142,data\road_images\280324156_1099182507_0\0_256.jpg
280324156_1099182500_0,280324156,1099182500,0,0,10.318222759838042,123.90011079515338,153.8165424972168,data\road_images\280324156_1099182500_0\0_154.jpg
280332246_666178172_0,280332246,666178172,0,0,10.31119185,123.89818835,166.54665630021054,data\road_images\280332246_666178172_0\0_167.jpg
280332246_321793611_0,280332246,321793611,0,0,10.310733522902078,123.89679595093769,250.6799799123274,data\road_images\280332246_321793611_0\0_251.jpg
280332246_456852934_0,280332246,456852934,0,0,10.311337652612082,123.89868245663072,77.31374382201415,data\road_images\280332246_456852934_0\0_77.jpg
280332246_1463212047_0,280332246,1463212047,0,0,10.311776147745512,123.8982074987401,2.6044243773307016,data\road_images\280332246_1463212047_0\0_3.jpg
280332314_666178190_0,280332314,666178190,0,0,10.310671,123.90394284999999,188.45098941805617,data\road_images\280332314_666178190_0\0_188.jpg
280332314_9179423364_0,280332314,9179423364,0,0,10.310749699999999,123.9039424,350.89742933291285,data\road_images\280332314_9179423364_0\0_351.jpg
280332314_4036028114_0,280332314,4036028114,0,0,10.310760689937329,123.90386411877442,300.4466485208639,data\road_images\280332314_4036028114_0\0_300.jpg
280332314_280324097_0,280332314,280324097,0,0,10.310647354842281,123.90404935303636,122.51110292748422,data\road_images\280332314_280324097_0\0_123.jpg
280332338_648112106_0,280332338,648112106,0,0,10.31546685,123.9077436,6.827900772174644,data\road_images\280332338_648112106_0\0_7.jpg
280332338_1105801872_0,280332338,1105801872,0,0,10.31540146419738,123.90792258447865,82.79569216757574,data\road_images\280332338_1105801872_0\0_83.jpg
280332338_648743304_0,280332338,648743304,0,0,10.314312294800361,123.908154327773,137.50339597198433,data\road_images\280332338_648743304_0\0_138.jpg
280332338_648751987_0,280332338,648751987,0,0,10.315670832975837,123.90709193623586,294.05950297563015,data\road_images\280332338_648751987_0\0_294.jpg
280332507_648111439_0,280332507,648111439,0,0,10.31833345,123.90787710000001,130.42559713464345,data\road_images\280332507_648111439_0\0_130.jpg
280332507_12116282679_0,280332507,12116282679,0,0,10.318308349999999,123.90778710000001,217.77707535175335,data\road_images\280332507_12116282679_0\0_218.jpg
280332507_648110877_0,280332507,648110877,0,0,10.31841155,123.90786735,36.90090506948883,data\road_images\280332507_648110877_0\0_37.jpg
280332507_12116282676_0,280332507,12116282676,0,0,10.31844035,123.9077437,308.56171670499975,data\road_images\280332507_12116282676_0\0_309.jpg
280332555_648111319_0,280332555,648111319,0,0,10.31613835,123.90575820000001,105.93420952099945,data\road_images\280332555_648111319_0\0_106.jpg
280332555_12116282641_0,280332555,12116282641,0,0,10.3160749,123.90568164999999,197.33723852317473,data\road_images\280332555_12116282641_0\0_197.jpg
280332555_648112258_0,280332555,648112258,0,0,10.3162012,123.90572115,16.722700284104405,data\road_images\280332555_648112258_0\0_17.jpg
280332555_12116282637_0,280332555,12116282637,0,0,10.31618235,123.90558915,284.3216978602062,data\road_images\280332555_12116282637_0\0_284.jpg
280332570_1099182418_0,280332570,1099182418,0,0,10.312927799544758,123.90014815753123,266.1788134754695,data\road_images\280332570_1099182418_0\0_266.jpg
280332570_280332571_0,280332570,280332571,0,0,10.312176711122296,123.90032958079045,207.10246640090685,data\road_images\280332570_280332571_0\0_207.jpg
280332570_622264025_0,280332570,622264025,0,0,10.313792349157781,123.90147668533686,28.28363608583146,data\road_images\280332570_622264025_0\0_28.jpg
280332571_666178174_0,280332571,666178174,0,0,10.31150265,123.899834,201.6147579035212,data\road_images\280332571_666178174_0\0_202.jpg
280332571_456852934_0,280332571,456852934,0,0,10.311496348167296,123.89951888680912,260.8983228902261,data\road_images\280332571_456852934_0\0_261.jpg
280332571_280332570_0,280332571,280332570,0,0,10.312176711122296,123.90032958079045,27.10233905161209,data\road_images\280332571_280332570_0\0_27.jpg
280332571_369910965_0,280332571,369910965,0,0,10.311532609814538,123.9008687631787,93.14418069398573,data\road_images\280332571_369910965_0\0_93.jpg
280332573_960110982_0,280332573,960110982,0,0,10.310370027206273,123.89352390576637,306.7494862009936,data\road_images\280332573_960110982_0\0_307.jpg
280332573_281446231_0,280332573,281446231,0,0,10.30981304852509,123.89402113778625,101.28469910871183,data\road_images\280332573_281446231_0\0_101.jpg
280332573_282924701_0,280332573,282924701,0,0,10.309767488666386,123.89379375672692,185.84803437332963,data\road_images\280332573_282924701_0\0_186.jpg
280332598_1099182423_0,280332598,1099182423,0,0,10.31540245,123.9015891,335.5553444731609,data\road_images\280332598_1099182423_0\0_336.jpg
280332598_8865044737_0,280332598,8865044737,0,0,10.315277850000001,123.9016117,242.1642461676321,data\road_images\280332598_8865044737_0\0_242.jpg
280332598_456852871_0,280332598,456852871,0,0,10.315871060482399,123.90181785097644,17.728354775554635,data\road_images\280332598_456852871_0\0_18.jpg
280332598_8865044742_0,280332598,8865044742,0,0,10.315012228615062,123.90179140973041,154.7523267297829,data\road_images\280332598_8865044742_0\0_155.jpg
281418180_12429019505_0,281418180,12429019505,0,0,10.3161585,123.89084745,70.12699793912873,data\road_images\281418180_12429019505_0\0_70.jpg
281418180_321793621_0,281418180,321793621,0,0,10.315452101468768,123.89105975410446,160.66685816671622,data\road_images\281418180_321793621_0\0_161.jpg
281418180_318314962_0,281418180,318314962,0,0,10.31605325,123.8905306,251.49667644988534,data\road_images\281418180_318314962_0\0_251.jpg
281418180_960111240_0,281418180,960111240,0,0,10.316191799999999,123.89079575,340.42908057083895,data\road_images\281418180_960111240_0\0_340.jpg
281418189_1097698474_0,281418189,1097698474,0,0,10.31008430118761,123.892495101249,201.82284490880892,data\road_images\281418189_1097698474_0\0_202.jpg
281418189_321793935_0,281418189,321793935,0,0,10.31082811516377,123.89271325179192,349.77393597989845,data\road_images\281418189_321793935_0\0_350.jpg
281418189_960110982_0,281418189,960110982,0,0,10.310464843045612,123.89291093816205,71.83838589005177,data\road_images\281418189_960110982_0\0_72.jpg
281418189_10743585372_0,281418189,10743585372,0,0,10.3108282762214,123.89275157073766,351.79598858222397,data\road_images\281418189_10743585372_0\0_352.jpg
281418213_1680513007_0,281418213,1680513007,0,0,10.2971243,123.89537465000001,253.01905653262088,data\road_images\281418213_1680513007_0\0_253.jpg
281418213_282921471_0,281418213,282921471,0,0,10.296388803470466,123.89627341204428,164.16881046399328,data\road_images\281418213_282921471_0\0_164.jpg
281418213_5771172377_0,281418213,5771172377,0,0,10.29792195392991,123.89582765564849,343.9759191972856,data\road_images\281418213_5771172377_0\0_344.jpg
281418213_1129145570_0,281418213,1129145570,0,0,10.29751751807554,123.89669944469355,73.39148623655757,data\road_images\281418213_1129145570_0\0_73.jpg
281418215_8375027781_0,281418215,8375027781,0,0,10.29892925,123.89550285,261.405339666653,data\road_images\281418215_8375027781_0\0_261.jpg
281418215_10861633943_0,281418215,10861633943,0,0,10.298916049999999,123.89554319999999,238.69375302328544,data\road_images\281418215_10861633943_0\0_239.jpg
281418215_5797095177_0,281418215,5797095177,0,0,10.299162466839281,123.89604468686338,62.5628280287242,data\road_images\281418215_5797095177_0\0_63.jpg
281418215_5944043906_0,281418215,5944043906,0,0,10.29889825,123.8955646,205.80066347082422,data\road_images\281418215_5944043906_0\0_206.jpg
281437797_282924701_0,281437797,282924701,0,0,10.309410545834918,123.89363936962039,39.77590846876893,data\road_images\281437797_282924701_0\0_40.jpg
281437797_773093506_0,281437797,773093506,0,0,10.308222189982134,123.89382219146265,164.183907154846,data\road_images\281437797_773093506_0\0_164.jpg
281437797_1685351613_0,281437797,1685351613,0,0,10.309255169638126,123.8934521331902,240.65283508900126,data\road_images\281437797_1685351613_0\0_241.jpg
281440726_282920167_0,281440726,282920167,0,0,10.31962485,123.90215375,61.793317173354126,data\road_images\281440726_282920167_0\0_62.jpg
281440726_1101216255_0,281440726,1101216255,0,0,10.3193376,123.90159650000001,242.86076889370923,data\road_images\281440726_1101216255_0\0_243.jpg
281440726_470965743_0,281440726,470965743,0,0,10.320158750000001,123.9015301,332.4884130997574,data\road_images\281440726_470965743_0\0_332.jpg
281440726_281440730_0,281440726,281440730,0,0,10.319003949999999,123.90212460000001,154.06489002938713,data\road_images\281440726_281440730_0\0_154.jpg
281440730_281440726_0,281440730,281440726,0,0,10.319003949999999,123.90212460000001,334.0649750796389,data\road_images\281440730_281440726_0\0_334.jpg
281440730_282920168_0,281440730,282920168,0,0,10.318668200000001,123.90264404999999,62.492035323710354,data\road_images\281440730_282920168_0\0_62.jpg
281440730_282920166_0,281440730,282920166,0,0,10.318226150000001,123.90251409999999,153.3017868362665,data\road_images\281440730_282920166_0\0_153.jpg
281440730_1101216247_0,281440730,1101216247,0,0,10.318377550000001,123.90208394999999,241.88600992764037,data\road_images\281440730_1101216247_0\0_242.jpg
281440732_1101216290_0,281440732,1101216290,0,0,10.3177405,123.90085825,62.968243716592895,data\road_images\281440732_1101216290_0\0_63.jpg
281440732_1099182500_0,281440732,1099182500,0,0,10.3177099,123.9003763,332.3153745121566,data\road_images\281440732_1099182500_0\0_332.jpg
281440732_2126271267_0,281440732,2126271267,0,0,10.31741985,123.90052750000001,153.577194920666,data\road_images\281440732_2126271267_0\0_154.jpg
281440735_282920168_0,281440735,282920168,0,0,10.31877815,123.90298785,299.6274335221326,data\road_images\281440735_282920168_0\0_300.jpg
281440735_282920166_0,281440735,282920166,0,0,10.318335650575808,123.9028588599604,204.83575095196534,data\road_images\281440735_282920166_0\0_205.jpg
281440735_470965749_0,281440735,470965749,0,0,10.318963145169356,123.90315322233799,25.122112791254608,data\road_images\281440735_470965749_0\0_25.jpg
281446231_666178883_0,281446231,666178883,0,0,10.3098732,123.89436265,163.03856444725193,data\road_images\281446231_666178883_0\0_163.jpg
281446231_280332573_0,281446231,280332573,0,0,10.30981304852509,123.89402113778625,281.2848032175899,data\road_images\281446231_280332573_0\0_281.jpg
281446231_321793611_0,281446231,321793611,0,0,10.31008063062142,123.89487993581044,71.17594984814662,data\road_images\281446231_321793611_0\0_71.jpg
281446236_5944043901_0,281446236,5944043901,0,0,10.304756699999999,123.8981572,177.34671307215433,data\road_images\281446236_5944043901_0\0_177.jpg
281446236_1093749970_0,281446236,1093749970,0,0,10.30478675,123.89821950000001,129.00369853728586,data\road_images\281446236_1093749970_0\0_129.jpg
281446236_5799643979_0,281446236,5799643979,0,0,10.30496925,123.8980611,325.0412709059629,data\road_images\281446236_5799643979_0\0_325.jpg
281446238_5798088957_0,281446238,5798088957,0,0,10.3017072,123.89836905,149.7661933652255,data\road_images\281446238_5798088957_0\0_150.jpg
281446238_1093752869_0,281446238,1093752869,0,0,10.30222195,123.8982405,0.7550682275942222,data\road_images\281446238_1093752869_0\0_1.jpg
281446238_5774203485_0,281446238,5774203485,0,0,10.30218277560825,123.89810029742019,331.9667746733403,data\road_images\281446238_5774203485_0\0_332.jpg
281446240_660720829_0,281446240,660720829,0,0,10.29855380948955,123.8991067431738,246.49268872102536,data\road_images\281446240_660720829_0\0_246.jpg
281446240_318387345_0,281446240,318387345,0,0,10.298245265641357,123.90029690829529,151.91636884587467,data\road_images\281446240_318387345_0\0_152.jpg
281446240_482224051_0,281446240,482224051,0,0,10.299118320813113,123.9008157685465,79.23369350959581,data\road_images\281446240_482224051_0\0_79.jpg
281446240_1093750377_0,281446240,1093750377,0,0,10.29957209801092,123.89955256214729,330.33862652348097,data\road_images\281446240_1093750377_0\0_330.jpg
281446244_1093748519_0,281446244,1093748519,0,0,10.295937146759599,123.89290271393936,140.73681732271803,data\road_images\281446244_1093748519_0\0_141.jpg
281446244_5771168179_0,281446244,5771168179,0,0,10.297120950635879,123.89223225315865,327.25842393313025,data\road_images\281446244_5771168179_0\0_327.jpg
281446244_1093748555_0,281446244,1093748555,0,0,10.296461884999188,123.89310390452947,73.91829016326312,data\road_images\281446244_1093748555_0\0_74.jpg
281446251_281446253_0,281446251,281446253,0,0,10.29344025,123.8978482,166.5942870958405,data\road_images\281446251_281446253_0\0_167.jpg
281446251_317773492_0,281446251,317773492,0,0,10.293726853775713,123.89794984813376,63.281328547972976,data\road_images\281446251_317773492_0\0_63.jpg
281446251_601834686_0,281446251,601834686,0,0,10.293581141967257,123.8975143019936,255.86928720133565,data\road_images\281446251_601834686_0\0_256.jpg
281446253_281446254_0,281446253,281446254,0,0,10.29331415,123.89834325000001,79.00703625753414,data\road_images\281446253_281446254_0\0_79.jpg
281446253_601834751_0,281446253,601834751,0,0,10.292846437912486,123.89800230516884,165.1666480628653,data\road_images\281446253_601834751_0\0_165.jpg
281446253_281446251_0,281446253,281446251,0,0,10.29344025,123.8978482,346.5943053579199,data\road_images\281446253_281446251_0\0_347.jpg
281446254_601834777_0,281446254,601834777,0,0,10.2932736,123.89922225000001,106.32826859954446,data\road_images\281446254_601834777_0\0_106.jpg
281446254_380438497_0,281446254,380438497,0,0,10.292874650000002,123.8986314,196.296210818498,data\road_images\281446254_380438497_0\0_196.jpg
281446254_281446253_0,281446254,281446253,0,0,10.29331415,123.89834325000001,259.0071949140537,data\road_images\281446254_281446253_0\0_259.jpg
281446254_317773490_0,281446254,317773490,0,0,10.29386835,123.8989163,15.143399434139155,data\road_images\281446254_317773490_0\0_15.jpg
281446255_281446257_0,281446255,281446257,0,0,10.292530750000001,123.9002241,193.21844025605222,data\road_images\281446255_281446257_0\0_193.jpg
281446255_317773496_0,281446255,317773496,0,0,10.293490453829193,123.90047593638921,15.467524962479729,data\road_images\281446255_317773496_0\0_15.jpg
281446255_601834777_0,281446255,601834777,0,0,10.29305185,123.8999914,286.336116530177,data\road_images\281446255_601834777_0\0_286.jpg
281446257_601834715_0,281446257,601834715,0,0,10.292047400000001,123.89985759999999,257.33801447543465,data\road_images\281446257_601834715_0\0_257.jpg
281446257_324580721_0,281446257,324580721,0,0,10.292222080813481,123.90060703347757,76.1991282135329,data\road_images\281446257_324580721_0\0_76.jpg
281446257_281446255_0,281446257,281446255,0,0,10.292530750000001,123.9002241,13.218404020991784,data\road_images\281446257_281446255_0\0_13.jpg
281446259_1093752676_0,281446259,1093752676,0,0,10.2922589,123.90207825,203.33345227405553,data\road_images\281446259_1093752676_0\0_203.jpg
281446259_281446260_0,281446259,281446260,0,0,10.292489040388471,123.90264134609158,112.46053575453328,data\road_images\281446259_281446260_0\0_112.jpg
281446259_324580721_0,281446259,324580721,0,0,10.29249407224064,123.90167006543892,254.84751488630238,data\road_images\281446259_324580721_0\0_255.jpg
281446259_5709847586_0,281446259,5709847586,0,0,10.293004468405506,123.90242407423784,25.74076539841718,data\road_images\281446259_5709847586_0\0_26.jpg
281446260_529894731_0,281446260,529894731,0,0,10.292168770267812,123.90343131560076,111.75708967210579,data\road_images\281446260_529894731_0\0_112.jpg
281446260_281446259_0,281446260,281446259,0,0,10.292489040388471,123.90264134609158,292.460675923723,data\road_images\281446260_281446259_0\0_292.jpg
281446260_529894729_0,281446260,529894729,0,0,10.292703820555197,123.90318837054464,23.19818203471857,data\road_images\281446260_529894729_0\0_23.jpg
281446261_11507872403_0,281446261,11507872403,0,0,10.293820023179487,123.90386893244631,114.68365837893856,data\road_images\281446261_11507872403_0\0_115.jpg
281446261_11507872404_0,281446261,11507872404,0,0,10.293991553563085,123.90381874256155,25.235839455017242,data\road_images\281446261_11507872404_0\0_25.jpg
281446261_317773501_0,281446261,317773501,0,0,10.294035264896298,123.90338748602454,294.5206581271524,data\road_images\281446261_317773501_0\0_295.jpg
281446261_529894729_0,281446261,529894729,0,0,10.293468651152505,123.90356208372077,206.45374547706066,data\road_images\281446261_529894729_0\0_206.jpg
281446262_956663876_0,281446262,956663876,0,0,10.293520099999999,123.90457054999999,109.77492576254798,data\road_images\281446262_956663876_0\0_110.jpg
281446262_11507872403_0,281446262,11507872403,0,0,10.2936517,123.90425565,293.4302071224335,data\road_images\281446262_11507872403_0\0_293.jpg
281446262_601834678_0,281446262,601834678,0,0,10.29314664324598,123.9043533416951,204.7408540602136,data\road_images\281446262_601834678_0\0_205.jpg
281446262_900137905_0,281446262,900137905,0,0,10.29386371799464,123.90468640490353,24.707595229761182,data\road_images\281446262_900137905_0\0_25.jpg
281446264_8595182637_0,281446264,8595182637,0,0,10.29455655,123.9050216,219.43271688707424,data\road_images\281446264_8595182637_0\0_219.jpg
281446264_922246557_0,281446264,922246557,0,0,10.294742665613763,123.90511000141797,21.882552881116737,data\road_images\281446264_922246557_0\0_22.jpg
281446264_8595182638_0,281446264,8595182638,0,0,10.29453535,123.90505909999999,166.73871226350434,data\road_images\281446264_8595182638_0\0_167.jpg
281446266_940959696_0,281446266,940959696,0,0,10.2933787,123.9069973,29.642031949830198,data\road_images\281446266_940959696_0\0_30.jpg
281446266_444805371_0,281446266,444805371,0,0,10.293145016577549,123.90731544516832,118.13410464960833,data\road_images\281446266_444805371_0\0_118.jpg
281446266_940960085_0,281446266,940960085,0,0,10.293552,123.9065411,298.47372878746955,data\road_images\281446266_940960085_0\0_298.jpg
282920166_281440730_0,282920166,281440730,0,0,10.318226150000001,123.90251409999999,333.30184132306584,data\road_images\282920166_281440730_0\0_333.jpg
282920166_281440735_0,282920166,281440735,0,0,10.318335650575808,123.9028588599604,24.835682278440345,data\road_images\282920166_281440735_0\0_25.jpg
282920166_648112558_0,282920166,648112558,0,0,10.31785630586639,123.90263253751765,204.6028429862509,data\road_images\282920166_648112558_0\0_205.jpg
282920167_281440726_0,282920167,281440726,0,0,10.31962485,123.90215375,241.79341267257956,data\road_images\282920167_281440726_0\0_242.jpg
282920167_1101216373_0,282920167,1101216373,0,0,10.319916800000001,123.90271725,62.620696041576025,data\road_images\282920167_1101216373_0\0_63.jpg
282920167_1101216345_0,282920167,1101216345,0,0,10.32044295,123.9020649,332.7005960302965,data\road_images\282920167_1101216345_0\0_333.jpg
282920167_282920168_0,282920167,282920168,0,0,10.31929250830194,123.90267998777983,152.42325306597365,data\road_images\282920167_282920168_0\0_152.jpg
282920168_281440735_0,282920168,281440735,0,0,10.31877815,123.90298785,119.62741140042795,data\road_images\282920168_281440735_0\0_120.jpg
282920168_282920167_0,282920168,282920167,0,0,10.31929250830194,123.90267998777983,332.42334367168144,data\road_images\282920168_282920167_0\0_332.jpg
282920168_281440730_0,282920168,281440730,0,0,10.318668200000001,123.90264404999999,242.49213636692338,data\road_images\282920168_281440730_0\0_242.jpg
282921471_1093748492_0,282921471,1093748492,0,0,10.29520185540764,123.89595219312578,246.49602658406465,data\road_images\282921471_1093748492_0\0_246.jpg
282921471_281418213_0,282921471,281418213,0,0,10.296388803470466,123.89627341204428,344.16890580402077,data\road_images\282921471_281418213_0\0_344.jpg
282921471_8404007219_0,282921471,8404007219,0,0,10.295782143947793,123.89724274995595,65.18163256474134,data\road_images\282921471_8404007219_0\0_65.jpg
282921471_1093748502_0,282921471,1093748502,0,0,10.29579882706841,123.89575134026568,293.3767131188227,data\road_images\282921471_1093748502_0\0_293.jpg
282921471_1093749055_0,282921471,1093749055,0,0,10.294989191581339,123.89665646569185,166.42224142232328,data\road_images\282921471_1093749055_0\0_166.jpg
282921471_317773494_0,282921471,317773494,0,0,10.295182621175544,123.89717590935284,114.17401444103928,data\road_images\282921471_317773494_0\0_114.jpg
282924701_666178883_0,282924701,666178883,0,0,10.309735151695927,123.89401630228726,63.94247124287415,data\road_images\282924701_666178883_0\0_64.jpg
282924701_280332573_0,282924701,280332573,0,0,10.309767488666386,123.89379375672692,5.848025066877653,data\road_images\282924701_280332573_0\0_6.jpg
282924701_281437797_0,282924701,281437797,0,0,10.309410545834918,123.89363936962039,219.77594005585925,data\road_images\282924701_281437797_0\0_220.jpg
304727897_324580402_0,304727897,324580402,0,0,10.298281996778577,123.90901512572948,291.83687628230035,data\road_images\304727897_324580402_0\0_292.jpg
304727897_660720837_0,304727897,660720837,0,0,10.297250309306579,123.90914297031702,207.52462774978838,data\road_images\304727897_660720837_0\0_208.jpg
304727897_600288667_0,304727897,600288667,0,0,10.299400112535409,123.91026632919588,26.46861384052727,data\road_images\304727897_600288667_0\0_26.jpg
316817927_321793587_0,316817927,321793587,0,0,10.31573665,123.88957020000001,71.47298077862132,data\road_images\316817927_321793587_0\0_71.jpg
316817927_321793615_0,316817927,321793615,0,0,10.314955189673944,123.88959074678378,161.3093476864035,data\road_images\316817927_321793615_0\0_161.jpg
316824559_5727256342_0,316824559,5727256342,0,0,10.325221611450457,123.89724543876738,218.54362057958264,data\road_images\316824559_5727256342_0\0_219.jpg
316824559_8314512968_0,316824559,8314512968,0,0,10.324426281880823,123.89828457190339,168.39197606209098,data\road_images\316824559_8314512968_0\0_168.jpg
316824559_1102906723_0,316824559,1102906723,0,0,10.325444842255708,123.89909451875184,86.78384883798509,data\road_images\316824559_1102906723_0\0_87.jpg
316824560_280324156_0,316824560,280324156,0,0,10.319233966406204,123.89961667080208,154.94621117594238,data\road_images\316824560_280324156_0\0_155.jpg
316824560_2126359433_0,316824560,2126359433,0,0,10.320667610425328,123.8991289081105,347.1976481707938,data\road_images\316824560_2126359433_0\0_347.jpg
316824560_1099182510_0,316824560,1099182510,0,0,10.319795841131285,123.89909636189452,241.8187520900323,data\road_images\316824560_1099182510_0\0_242.jpg
316824560_1101216305_0,316824560,1101216305,0,0,10.3200865,123.89967285,62.94220222060085,data\road_images\316824560_1101216305_0\0_63.jpg
316824561_937431032_0,316824561,937431032,0,0,10.32067605,123.91075855,238.46611794525955,data\road_images\316824561_937431032_0\0_238.jpg
316824561_444383152_0,316824561,444383152,0,0,10.3211902093018,123.91049480367595,329.1003142657438,data\road_images\316824561_444383152_0\0_329.jpg
316824561_6351608155_0,316824561,6351608155,0,0,10.32065215,123.91081715,149.52381953152758,data\road_images\316824561_6351608155_0\0_150.jpg
316824561_6351608156_0,316824561,6351608156,0,0,10.32070369090534,123.91085220119083,82.41925946409265,data\road_images\316824561_6351608156_0\0_82.jpg
316985224_317764268_0,316985224,317764268,0,0,10.3016361,123.91026335000001,145.72320104450063,data\road_images\316985224_317764268_0\0_146.jpg
316985224_324580518_0,316985224,324580518,0,0,10.301901118429434,123.9096451570454,281.2831068044811,data\road_images\316985224_324580518_0\0_281.jpg
316985224_1093750770_0,316985224,1093750770,0,0,10.301438649443643,123.91006437011278,216.58045675932263,data\road_images\316985224_1093750770_0\0_217.jpg
316985224_1093752705_0,316985224,1093752705,0,0,10.302127034965524,123.91078525856099,49.367665755716985,data\road_images\316985224_1093752705_0\0_49.jpg
317000951_1093750805_0,317000951,1093750805,0,0,10.3019406,123.90694565,87.25794947625207,data\road_images\317000951_1093750805_0\0_87.jpg
317000951_1093750766_0,317000951,1093750766,0,0,10.30160459709433,123.90655666032724,183.26915900555431,data\road_images\317000951_1093750766_0\0_183.jpg
317000951_1093752459_0,317000951,1093752459,0,0,10.30189271951413,123.90599876523503,266.841109528231,data\road_images\317000951_1093752459_0\0_267.jpg
317000951_622267606_0,317000951,622267606,0,0,10.302356942801657,123.90652093344072,353.0623995577058,data\road_images\317000951_622267606_0\0_353.jpg
317000954_1093750607_0,317000954,1093750607,0,0,10.305812249999999,123.90610799999999,177.22793501839453,data\road_images\317000954_1093750607_0\0_177.jpg
317000954_622267614_0,317000954,622267614,0,0,10.306178926654495,123.90617143511774,2.8883871740499103,data\road_images\317000954_622267614_0\0_3.jpg
317000954_8386759449_0,317000954,8386759449,0,0,10.306145859462935,123.90606258885069,351.9219188717477,data\road_images\317000954_8386759449_0\0_352.jpg
317003680_960111220_0,317003680,960111220,0,0,10.31661445,123.8919898,341.11403095143277,data\road_images\317003680_960111220_0\0_341.jpg
317003680_5799338600_0,317003680,5799338600,0,0,10.3166511,123.89222620000001,69.95726160478529,data\road_images\317003680_5799338600_0\0_70.jpg
317003680_321793601_0,317003680,321793601,0,0,10.316493297871158,123.89178364163926,250.0818457681674,data\road_images\317003680_321793601_0\0_250.jpg
317003680_10677734240_0,317003680,10677734240,0,0,10.315869287369763,123.89224510552363,161.4084296754969,data\road_images\317003680_10677734240_0\0_161.jpg
317003682_5799338559_0,317003682,5799338559,0,0,10.3180725,123.89145844999999,159.18391793748538,data\road_images\317003682_5799338559_0\0_159.jpg
317003682_1099182214_0,317003682,1099182214,0,0,10.318447310157389,123.89162717293273,47.04956509565682,data\road_images\317003682_1099182214_0\0_47.jpg
317003686_1099182229_0,317003686,1099182229,0,0,10.320332674886652,123.89084908017487,340.59007354443025,data\road_images\317003686_1099182229_0\0_341.jpg
317003686_1099182214_0,317003686,1099182214,0,0,10.318757231905161,123.89182562778343,171.74982037379846,data\road_images\317003686_1099182214_0\0_172.jpg
317003686_1099182220_0,317003686,1099182220,0,0,10.319208494933442,123.89178671470552,348.69951901202074,data\road_images\317003686_1099182220_0\0_349.jpg
317764268_316985224_0,317764268,316985224,0,0,10.3016361,123.91026335000001,325.7232078570919,data\road_images\317764268_316985224_0\0_326.jpg
317764268_5797815856_0,317764268,5797815856,0,0,10.302070244378193,123.91082937983718,49.78296893820658,data\road_images\317764268_5797815856_0\0_50.jpg
317764268_324580402_0,317764268,324580402,0,0,10.300062518116443,123.90932643153506,209.67110438460753,data\road_images\317764268_324580402_0\0_210.jpg
317764268_600288667_0,317764268,600288667,0,0,10.301202916657525,123.91061415219218,141.6276005427933,data\road_images\317764268_600288667_0\0_142.jpg
317773457_5799643974_0,317773457,5799643974,0,0,10.30509865,123.8996165,256.4399560768636,data\road_images\317773457_5799643974_0\0_256.jpg
317773457_318387211_0,317773457,318387211,0,0,10.305910163271491,123.89981063202355,353.8733855676349,data\road_images\317773457_318387211_0\0_354.jpg
317773457_1093749988_0,317773457,1093749988,0,0,10.304689794365157,123.89991888242871,170.82226456452133,data\road_images\317773457_1093749988_0\0_171.jpg
317773490_281446254_0,317773490,281446254,0,0,10.29386835,123.8989163,195.14344557370373,data\road_images\317773490_281446254_0\0_195.jpg
317773490_317773494_0,317773490,317773494,0,0,10.294619748536615,123.89842854933487,294.92551754558497,data\road_images\317773490_317773494_0\0_295.jpg
317773490_317773492_0,317773490,317773492,0,0,10.294043967746845,123.89859245138807,240.0169545336561,data\road_images\317773490_317773492_0\0_240.jpg
317773490_601834684_0,317773490,601834684,0,0,10.294305897106819,123.89951064299127,98.07294460433837,data\road_images\317773490_601834684_0\0_98.jpg
317773490_317773495_0,317773490,317773495,0,0,10.29503636809434,123.89925602964783,18.128223168126965,data\road_images\317773490_317773495_0\0_18.jpg
317773492_317773490_0,317773492,317773490,0,0,10.294043967746845,123.89859245138807,60.0167860549476,data\road_images\317773492_317773490_0\0_60.jpg
317773492_281446251_0,317773492,281446251,0,0,10.293726853775713,123.89794984813376,243.28138313899092,data\road_images\317773492_281446251_0\0_243.jpg
317773492_317773494_0,317773492,317773494,0,0,10.29435215477135,123.89795716804142,345.40631850553825,data\road_images\317773492_317773494_0\0_345.jpg
317773494_317773492_0,317773494,317773492,0,0,10.29435215477135,123.89795716804142,165.40626652017045,data\road_images\317773494_317773492_0\0_165.jpg
317773494_282921471_0,317773494,282921471,0,0,10.295182621175544,123.89717590935284,294.1742417007685,data\road_images\317773494_282921471_0\0_294.jpg
317773494_317773490_0,317773494,317773490,0,0,10.294619748536615,123.89842854933487,114.92529707129927,data\road_images\317773494_317773490_0\0_115.jpg
317773494_5768688016_0,317773494,5768688016,0,0,10.295437998778688,123.89794210839311,15.104975975251875,data\road_images\317773494_5768688016_0\0_15.jpg
317773495_317773490_0,317773495,317773490,0,0,10.29503636809434,123.89925602964783,198.12830523489768,data\road_images\317773495_317773490_0\0_198.jpg
317773495_601834856_0,317773495,601834856,0,0,10.295535085830698,123.89990609239354,114.59075057238852,data\road_images\317773495_601834856_0\0_115.jpg
317773495_8696673067_0,317773495,8696673067,0,0,10.295934279560893,123.89900672016698,294.95699697533706,data\road_images\317773495_8696673067_0\0_295.jpg
317773495_497829484_0,317773495,497829484,0,0,10.29599042314179,123.89975035978357,42.30201681350417,data\road_images\317773495_497829484_0\0_42.jpg
317773496_601834684_0,317773496,601834684,0,0,10.294117187143517,123.90029699641565,285.81471908407974,data\road_images\317773496_601834684_0\0_286.jpg
317773496_317773499_0,317773496,317773499,0,0,10.29455531710378,123.90078315116165,16.306891925068896,data\road_images\317773496_317773499_0\0_16.jpg
317773496_318387273_0,317773496,318387273,0,0,10.2939340997797,123.9009539999386,105.81486271946312,data\road_images\317773496_318387273_0\0_106.jpg
317773496_281446255_0,317773496,281446255,0,0,10.293490453829193,123.90047593638921,195.4675787304469,data\road_images\317773496_281446255_0\0_195.jpg
317773499_324580433_0,317773499,324580433,0,0,10.294955649999999,123.90123904999999,113.7973594169348,data\road_images\317773499_324580433_0\0_114.jpg
317773499_1093752053_0,317773499,1093752053,0,0,10.295133799999999,123.90083005,294.0968195010762,data\road_images\317773499_1093752053_0\0_294.jpg
317773499_317773496_0,317773499,317773496,0,0,10.29455531710378,123.90078315116165,196.30694821831625,data\road_images\317773499_317773496_0\0_196.jpg
317773501_5709847586_0,317773501,5709847586,0,0,10.2937822714652,123.90280583090036,206.00063495966182,data\road_images\317773501_5709847586_0\0_206.jpg
317773501_281446261_0,317773501,281446261,0,0,10.294035264896298,123.90338748602454,114.52052510301695,data\road_images\317773501_281446261_0\0_115.jpg
317773501_324580433_0,317773501,324580433,0,0,10.29451294304108,123.90227536038907,293.2030782425784,data\road_images\317773501_324580433_0\0_293.jpg
317773501_916546281_0,317773501,916546281,0,0,10.294544429574733,123.90318193310891,25.670817048775064,data\road_images\317773501_916546281_0\0_26.jpg
317773508_1093752138_0,317773508,1093752138,0,0,10.29555535,123.90385599999999,115.79594201556489,data\road_images\317773508_1093752138_0\0_116.jpg
317773508_916546281_0,317773508,916546281,0,0,10.29526955228547,123.90349931334563,201.20459823878565,data\road_images\317773508_916546281_0\0_201.jpg
317773508_922246548_0,317773508,922246548,0,0,10.296062138474262,123.90285761339369,293.37252096927796,data\road_images\317773508_922246548_0\0_293.jpg
317773508_1093752384_0,317773508,1093752384,0,0,10.295914556597234,123.90386723867586,30.662215097088392,data\road_images\317773508_1093752384_0\0_31.jpg
317773508_1093752406_0,317773508,1093752406,0,0,10.296003122436824,123.90364567092793,4.1384558745630216,data\road_images\317773508_1093752406_0\0_4.jpg
317773511_318387267_0,317773511,318387267,0,0,10.297059877341859,123.9029850452929,260.0925451807745,data\road_images\317773511_318387267_0\0_260.jpg
317773511_1093752406_0,317773511,1093752406,0,0,10.296781451390578,123.90376133986825,187.68606724865947,data\road_images\317773511_1093752406_0\0_188.jpg
317773511_317773514_0,317773511,317773514,0,0,10.297560047776171,123.90377738103206,353.4257140519612,data\road_images\317773511_317773514_0\0_353.jpg
317773511_1093752352_0,317773511,1093752352,0,0,10.29714240742479,123.90409569854249,104.04577285007997,data\road_images\317773511_1093752352_0\0_104.jpg
317773514_5807246178_0,317773514,5807246178,0,0,10.2979913,123.90372685,353.3994884452679,data\road_images\317773514_5807246178_0\0_353.jpg
317773514_317773511_0,317773514,317773511,0,0,10.297560047776171,123.90377738103206,173.42569910759505,data\road_images\317773514_317773511_0\0_173.jpg
317773514_5807246177_0,317773514,5807246177,0,0,10.2979135,123.9034906,269.19195434659093,data\road_images\317773514_5807246177_0\0_269.jpg
317773521_8323856193_0,317773521,8323856193,0,0,10.29894925,123.90313800000001,271.3843814822873,data\road_images\317773521_8323856193_0\0_271.jpg
317773521_660735267_0,317773521,660735267,0,0,10.298705,123.90354855000001,153.09281451218249,data\road_images\317773521_660735267_0\0_153.jpg
317773521_317773524_0,317773521,317773524,0,0,10.299339017521278,123.90325758325825,346.24838922912306,data\road_images\317773521_317773524_0\0_346.jpg
317773524_1093752273_0,317773524,1093752273,0,0,10.2998209,123.90352784999999,81.10429815664702,data\road_images\317773524_1093752273_0\0_81.jpg
317773524_1093750319_0,317773524,1093750319,0,0,10.29974525,123.90292385000001,264.4707015018142,data\road_images\317773524_1093750319_0\0_264.jpg
317773524_317773521_0,317773524,317773521,0,0,10.299339017521278,123.90325758325825,166.2483522729931,data\road_images\317773524_317773521_0\0_166.jpg
317773524_317773525_0,317773524,317773525,0,0,10.300076488963423,123.90312886303997,343.6288300040414,data\road_images\317773524_317773525_0\0_344.jpg
317773525_921143233_0,317773525,921143233,0,0,10.300393074906953,123.90281404660568,271.63415269895967,data\road_images\317773525_921143233_0\0_272.jpg
317773525_317773524_0,317773525,317773524,0,0,10.300076488963423,123.90312886303997,163.6287976405671,data\road_images\317773525_317773524_0\0_164.jpg
317773525_482224018_0,317773525,482224018,0,0,10.300336049999999,123.90340665,96.85395755937907,data\road_images\317773525_482224018_0\0_97.jpg
317773525_8323856659_0,317773525,8323856659,0,0,10.300880828031184,123.90281837490525,333.513273619411,data\road_images\317773525_8323856659_0\0_334.jpg
317773530_5797116224_0,317773530,5797116224,0,0,10.29964515,123.89696125,62.453740951087184,data\road_images\317773530_5797116224_0\0_62.jpg
317773530_912971884_0,317773530,912971884,0,0,10.299561943122745,123.89679900352102,242.5085427493354,data\road_images\317773530_912971884_0\0_243.jpg
317773530_5774188108_0,317773530,5774188108,0,0,10.299727371623966,123.89680339906886,341.8363763178849,data\road_images\317773530_5774188108_0\0_342.jpg
317773530_5797116226_0,317773530,5797116226,0,0,10.299435126074558,123.89690404944827,161.44126582248578,data\road_images\317773530_5797116226_0\0_161.jpg
317773531_5796546994_0,317773531,5796546994,0,0,10.300596815222608,123.89878421317194,241.357639418433,data\road_images\317773531_5796546994_0\0_241.jpg
317773531_1093750411_0,317773531,1093750411,0,0,10.300765166847413,123.89908769045513,60.066637938855195,data\road_images\317773531_1093750411_0\0_60.jpg
317773531_1093750377_0,317773531,1093750377,0,0,10.300468300599906,123.89903982175123,152.3457123927035,data\road_images\317773531_1093750377_0\0_152.jpg
317773531_5798088957_0,317773531,5798088957,0,0,10.301080584582229,123.89871753719092,332.50374964621295,data\road_images\317773531_5798088957_0\0_333.jpg
318314962_281418180_0,318314962,281418180,0,0,10.31605325,123.8905306,71.4965755573088,data\road_images\318314962_281418180_0\0_71.jpg
318314962_321793619_0,318314962,321793619,0,0,10.3152635,123.89050230000001,160.31873644994255,data\road_images\318314962_321793619_0\0_160.jpg
318314962_321793587_0,318314962,321793587,0,0,10.315885649999998,123.890022,251.46368653850868,data\road_images\318314962_321793587_0\0_251.jpg
318314962_960111215_0,318314962,960111215,0,0,10.316057749999999,123.89021355,340.3219306722922,data\road_images\318314962_960111215_0\0_340.jpg
318314963_318314966_0,318314963,318314966,0,0,10.316931945931382,123.88886135364312,254.79085355238828,data\road_images\318314963_318314966_0\0_255.jpg
318314963_4759260970_0,318314963,4759260970,0,0,10.317423080093757,123.8897292707716,347.8791743937837,data\road_images\318314963_4759260970_0\0_348.jpg
318314963_960111215_0,318314963,960111215,0,0,10.31665511851167,123.88999638369923,156.43095221610508,data\road_images\318314963_960111215_0\0_156.jpg
318314964_1138893965_0,318314964,1138893965,0,0,10.315520700894414,123.88467002099435,247.76669142606312,data\road_images\318314964_1138893965_0\0_248.jpg
318314964_1138893962_0,318314964,1138893962,0,0,10.315922205015754,123.88593669820185,69.97858997799176,data\road_images\318314964_1138893962_0\0_70.jpg
318314964_1138894632_0,318314964,1138894632,0,0,10.316151351209703,123.88532955621152,349.15184705549507,data\road_images\318314964_1138894632_0\0_349.jpg
318314964_1138895104_0,318314964,1138895104,0,0,10.31478637813677,123.88560557798,168.1127833124283,data\road_images\318314964_1138895104_0\0_168.jpg
318314965_1138894228_0,318314965,1138894228,0,0,10.323051,123.8838366,346.781039729281,data\road_images\318314965_1138894228_0\0_347.jpg
318314965_1138894938_0,318314965,1138894938,0,0,10.323022524363259,123.88428488481036,75.9817018542048,data\road_images\318314965_1138894938_0\0_76.jpg
318314965_5911884049_0,318314965,5911884049,0,0,10.322445047033852,123.88396673569129,168.44214292450715,data\road_images\318314965_5911884049_0\0_168.jpg
318314966_1138893960_0,318314966,1138893960,0,0,10.3165653,123.88777025,250.2307533992641,data\road_images\318314966_1138893960_0\0_250.jpg
318314966_1138894695_0,318314966,1138894695,0,0,10.31724827828823,123.8878109281044,344.23630243533404,data\road_images\318314966_1138894695_0\0_344.jpg
318314966_1138895065_0,318314966,1138895065,0,0,10.316426261883171,123.88803832354104,174.51022479727942,data\road_images\318314966_1138895065_0\0_175.jpg
318314966_318314963_0,318314966,318314963,0,0,10.316931945931382,123.88886135364312,74.79053811754562,data\road_images\318314966_318314963_0\0_75.jpg
318314967_5846440304_0,318314967,5846440304,0,0,10.3191343,123.8873076,165.45709543254918,data\road_images\318314967_5846440304_0\0_165.jpg
318314967_318377390_0,318314967,318377390,0,0,10.3190269,123.8867775,253.89188570581535,data\road_images\318314967_318377390_0\0_254.jpg
318314967_1138894730_0,318314967,1138894730,0,0,10.31984961762399,123.88680379498311,320.41102644649675,data\road_images\318314967_1138894730_0\0_320.jpg
318314968_318377394_0,318314968,318377394,0,0,10.318544450000001,123.88506835,73.28976954129746,data\road_images\318314968_318377394_0\0_73.jpg
318314968_12293210075_0,318314968,12293210075,0,0,10.3184875,123.88480755,349.2974316032814,data\road_images\318314968_12293210075_0\0_349.jpg
318314968_1138894444_0,318314968,1138894444,0,0,10.3180286348426,123.88490494544449,167.62396342862394,data\road_images\318314968_1138894444_0\0_168.jpg
318377379_318377392_0,318377379,318377392,0,0,10.31667195,123.88687035,344.56434349463234,data\road_images\318377379_318377392_0\0_345.jpg
318377379_1138893960_0,318377379,1138893960,0,0,10.3163897,123.88726299999999,70.91256589590989,data\road_images\318377379_1138893960_0\0_71.jpg
318377379_1138893962_0,318377379,1138893962,0,0,10.3162015,123.88671969999999,250.26036405267686,data\road_images\318377379_1138893962_0\0_250.jpg
318377390_318314967_0,318377390,318314967,0,0,10.3190269,123.8867775,73.89169959084677,data\road_images\318377390_318314967_0\0_74.jpg
318377390_1138894678_0,318377390,1138894678,0,0,10.3185713,123.88635055,163.5308684547399,data\road_images\318377390_1138894678_0\0_164.jpg
318377390_1138894687_0,318377390,1138894687,0,0,10.319440617509468,123.88610269824136,338.9721264971181,data\road_images\318377390_1138894687_0\0_339.jpg
318377390_1138894690_0,318377390,1138894690,0,0,10.31879859268997,123.88596878817518,254.1556450062629,data\road_images\318377390_1138894690_0\0_254.jpg
318377392_1138894672_0,318377392,1138894672,0,0,10.3173547,123.88668845000001,346.2565137231633,data\road_images\318377392_1138894672_0\0_346.jpg
318377392_318377379_0,318377392,318377379,0,0,10.31667195,123.88687035,164.56430533088349,data\road_images\318377392_318377379_0\0_165.jpg
318377392_1138894670_0,318377392,1138894670,0,0,10.31712235,123.88702515,74.61525075185534,data\road_images\318377392_1138894670_0\0_75.jpg
318377392_1138894671_0,318377392,1138894671,0,0,10.316818371193095,123.88593961449676,285.2813610858666,data\road_images\318377392_1138894671_0\0_285.jpg
318377394_1138894674_0,318377394,1138894674,0,0,10.31830665,123.8853885,168.8251229174698,data\road_images\318377394_1138894674_0\0_169.jpg
318377394_1138894690_0,318377394,1138894690,0,0,10.318669100000001,123.88550255,74.37975459370477,data\road_images\318377394_1138894690_0\0_74.jpg
318377394_318314968_0,318377394,318314968,0,0,10.318544450000001,123.88506835,253.28986166298608,data\road_images\318377394_318314968_0\0_253.jpg
318387195_324580081_0,318387195,324580081,0,0,10.3058715,123.90128005,143.6210600190675,data\road_images\318387195_324580081_0\0_144.jpg
318387195_1093382450_0,318387195,1093382450,0,0,10.306180900000001,123.90102110000001,317.36980662888146,data\road_images\318387195_1093382450_0\0_317.jpg
318387195_5788163952_0,318387195,5788163952,0,0,10.307095657992221,123.90196362760697,21.415786806304084,data\road_images\318387195_5788163952_0\0_21.jpg
318387211_1093382446_0,318387211,1093382446,0,0,10.30663144935769,123.90021290995708,99.31992978822768,data\road_images\318387211_1093382446_0\0_99.jpg
318387211_1463271494_0,318387211,1463271494,0,0,10.306921712663708,123.89969603251836,356.45527287785694,data\road_images\318387211_1463271494_0\0_356.jpg
318387211_317773457_0,318387211,317773457,0,0,10.305910163271491,123.89981063202355,173.87335635265276,data\road_images\318387211_317773457_0\0_174.jpg
318387239_5768668624_0,318387239,5768668624,0,0,10.301715461002221,123.9013034967393,74.31954170363133,data\road_images\318387239_5768668624_0\0_74.jpg
318387239_8382791875_0,318387239,8382791875,0,0,10.301632552389313,123.90082321039161,347.2553218283162,data\road_images\318387239_8382791875_0\0_347.jpg
318387239_1093750331_0,318387239,1093750331,0,0,10.301180733278454,123.900974277738,153.12387898577936,data\road_images\318387239_1093750331_0\0_153.jpg
318387239_8498787530_0,318387239,8498787530,0,0,10.301491525934692,123.90055652262424,252.18538489446547,data\road_images\318387239_8498787530_0\0_252.jpg
318387254_921143233_0,318387254,921143233,0,0,10.300265762293389,123.90206659786118,75.40018439590176,data\road_images\318387254_921143233_0\0_75.jpg
318387254_1093750331_0,318387254,1093750331,0,0,10.300488850278903,123.9014051740736,335.7189324130768,data\road_images\318387254_1093750331_0\0_336.jpg
318387254_1093750333_0,318387254,1093750333,0,0,10.299894506037067,123.90159258771867,169.8545085059377,data\road_images\318387254_1093750333_0\0_170.jpg
318387260_482224047_0,318387260,482224047,0,0,10.298375296842522,123.90188157775889,345.9797248895466,data\road_images\318387260_482224047_0\0_346.jpg
318387260_318387345_0,318387260,318387345,0,0,10.297732197785221,123.90134421754473,262.4121573813842,data\road_images\318387260_318387345_0\0_262.jpg
318387260_2179444245_0,318387260,2179444245,0,0,10.297830765650485,123.90243754846227,84.29908384213195,data\road_images\318387260_2179444245_0\0_84.jpg
318387260_318387267_0,318387260,318387267,0,0,10.297355565162487,123.90210907015395,174.06900542004723,data\road_images\318387260_318387267_0\0_174.jpg
318387267_318387260_0,318387267,318387260,0,0,10.297355565162487,123.90210907015395,354.0690219729212,data\road_images\318387267_318387260_0\0_354.jpg
318387267_497829484_0,318387267,497829484,0,0,10.29675869136845,123.90102979571346,252.6638810732236,data\road_images\318387267_497829484_0\0_253.jpg
318387267_922246548_0,318387267,922246548,0,0,10.296634190336034,123.90208218691528,194.84852310131075,data\road_images\318387267_922246548_0\0_195.jpg
318387267_317773511_0,318387267,317773511,0,0,10.297059877341859,123.9029850452929,80.09224696932449,data\road_images\318387267_317773511_0\0_80.jpg
318387273_324580433_0,318387273,324580433,0,0,10.294334272999414,123.9014107793622,14.31373659388828,data\road_images\318387273_324580433_0\0_14.jpg
318387273_317773496_0,318387273,317773496,0,0,10.2939340997797,123.9009539999386,285.81497980244785,data\road_images\318387273_317773496_0\0_286.jpg
318387273_324580721_0,318387273,324580721,0,0,10.293098882545191,123.90108371342141,187.11681160059553,data\road_images\318387273_324580721_0\0_187.jpg
318387345_318387260_0,318387345,318387260,0,0,10.297732197785221,123.90134421754473,82.41190369920196,data\road_images\318387345_318387260_0\0_82.jpg
318387345_8696673073_0,318387345,8696673073,0,0,10.297288284092154,123.89995658197093,241.5558380896817,data\road_images\318387345_8696673073_0\0_242.jpg
318387345_281446240_0,318387345,281446240,0,0,10.298245265641357,123.90029690829529,331.91649221648663,data\road_images\318387345_281446240_0\0_332.jpg
321793506_321793615_0,321793506,321793615,0,0,10.3141726,123.88961905,70.58757110228481,data\road_images\321793506_321793615_0\0_71.jpg
321793506_321793722_0,321793506,321793722,0,0,10.314412004536711,123.8893034138625,342.15792172876013,data\road_images\321793506_321793722_0\0_342.jpg
321793506_321793511_0,321793506,321793511,0,0,10.313182232572784,123.88973288181707,160.9433385624127,data\road_images\321793506_321793511_0\0_161.jpg
321793511_321793593_0,321793511,321793593,0,0,10.3123384,123.89026584999999,70.28214514876277,data\road_images\321793511_321793593_0\0_70.jpg
321793511_1097698615_0,321793511,1097698615,0,0,10.31196475,123.8901557,160.84892885898864,data\road_images\321793511_1097698615_0\0_161.jpg
321793511_321793506_0,321793511,321793506,0,0,10.313182232572784,123.88973288181707,340.94345398210993,data\road_images\321793511_321793506_0\0_341.jpg
321793517_1332943592_0,321793517,1332943592,0,0,10.3147083,123.8941306,340.3402824520902,data\road_images\321793517_1332943592_0\0_340.jpg
321793517_1097698740_0,321793517,1097698740,0,0,10.3137301,123.89424890000001,252.70787048672844,data\road_images\321793517_1097698740_0\0_253.jpg
321793517_1332943591_0,321793517,1332943591,0,0,10.313150396667222,123.8947423939902,157.66533042547871,data\road_images\321793517_1332943591_0\0_158.jpg
321793517_1097698727_0,321793517,1097698727,0,0,10.313887016334235,123.89470158054218,65.13746927221871,data\road_images\321793517_1097698727_0\0_65.jpg
321793530_1332943591_0,321793530,1332943591,0,0,10.312765953190898,123.89575667929103,250.48872437677332,data\road_images\321793530_1332943591_0\0_250.jpg
321793530_5867337160_0,321793530,5867337160,0,0,10.313466778427545,123.89644667698684,347.7645847589037,data\road_images\321793530_5867337160_0\0_348.jpg
321793530_675754775_0,321793530,675754775,0,0,10.312680813604363,123.89718574385381,117.49583289942649,data\road_images\321793530_675754775_0\0_117.jpg
321793587_318314962_0,321793587,318314962,0,0,10.315885649999998,123.890022,71.46360527418238,data\road_images\321793587_318314962_0\0_71.jpg
321793587_316817927_0,321793587,316817927,0,0,10.31573665,123.88957020000001,251.47306132552205,data\road_images\321793587_316817927_0\0_251.jpg
321793587_321793618_0,321793587,321793618,0,0,10.315108651791222,123.89004459025578,160.67419387216592,data\road_images\321793587_321793618_0\0_161.jpg
321793593_321793615_0,321793593,321793615,0,0,10.3133304,123.89015665,340.7895599395563,data\road_images\321793593_321793615_0\0_341.jpg
321793593_321793654_0,321793593,321793654,0,0,10.312495649999999,123.89071185,70.28560111796139,data\road_images\321793593_321793654_0\0_70.jpg
321793593_321793511_0,321793593,321793511,0,0,10.3123384,123.89026584999999,250.28222221436243,data\road_images\321793593_321793511_0\0_250.jpg
321793593_1097698723_0,321793593,1097698723,0,0,10.3120941,123.89059424999999,160.8292078461061,data\road_images\321793593_1097698723_0\0_161.jpg
321793601_317003680_0,321793601,317003680,0,0,10.316493297871158,123.89178364163926,70.08176664826101,data\road_images\321793601_317003680_0\0_70.jpg
321793601_321793641_0,321793601,321793641,0,0,10.315716386352086,123.89180981157257,160.8004360085962,data\road_images\321793601_321793641_0\0_161.jpg
321793601_960110979_0,321793601,960110979,0,0,10.316308630480226,123.8912688371432,249.80559913365153,data\road_images\321793601_960110979_0\0_250.jpg
321793611_960115834_0,321793611,960115834,0,0,10.31023035,123.89541464999999,163.38109189912166,data\road_images\321793611_960115834_0\0_163.jpg
321793611_1332943596_0,321793611,1332943596,0,0,10.310624802239008,123.8953401626425,350.00919345935523,data\road_images\321793611_1332943596_0\0_350.jpg
321793611_281446231_0,321793611,281446231,0,0,10.31008063062142,123.89487993581044,251.1761383808273,data\road_images\321793611_281446231_0\0_251.jpg
321793611_280332246_0,321793611,280332246,0,0,10.310733522902078,123.89679595093769,70.67948295590372,data\road_images\321793611_280332246_0\0_71.jpg
321793613_960111235_0,321793613,960111235,0,0,10.317061200000001,123.89329575,351.835183091888,data\road_images\321793613_960111235_0\0_352.jpg
321793613_1332943592_0,321793613,1332943592,0,0,10.31632494756188,123.89356207470509,160.72307728297892,data\road_images\321793613_1332943592_0\0_161.jpg
321793613_960111232_0,321793613,960111232,0,0,10.31726836145659,123.8940012986466,69.80727934548378,data\road_images\321793613_960111232_0\0_70.jpg
321793613_1332943590_0,321793613,1332943590,0,0,10.316946228326103,123.89308650747371,250.69847753435846,data\road_images\321793613_1332943590_0\0_251.jpg
321793615_321793593_0,321793615,321793593,0,0,10.3133304,123.89015665,160.7894437662552,data\road_images\321793615_321793593_0\0_161.jpg
321793615_321793618_0,321793615,321793618,0,0,10.31432675,123.89006384999999,70.60187869636388,data\road_images\321793615_321793618_0\0_71.jpg
321793615_321793506_0,321793615,321793506,0,0,10.3141726,123.88961905,250.58764742946295,data\road_images\321793615_321793506_0\0_251.jpg
321793615_316817927_0,321793615,316817927,0,0,10.314955189673944,123.88959074678378,341.30943487025223,data\road_images\321793615_316817927_0\0_341.jpg
321793618_321793619_0,321793618,321793619,0,0,10.31448675,123.89052559999999,70.59354711125042,data\road_images\321793618_321793619_0\0_71.jpg
321793618_321793615_0,321793618,321793615,0,0,10.31432675,123.89006384999999,250.60196164945813,data\road_images\321793618_321793615_0\0_251.jpg
321793618_321793587_0,321793618,321793587,0,0,10.315108651791222,123.89004459025578,340.6742834746282,data\road_images\321793618_321793587_0\0_341.jpg
321793618_321793654_0,321793618,321793654,0,0,10.313492009762907,123.8906190775773,160.81749856032127,data\road_images\321793618_321793654_0\0_161.jpg
321793619_321793618_0,321793619,321793618,0,0,10.31448675,123.89052559999999,250.59362951032205,data\road_images\321793619_321793618_0\0_251.jpg
321793619_321793621_0,321793619,321793621,0,0,10.314662349999999,123.89103145,70.54127084078323,data\road_images\321793619_321793621_0\0_71.jpg
321793619_321793662_0,321793619,321793662,0,0,10.313650154227153,123.8910715622649,161.2674536947752,data\road_images\321793619_321793662_0\0_161.jpg
321793619_318314962_0,321793619,318314962,0,0,10.3152635,123.89050230000001,340.3188271997404,data\road_images\321793619_318314962_0\0_340.jpg
321793621_10743602316_0,321793621,10743602316,0,0,10.3147701,123.89134145,70.54918864698533,data\road_images\321793621_10743602316_0\0_71.jpg
321793621_321793619_0,321793621,321793619,0,0,10.314662349999999,123.89103145,250.54136958910675,data\road_images\321793621_321793619_0\0_251.jpg
321793621_321793672_0,321793621,321793672,0,0,10.31384886381658,123.89163494321409,160.54027733422902,data\road_images\321793621_321793672_0\0_161.jpg
321793621_281418180_0,321793621,281418180,0,0,10.315452101468768,123.89105975410446,340.6669467872534,data\road_images\321793621_281418180_0\0_341.jpg
321793641_10677734240_0,321793641,10677734240,0,0,10.31509275,123.8922709,70.63093021752525,data\road_images\321793641_10677734240_0\0_71.jpg
321793641_960110987_0,321793641,960110987,0,0,10.3149137,123.89175465,250.5459134282266,data\road_images\321793641_960110987_0\0_251.jpg
321793641_321793683_0,321793641,321793683,0,0,10.314107649224702,123.8923792478002,160.80115669019528,data\road_images\321793641_321793683_0\0_161.jpg
321793641_321793601_0,321793641,321793601,0,0,10.315716386352086,123.89180981157257,340.8005244522928,data\road_images\321793641_321793601_0\0_341.jpg
321793654_321793662_0,321793654,321793662,0,0,10.3126554,123.891165,70.28704155639463,data\road_images\321793654_321793662_0\0_70.jpg
321793654_321793593_0,321793654,321793593,0,0,10.312495649999999,123.89071185,250.28568373428686,data\road_images\321793654_321793593_0\0_250.jpg
321793654_321793618_0,321793654,321793618,0,0,10.313492009762907,123.8906190775773,340.817614413169,data\road_images\321793654_321793618_0\0_341.jpg
321793654_321793880_0,321793654,321793880,0,0,10.311742474100834,123.89123639290932,160.9797971001983,data\road_images\321793654_321793880_0\0_161.jpg
321793662_321793672_0,321793662,321793672,0,0,10.3128363,123.891674,70.02303984347736,data\road_images\321793662_321793672_0\0_70.jpg
321793662_321793654_0,321793662,321793654,0,0,10.3126554,123.891165,250.28712118404167,data\road_images\321793662_321793654_0\0_250.jpg
321793662_321793690_0,321793662,321793690,0,0,10.31189839573626,123.8916786640966,160.96969731768695,data\road_images\321793662_321793690_0\0_161.jpg
321793662_321793619_0,321793662,321793619,0,0,10.313650154227153,123.8910715622649,341.2675667922192,data\road_images\321793662_321793619_0\0_341.jpg
321793672_321793662_0,321793672,321793662,0,0,10.3128363,123.891674,250.02314245929722,data\road_images\321793672_321793662_0\0_250.jpg
321793672_10743602315_0,321793672,10743602315,0,0,10.312946199999999,123.89198285,71.32240176812422,data\road_images\321793672_10743602315_0\0_71.jpg
321793672_321793935_0,321793672,321793935,0,0,10.312104164137034,123.892258240049,160.6247645927706,data\road_images\321793672_321793935_0\0_161.jpg
321793672_321793621_0,321793672,321793621,0,0,10.31384886381658,123.89163494321409,340.54039431897667,data\road_images\321793672_321793621_0\0_341.jpg
321793683_1097698733_0,321793683,1097698733,0,0,10.31327445,123.89292355,70.36989460230154,data\road_images\321793683_1097698733_0\0_70.jpg
321793683_960110986_0,321793683,960110986,0,0,10.3130887,123.8923942,250.37095430621503,data\road_images\321793683_960110986_0\0_250.jpg
321793683_2127386406_0,321793683,2127386406,0,0,10.3123591,123.8929863,161.5135398447685,data\road_images\321793683_2127386406_0\0_162.jpg
321793683_321793641_0,321793683,321793641,0,0,10.314107649224702,123.8923792478002,340.8012721559687,data\road_images\321793683_321793641_0\0_341.jpg
321793690_321793935_0,321793690,321793935,0,0,10.311167000000001,123.89226495,70.28501808581939,data\road_images\321793690_321793935_0\0_70.jpg
321793690_1097698474_0,321793690,1097698474,0,0,10.310387291383202,123.89220219047911,160.54805555438884,data\road_images\321793690_1097698474_0\0_161.jpg
321793690_321793880_0,321793690,321793880,0,0,10.310985524099666,123.89175025912384,250.28788503409345,data\road_images\321793690_321793880_0\0_250.jpg
321793690_321793662_0,321793690,321793662,0,0,10.31189839573626,123.8916786640966,340.96980210810926,data\road_images\321793690_321793662_0\0_341.jpg
321793722_321793506_0,321793722,321793506,0,0,10.314412004536711,123.8893034138625,162.15788502359658,data\road_images\321793722_321793506_0\0_162.jpg
321793880_960110031_0,321793880,960110031,0,0,10.310005680089157,123.89183873615507,160.78127186584243,data\road_images\321793880_960110031_0\0_161.jpg
321793880_321793654_0,321793880,321793654,0,0,10.311742474100834,123.89123639290932,340.97990183534876,data\road_images\321793880_321793654_0\0_341.jpg
321793880_456863498_0,321793880,456863498,0,0,10.310736175043168,123.89106959839951,249.3673482161349,data\road_images\321793880_456863498_0\0_249.jpg
321793880_321793690_0,321793880,321793690,0,0,10.310985524099666,123.89175025912384,70.28780536527165,data\road_images\321793880_321793690_0\0_70.jpg
321793935_10743585372_0,321793935,10743585372,0,0,10.3112755,123.89257280000001,70.40075668137291,data\road_images\321793935_10743585372_0\0_70.jpg
321793935_321793690_0,321793935,321793690,0,0,10.311167000000001,123.89226495,250.28512267191326,data\road_images\321793935_321793690_0\0_250.jpg
321793935_281418189_0,321793935,281418189,0,0,10.31082811516377,123.89271325179192,169.77390655426427,data\road_images\321793935_281418189_0\0_170.jpg
321793935_321793672_0,321793935,321793672,0,0,10.312104164137034,123.892258240049,340.6248713722783,data\road_images\321793935_321793672_0\0_341.jpg
322100198_5871135663_0,322100198,5871135663,0,0,10.32692945,123.8923249,75.48276882050976,data\road_images\322100198_5871135663_0\0_75.jpg
322100198_8209136367_0,322100198,8209136367,0,0,10.326786749249562,123.89176905705993,249.00676628938334,data\road_images\322100198_8209136367_0\0_249.jpg
322100198_1104252849_0,322100198,1104252849,0,0,10.326628280909825,123.89221287976657,164.81566047526803,data\road_images\322100198_1104252849_0\0_165.jpg
322100204_322100210_0,322100204,322100210,0,0,10.3261612,123.8923928,153.343905177132,data\road_images\322100204_322100210_0\0_153.jpg
322100204_1104252849_0,322100204,1104252849,0,0,10.3263532,123.89229595,335.7564290954241,data\road_images\322100204_1104252849_0\0_336.jpg
322100204_1104252846_0,322100204,1104252846,0,0,10.325556330347695,123.89166642704873,241.6005907135571,data\road_images\322100204_1104252846_0\0_242.jpg
322100210_322100204_0,322100210,322100204,0,0,10.3261612,123.8923928,333.34393640266984,data\road_images\322100210_322100204_0\0_333.jpg
322100210_5828554982_0,322100210,5828554982,0,0,10.32572103246636,123.8926036243366,161.14050338701202,data\road_images\322100210_5828554982_0\0_161.jpg
322100210_322100217_0,322100210,322100217,0,0,10.325411650708862,123.89226775980168,199.0976960656329,data\road_images\322100210_322100217_0\0_199.jpg
322100217_1104252818_0,322100217,1104252818,0,0,10.32492345,123.8922587,62.593365026335846,data\road_images\322100217_1104252818_0\0_63.jpg
322100217_1104252806_0,322100217,1104252806,0,0,10.324826987309827,123.89112387088443,248.31361741767142,data\road_images\322100217_1104252806_0\0_248.jpg
322100217_322100210_0,322100217,322100210,0,0,10.325411650708862,123.89226775980168,19.097622703322315,data\road_images\322100217_322100210_0\0_19.jpg
322100217_322100252_0,322100217,322100252,0,0,10.324174730320813,123.89228938496525,165.64067607140828,data\road_images\322100217_322100252_0\0_166.jpg
322100252_1104252802_0,322100252,1104252802,0,0,10.32347865,123.89193865,267.6187771271165,data\road_images\322100252_1104252802_0\0_268.jpg
322100252_1104252852_0,322100252,1104252852,0,0,10.32351275196587,123.89266071366497,85.54285731651032,data\road_images\322100252_1104252852_0\0_86.jpg
322100252_322100217_0,322100252,322100217,0,0,10.324174730320813,123.89228938496525,345.6407380625939,data\road_images\322100252_322100217_0\0_346.jpg
322100258_1099182229_0,322100258,1099182229,0,0,10.32275009088016,123.89051215060759,176.78933479583088,data\road_images\322100258_1099182229_0\0_177.jpg
322100258_1104252802_0,322100258,1104252802,0,0,10.323451879332419,123.89101114708241,88.59444312330936,data\road_images\322100258_1104252802_0\0_89.jpg
322100258_1104252804_0,322100258,1104252804,0,0,10.323703097243527,123.8906152285107,1.2460385741587743,data\road_images\322100258_1104252804_0\0_1.jpg
322100281_322100288_0,322100281,322100288,0,0,10.325468161931806,123.88997406536951,340.4955635137125,data\road_images\322100281_322100288_0\0_340.jpg
322100281_1104252806_0,322100281,1104252806,0,0,10.324727221401908,123.89018253661187,159.68753872375703,data\road_images\322100281_1104252806_0\0_160.jpg
322100281_1104252846_0,322100281,1104252846,0,0,10.325429635786707,123.89042959822537,72.90688253188677,data\road_images\322100281_1104252846_0\0_73.jpg
322100288_1104252865_0,322100288,1104252865,0,0,10.325906,123.8901106,34.45222518956035,data\road_images\322100288_1104252865_0\0_34.jpg
322100288_1104252801_0,322100288,1104252801,0,0,10.326420198953198,123.88978375841782,349.63113206087894,data\road_images\322100288_1104252801_0\0_350.jpg
322100288_322100281_0,322100288,322100281,0,0,10.325468161931806,123.88997406536951,160.49554232755122,data\road_images\322100288_322100281_0\0_160.jpg
324580063_1138895477_0,324580063,1138895477,0,0,10.30453711379698,123.8768920863521,147.93503908822095,data\road_images\324580063_1138895477_0\0_148.jpg
324580063_1138895476_0,324580063,1138895476,0,0,10.305028255151674,123.87658106887224,329.2935702487759,data\road_images\324580063_1138895476_0\0_329.jpg
324580063_5963433455_0,324580063,5963433455,0,0,10.30507307782435,123.87713319092308,74.94305840052766,data\road_images\324580063_5963433455_0\0_75.jpg
324580081_318387195_0,324580081,318387195,0,0,10.3058715,123.90128005,323.62110379670594,data\road_images\324580081_318387195_0\0_324.jpg
324580081_5799865016_0,324580081,5799865016,0,0,10.30561075,123.90145465,152.1630473118454,data\road_images\324580081_5799865016_0\0_152.jpg
324580081_1484307316_0,324580081,1484307316,0,0,10.306627819089435,123.90244012488249,36.7093083220754,data\road_images\324580081_1484307316_0\0_37.jpg
324580092_5796546984_0,324580092,5796546984,0,0,10.3033497,123.8999489,263.6085748107158,data\road_images\324580092_5796546984_0\0_264.jpg
324580092_5797095136_0,324580092,5797095136,0,0,10.303683271897494,123.90010884525724,355.5453345830729,data\road_images\324580092_5797095136_0\0_356.jpg
324580092_5773524248_0,324580092,5773524248,0,0,10.302573759640898,123.90040780973344,157.59546614491478,data\road_images\324580092_5773524248_0\0_158.jpg
324580145_1101215283_0,324580145,1101215283,0,0,10.308348850000002,123.90360085,83.85909805900872,data\road_images\324580145_1101215283_0\0_84.jpg
324580145_1463271485_0,324580145,1463271485,0,0,10.308130049999999,123.90313805,197.70246442278184,data\road_images\324580145_1463271485_0\0_198.jpg
324580145_1101215347_0,324580145,1101215347,0,0,10.309281522480923,123.90346335255693,17.381208438412557,data\road_images\324580145_1101215347_0\0_17.jpg
324580149_5792422774_0,324580149,5792422774,0,0,10.302151695782765,123.89591665173103,247.35079184501822,data\road_images\324580149_5792422774_0\0_247.jpg
324580149_1093750013_0,324580149,1093750013,0,0,10.302930940522259,123.8956784236135,340.55854261091326,data\road_images\324580149_1093750013_0\0_341.jpg
324580149_660726274_0,324580149,660726274,0,0,10.30235842484733,123.89649780687603,70.43587769036418,data\road_images\324580149_660726274_0\0_70.jpg
324580149_5774188108_0,324580149,5774188108,0,0,10.301019066243835,123.89636319441942,160.9278951007393,data\road_images\324580149_5774188108_0\0_161.jpg
324580278_937431106_0,324580278,937431106,0,0,10.2972388,123.88830095,326.3768264748173,data\road_images\324580278_937431106_0\0_326.jpg
324580278_5773265735_0,324580278,5773265735,0,0,10.297213305051928,123.88866358430847,83.30431440388702,data\road_images\324580278_5773265735_0\0_83.jpg
324580278_922248284_0,324580278,922248284,0,0,10.297002292826262,123.8884786959484,141.9475403630081,data\road_images\324580278_922248284_0\0_142.jpg
324580278_324580728_0,324580278,324580728,0,0,10.297011247635805,123.88706644308289,259.25180544119803,data\road_images\324580278_324580728_0\0_259.jpg
324580279_2213820754_0,324580279,2213820754,0,0,10.305814,123.91099080000001,321.2381237314941,data\road_images\324580279_2213820754_0\0_321.jpg
324580279_666178211_0,324580279,666178211,0,0,10.3057482,123.91097975,231.38599458296721,data\road_images\324580279_666178211_0\0_231.jpg
324580287_5912016840_0,324580287,5912016840,0,0,10.308488024723395,123.88614380440184,257.64606065022326,data\road_images\324580287_5912016840_0\0_258.jpg
324580287_8318126306_0,324580287,8318126306,0,0,10.30912178253729,123.88657491678006,353.86120642364034,data\road_images\324580287_8318126306_0\0_354.jpg
324580287_960110033_0,324580287,960110033,0,0,10.30828025322491,123.88665438886507,175.28813778244296,data\road_images\324580287_960110033_0\0_175.jpg
324580297_8318772918_0,324580297,8318772918,0,0,10.3115633,123.87721255,216.74085478954152,data\road_images\324580297_8318772918_0\0_217.jpg
324580297_8318735202_0,324580297,8318735202,0,0,10.31172385,123.87696550000001,299.9587586465378,data\road_images\324580297_8318735202_0\0_300.jpg
324580297_324580466_0,324580297,324580466,0,0,10.311866012691619,123.87743774130446,36.29450998621826,data\road_images\324580297_324580466_0\0_36.jpg
324580308_1141747286_0,324580308,1141747286,0,0,10.29288939929716,123.88563349444095,256.9205502654048,data\road_images\324580308_1141747286_0\0_257.jpg
324580308_324580541_0,324580308,324580541,0,0,10.292679625154447,123.88712618224207,172.98575087221946,data\road_images\324580308_324580541_0\0_173.jpg
324580308_1093748762_0,324580308,1093748762,0,0,10.293792960388995,123.88691434755145,349.50293219576594,data\road_images\324580308_1093748762_0\0_350.jpg
324580308_1093748774_0,324580308,1093748774,0,0,10.293301343094573,123.88768367965643,79.6512218153025,data\road_images\324580308_1093748774_0\0_80.jpg
324580399_1681093481_0,324580399,1681093481,0,0,10.30379635,123.8953315,249.57185502595368,data\road_images\324580399_1681093481_0\0_250.jpg
324580399_1093749466_0,324580399,1093749466,0,0,10.304724527658834,123.89503243565476,340.4318974339938,data\road_images\324580399_1093749466_0\0_340.jpg
324580399_1093750013_0,324580399,1093750013,0,0,10.30375159293992,123.89538344950516,159.78150483553907,data\road_images\324580399_1093750013_0\0_160.jpg
324580402_506570949_0,324580402,506570949,0,0,10.2984702,123.90841355,281.1641025596521,data\road_images\324580402_506570949_0\0_281.jpg
324580402_317764268_0,324580402,317764268,0,0,10.300062518116443,123.90932643153506,29.67077851648486,data\road_images\324580402_317764268_0\0_30.jpg
324580402_304727897_0,324580402,304727897,0,0,10.298281996778577,123.90901512572948,111.83668252912997,data\road_images\324580402_304727897_0\0_112.jpg
324580402_529894714_0,324580402,529894714,0,0,10.297797756649784,123.90810113245638,207.86929793135812,data\road_images\324580402_529894714_0\0_208.jpg
324580429_5771168251_0,324580429,5771168251,0,0,10.29298335,123.89459045000001,77.60572515206422,data\road_images\324580429_5771168251_0\0_78.jpg
324580429_1093382301_0,324580429,1093382301,0,0,10.292848,123.89399425,256.6411859310235,data\road_images\324580429_1093382301_0\0_257.jpg
324580429_10773517793_0,324580429,10773517793,0,0,10.29270055,123.89441550000001,167.67681046254745,data\road_images\324580429_10773517793_0\0_168.jpg
324580433_317773499_0,324580433,317773499,0,0,10.294955649999999,123.90123904999999,293.797465806338,data\road_images\324580433_317773499_0\0_294.jpg
324580433_318387273_0,324580433,318387273,0,0,10.294334272999414,123.9014107793622,194.31378218151212,data\road_images\324580433_318387273_0\0_194.jpg
324580433_317773501_0,324580433,317773501,0,0,10.29451294304108,123.90227536038907,113.20281396915209,data\road_images\324580433_317773501_0\0_113.jpg
324580433_497829447_0,324580433,497829447,0,0,10.295183900605569,123.90163844581143,16.635089062279064,data\road_images\324580433_497829447_0\0_17.jpg
324580466_1138897118_0,324580466,1138897118,0,0,10.3120296,123.87780065000001,130.51916126694164,data\road_images\324580466_1138897118_0\0_131.jpg
324580466_324580297_0,324580466,324580297,0,0,10.311866012691619,123.87743774130446,216.29458694093742,data\road_images\324580466_324580297_0\0_216.jpg
324580466_455885062_0,324580466,455885062,0,0,10.312327764945932,123.87781222205004,43.59660681852034,data\road_images\324580466_455885062_0\0_44.jpg
324580478_1093752869_0,324580478,1093752869,0,0,10.302718950307092,123.8982304045117,176.17180756263429,data\road_images\324580478_1093752869_0\0_176.jpg
324580478_666069189_0,324580478,666069189,0,0,10.30300165954664,123.8984078095313,67.40846750431018,data\road_images\324580478_666069189_0\0_67.jpg
324580478_666067573_0,324580478,666067573,0,0,10.302848031215364,123.897996507383,251.00785876250634,data\road_images\324580478_666067573_0\0_251.jpg
324580478_1093750177_0,324580478,1093750177,0,0,10.303077802031748,123.89821565088289,359.57629749785474,data\road_images\324580478_1093750177_0\0_360.jpg
324580518_665829342_0,324580518,665829342,0,0,10.301920599999999,123.90876055,272.163361175261,data\road_images\324580518_665829342_0\0_272.jpg
324580518_1093752713_0,324580518,1093752713,0,0,10.30320481026983,123.90930801239472,16.274347825232894,data\road_images\324580518_1093752713_0\0_16.jpg
324580518_316985224_0,324580518,316985224,0,0,10.301901118429434,123.9096451570454,101.28287995492286,data\road_images\324580518_316985224_0\0_101.jpg
324580521_4036150280_0,324580521,4036150280,0,0,10.295650589338305,123.89040831165084,164.70122869379475,data\road_images\324580521_4036150280_0\0_165.jpg
324580521_679207285_0,324580521,679207285,0,0,10.296156391829593,123.89091258600908,107.73407544089469,data\road_images\324580521_679207285_0\0_108.jpg
324580521_922248284_0,324580521,922248284,0,0,10.296980999520175,123.88950945681371,285.4455084767365,data\road_images\324580521_922248284_0\0_285.jpg
324580523_5770898396_0,324580523,5770898396,0,0,10.294342149999999,123.89075235,344.54979529379096,data\road_images\324580523_5770898396_0\0_345.jpg
324580523_921143221_0,324580523,921143221,0,0,10.293775741545485,123.89022434846028,259.6578474220049,data\road_images\324580523_921143221_0\0_260.jpg
324580523_1093748746_0,324580523,1093748746,0,0,10.293931703978593,123.89147968836113,82.32090499467296,data\road_images\324580523_1093748746_0\0_82.jpg
324580523_922231018_0,324580523,922231018,0,0,10.293147800789212,123.89110940254497,163.03194522852084,data\road_images\324580523_922231018_0\0_163.jpg
324580541_1093748768_0,324580541,1093748768,0,0,10.292164709115577,123.88777434797483,90.57652787082083,data\road_images\324580541_1093748768_0\0_91.jpg
324580541_324580308_0,324580541,324580308,0,0,10.292679625154447,123.88712618224207,352.9857736177369,data\road_images\324580541_324580308_0\0_353.jpg
324580572_1138644863_0,324580572,1138644863,0,0,10.3275483,123.88199145,39.62426228680329,data\road_images\324580572_1138644863_0\0_40.jpg
324580572_1138644725_0,324580572,1138644725,0,0,10.327092075357516,123.88202366675227,154.73396841525187,data\road_images\324580572_1138644725_0\0_155.jpg
324580695_5955843401_0,324580695,5955843401,0,0,10.29946318043231,123.87888866074803,157.4133578917822,data\road_images\324580695_5955843401_0\0_157.jpg
324580695_8337848144_0,324580695,8337848144,0,0,10.299684592077636,123.878801574444,343.0370804022009,data\road_images\324580695_8337848144_0\0_343.jpg
324580695_8689705337_0,324580695,8689705337,0,0,10.299550417428687,123.87894994200818,104.00205682631872,data\road_images\324580695_8689705337_0\0_104.jpg
324580695_8337848147_0,324580695,8337848147,0,0,10.299606360312618,123.87872015248684,283.7710301987212,data\road_images\324580695_8337848147_0\0_284.jpg
324580721_318387273_0,324580721,318387273,0,0,10.293098882545191,123.90108371342141,7.116777525635882,data\road_images\324580721_318387273_0\0_7.jpg
324580721_281446257_0,324580721,281446257,0,0,10.292222080813481,123.90060703347757,256.1993012004794,data\road_images\324580721_281446257_0\0_256.jpg
324580721_281446259_0,324580721,281446259,0,0,10.29249407224064,123.90167006543892,74.84730794690603,data\road_images\324580721_281446259_0\0_75.jpg
324580728_937431104_0,324580728,937431104,0,0,10.29676465,123.8857897,335.7125326481398,data\road_images\324580728_937431104_0\0_336.jpg
324580728_1123112547_0,324580728,1123112547,0,0,10.29658369937212,123.88587910559096,153.68276825684143,data\road_images\324580728_1123112547_0\0_154.jpg
324580728_324580278_0,324580728,324580278,0,0,10.297011247635805,123.88706644308289,79.25135390168168,data\road_images\324580728_324580278_0\0_79.jpg
324580728_1143376355_0,324580728,1143376355,0,0,10.296598270334092,123.88547816592877,250.1244479731962,data\road_images\324580728_1143376355_0\0_250.jpg
369910531_369910965_0,369910531,369910965,0,0,10.3114035,123.90187635,8.461026408899386,data\road_images\369910531_369910965_0\0_8.jpg
369910531_1097698561_0,369910531,1097698561,0,0,10.310974144421552,123.90181539656709,187.7651433384298,data\road_images\369910531_1097698561_0\0_188.jpg
369910531_1097698521_0,369910531,1097698521,0,0,10.311128164221907,123.90270745353244,108.49798443304581,data\road_images\369910531_1097698521_0\0_108.jpg
369910531_666178174_0,369910531,666178174,0,0,10.311473958412456,123.9008458159025,272.50940040498665,data\road_images\369910531_666178174_0\0_273.jpg
369910573_1097698561_0,369910573,1097698561,0,0,10.3102854,123.90173150000001,5.762092158635937,data\road_images\369910573_1097698561_0\0_6.jpg
369910573_1097698510_0,369910573,1097698510,0,0,10.3099974,123.90200955,89.14929381424452,data\road_images\369910573_1097698510_0\0_89.jpg
369910573_369910966_0,369910573,369910966,0,0,10.309988655366462,123.90064530089685,266.7336598654767,data\road_images\369910573_369910966_0\0_267.jpg
369910573_8317775782_0,369910573,8317775782,0,0,10.309055168637157,123.9015712862338,187.50850102890473,data\road_images\369910573_8317775782_0\0_188.jpg
369910946_960110033_0,369910946,960110033,0,0,10.3079203,123.88668065,359.7123950963087,data\road_images\369910946_960110033_0\0_360.jpg
369910946_1138898091_0,369910946,1138898091,0,0,10.307919620860956,123.88733610727482,85.71487434768216,data\road_images\369910946_1138898091_0\0_86.jpg
369910946_1138899793_0,369910946,1138899793,0,0,10.307357900088078,123.88668351699617,179.71452278762297,data\road_images\369910946_1138899793_0\0_180.jpg
369910965_369910531_0,369910965,369910531,0,0,10.3114035,123.90187635,188.46102821694578,data\road_images\369910965_369910531_0\0_188.jpg
369910965_280332571_0,369910965,280332571,0,0,10.311532609814538,123.9008687631787,273.14454400934784,data\road_images\369910965_280332571_0\0_273.jpg
369910965_1682725133_0,369910965,1682725133,0,0,10.311796901155953,123.90194534348655,9.91343052351857,data\road_images\369910965_1682725133_0\0_10.jpg
369910965_4036028114_0,369910965,4036028114,0,0,10.311153944619356,123.90284047698675,108.59520312884786,data\road_images\369910965_4036028114_0\0_109.jpg
369910966_369910573_0,369910966,369910573,0,0,10.309988655366462,123.90064530089685,86.7332831277721,data\road_images\369910966_369910573_0\0_87.jpg
369910966_773093543_0,369910966,773093543,0,0,10.308826731684585,123.89966486932502,177.31468802680604,data\road_images\369910966_773093543_0\0_177.jpg
369910966_8696556391_0,369910966,8696556391,0,0,10.31007270154388,123.89959896647379,3.7374934071192456,data\road_images\369910966_8696556391_0\0_4.jpg
369910967_648756008_0,369910967,648756008,0,0,10.3132536,123.90269805,152.92083047257654,data\road_images\369910967_648756008_0\0_153.jpg
369910967_8865044742_0,369910967,8865044742,0,0,10.314019824169591,123.902300805348,332.24177678153785,data\road_images\369910967_8865044742_0\0_332.jpg
369910967_5814889954_0,369910967,5814889954,0,0,10.31345444168666,123.90295127559585,61.95513854253272,data\road_images\369910967_5814889954_0\0_62.jpg
380438497_1093382155_0,380438497,1093382155,0,0,10.29221445,123.8989243,107.10383019545282,data\road_images\380438497_1093382155_0\0_107.jpg
380438497_281446254_0,380438497,281446254,0,0,10.292874650000002,123.8986314,16.29615514184087,data\road_images\380438497_281446254_0\0_16.jpg
380438497_601834751_0,380438497,601834751,0,0,10.29240695,123.8982905,287.2786561945677,data\road_images\380438497_601834751_0\0_287.jpg
444383152_1102906875_0,444383152,1102906875,0,0,10.321930049999999,123.91061725,59.21063477051899,data\road_images\444383152_1102906875_0\0_59.jpg
444383152_937432726_0,444383152,937432726,0,0,10.321661599999999,123.910159,239.45530302709895,data\road_images\444383152_937432726_0\0_239.jpg
444383152_1105801779_0,444383152,1105801779,0,0,10.322657104793722,123.90958741103846,329.02055108430653,data\road_images\444383152_1105801779_0\0_329.jpg
444383152_316824561_0,444383152,316824561,0,0,10.3211902093018,123.91049480367595,149.10020690943588,data\road_images\444383152_316824561_0\0_149.jpg
444805371_940959702_0,444805371,940959702,0,0,10.2930063,123.90768795,29.11726790145798,data\road_images\444805371_940959702_0\0_29.jpg
444805371_281446266_0,444805371,281446266,0,0,10.293145016577549,123.90731544516832,298.1342288533208,data\road_images\444805371_281446266_0\0_298.jpg
455885062_324580466_0,455885062,324580466,0,0,10.312327764945932,123.87781222205004,223.59666548132006,data\road_images\455885062_324580466_0\0_224.jpg
455885062_1138895467_0,455885062,1138895467,0,0,10.312678355226911,123.87819019393531,51.76219963637237,data\road_images\455885062_1138895467_0\0_52.jpg
455885062_1138896103_0,455885062,1138896103,0,0,10.312865299296242,123.8777104985867,326.3296121898387,data\road_images\455885062_1138896103_0\0_326.jpg
456833143_5905339929_0,456833143,5905339929,0,0,10.324877108761259,123.90683826452181,36.752496543404504,data\road_images\456833143_5905339929_0\0_37.jpg
456833143_6353466090_0,456833143,6353466090,0,0,10.324019666694577,123.90617857486886,213.16658355651842,data\road_images\456833143_6353466090_0\0_213.jpg
456833143_9096788039_0,456833143,9096788039,0,0,10.32505663010283,123.9068070377082,34.38238289935032,data\road_images\456833143_9096788039_0\0_34.jpg
456833162_6351608171_0,456833162,6351608171,0,0,10.32591155,123.9075856,323.6540326688069,data\road_images\456833162_6351608171_0\0_324.jpg
456833162_456833165_0,456833162,456833165,0,0,10.325974679642398,123.9077504756911,43.77364083285943,data\road_images\456833162_456833165_0\0_44.jpg
456833162_937431075_0,456833162,937431075,0,0,10.32583675,123.90759919999999,232.03525191287204,data\road_images\456833162_937431075_0\0_232.jpg
456833162_5905339932_0,456833162,5905339932,0,0,10.325782283470202,123.90767352382247,148.13525813960842,data\road_images\456833162_5905339932_0\0_148.jpg
456833165_10603448745_0,456833165,10603448745,0,0,10.3261062,123.9078667,28.417461062696475,data\road_images\456833165_10603448745_0\0_28.jpg
456833165_456833162_0,456833165,456833162,0,0,10.325974679642398,123.9077504756911,223.7736835656698,data\road_images\456833165_456833162_0\0_224.jpg
456833165_5905339932_0,456833165,5905339932,0,0,10.325907853575895,123.90778397748127,199.66727385475332,data\road_images\456833165_5905339932_0\0_200.jpg
456852871_1101216245_0,456852871,1101216245,0,0,10.316822946016007,123.90215858722961,22.14023291561682,data\road_images\456852871_1101216245_0\0_22.jpg
456852871_280332598_0,456852871,280332598,0,0,10.315871060482399,123.90181785097644,197.72842178532557,data\road_images\456852871_280332598_0\0_198.jpg
456852871_1101216290_0,456852871,1101216290,0,0,10.31718893958439,123.90162873415143,333.3241448794414,data\road_images\456852871_1101216290_0\0_333.jpg
456852919_5788163943_0,456852919,5788163943,0,0,10.31277775,123.8992371,260.41395758102493,data\road_images\456852919_5788163943_0\0_260.jpg
456852919_456852934_0,456852919,456852934,0,0,10.312112501497227,123.89922832582654,183.48784379346097,data\road_images\456852919_456852934_0\0_183.jpg
456852919_1099182418_0,456852919,1099182418,0,0,10.312821308720766,123.89950030685345,80.4465795227614,data\road_images\456852919_1099182418_0\0_80.jpg
456852934_666178175_0,456852934,666178175,0,0,10.3114028,123.89919065,174.45262617502124,data\road_images\456852934_666178175_0\0_174.jpg
456852934_456852919_0,456852934,456852919,0,0,10.312112501497227,123.89922832582654,3.4878289177081,data\road_images\456852934_456852919_0\0_3.jpg
456852934_280332246_0,456852934,280332246,0,0,10.311337652612082,123.89868245663072,257.3139237316963,data\road_images\456852934_280332246_0\0_257.jpg
456852934_280332571_0,456852934,280332571,0,0,10.311496348167296,123.89951888680912,80.89820387336579,data\road_images\456852934_280332571_0\0_81.jpg
456863344_960110032_0,456863344,960110032,0,0,10.308603699999999,123.89083790000001,340.80316198233623,data\road_images\456863344_960110032_0\0_341.jpg
456863344_1097698592_0,456863344,1097698592,0,0,10.3087244624813,123.89131326300907,70.92079898968592,data\road_images\456863344_1097698592_0\0_71.jpg
456863344_5792573541_0,456863344,5792573541,0,0,10.308374164100211,123.89027008851183,251.67056039947988,data\road_images\456863344_5792573541_0\0_252.jpg
456863472_456863498_0,456863472,456863498,0,0,10.310496350000001,123.8904024,70.87889563400768,data\road_images\456863472_456863498_0\0_71.jpg
456863472_13033223812_0,456863472,13033223812,0,0,10.31038375,123.8900689,251.3599600508252,data\road_images\456863472_13033223812_0\0_251.jpg
456863472_1097698715_0,456863472,1097698715,0,0,10.310068660894503,123.89032008076829,160.84043528136215,data\road_images\456863472_1097698715_0\0_161.jpg
456863472_456863536_0,456863472,456863536,0,0,10.310656356299797,123.89010501991734,339.0893449278793,data\road_images\456863472_456863536_0\0_339.jpg
456863498_456863472_0,456863498,456863472,0,0,10.310496350000001,123.8904024,250.87897019815927,data\road_images\456863498_456863472_0\0_251.jpg
456863498_5793270162_0,456863498,5793270162,0,0,10.310833541216878,123.89050612441731,325.74407396344213,data\road_images\456863498_5793270162_0\0_326.jpg
456863498_321793880_0,456863498,321793880,0,0,10.310736175043168,123.89106959839951,69.36718408535472,data\road_images\456863498_321793880_0\0_69.jpg
456863498_456863565_0,456863498,456863565,0,0,10.310216211854382,123.89073708639827,160.5729335268993,data\road_images\456863498_456863565_0\0_161.jpg
456863536_456863472_0,456863536,456863472,0,0,10.310656356299797,123.89010501991734,159.08931283580046,data\road_images\456863536_456863472_0\0_159.jpg
456863565_456863498_0,456863565,456863498,0,0,10.310216211854382,123.89073708639827,340.57297861136465,data\road_images\456863565_456863498_0\0_341.jpg
470965743_1101216330_0,470965743,1101216330,0,0,10.3210373,123.90107345,334.354626360387,data\road_images\470965743_1101216330_0\0_334.jpg
470965743_1101216258_0,470965743,1101216258,0,0,10.320694,123.9008867,243.68515777339763,data\road_images\470965743_1101216258_0\0_244.jpg
470965743_281440726_0,470965743,281440726,0,0,10.320158750000001,123.9015301,152.48828515198647,data\road_images\470965743_281440726_0\0_152.jpg
470965743_1101216345_0,470965743,1101216345,0,0,10.320976850000001,123.90144125,61.45657798104236,data\road_images\470965743_1101216345_0\0_61.jpg
470965746_6351694901_0,470965746,6351694901,0,0,10.321198717064965,123.9042514461407,214.45167393405347,data\road_images\470965746_6351694901_0\0_214.jpg
470965746_470965749_0,470965746,470965749,0,0,10.320587506499258,123.90394233692554,208.97452226947127,data\road_images\470965746_470965749_0\0_209.jpg
470965746_1105801799_0,470965746,1105801799,0,0,10.322173801867098,123.90496737094547,33.06317597677065,data\road_images\470965746_1105801799_0\0_33.jpg
470965746_648110963_0,470965746,648110963,0,0,10.321161241926013,123.90436442857066,210.3071961452837,data\road_images\470965746_648110963_0\0_210.jpg
470965749_470965746_0,470965749,470965746,0,0,10.320587506499258,123.90394233692554,28.97424800116937,data\road_images\470965749_470965746_0\0_29.jpg
470965749_470965752_0,470965749,470965752,0,0,10.319741977245675,123.90358175553948,27.188019207777643,data\road_images\470965749_470965752_0\0_27.jpg
470965749_281440735_0,470965749,281440735,0,0,10.318963145169356,123.90315322233799,205.12215021106488,data\road_images\470965749_281440735_0\0_205.jpg
470965749_1101216358_0,470965749,1101216358,0,0,10.319317717102276,123.90327388751815,9.89987625056807,data\road_images\470965749_1101216358_0\0_10.jpg
470965752_648110963_0,470965752,648110963,0,0,10.320379299999999,123.9038859,29.278141428741208,data\road_images\470965752_648110963_0\0_29.jpg
470965752_648751003_0,470965752,648751003,0,0,10.320183717658093,123.90416677589809,114.31115652547157,data\road_images\470965752_648751003_0\0_114.jpg
470965752_470965749_0,470965752,470965749,0,0,10.319741977245675,123.90358175553948,207.18812685392888,data\road_images\470965752_470965749_0\0_207.jpg
470965752_6351694901_0,470965752,6351694901,0,0,10.3203839,123.90381295,318.1938841206064,data\road_images\470965752_6351694901_0\0_318.jpg
482223981_1093382399_0,482223981,1093382399,0,0,10.3002769,123.90573330000001,270.166227508196,data\road_images\482223981_1093382399_0\0_270.jpg
482223981_665833184_0,482223981,665833184,0,0,10.3001423,123.9063832,186.8491312082195,data\road_images\482223981_665833184_0\0_187.jpg
482223981_1093750766_0,482223981,1093750766,0,0,10.30078049628089,123.9064695740801,7.289581502490989,data\road_images\482223981_1093750766_0\0_7.jpg
482224018_317773525_0,482224018,317773525,0,0,10.300336049999999,123.90340665,276.85408925141206,data\road_images\482224018_317773525_0\0_277.jpg
482224018_1093382399_0,482224018,1093382399,0,0,10.30028565,123.90442105,90.61721688553075,data\road_images\482224018_1093382399_0\0_91.jpg
482224018_1093752273_0,482224018,1093752273,0,0,10.30008045,123.9038056,171.89308803488882,data\road_images\482224018_1093752273_0\0_172.jpg
482224047_482224051_0,482224047,482224051,0,0,10.299094600504102,123.90173316927392,348.1214305731513,data\road_images\482224047_482224051_0\0_348.jpg
482224047_318387260_0,482224047,318387260,0,0,10.298375296842522,123.90188157775889,165.97967106054432,data\road_images\482224047_318387260_0\0_166.jpg
482224047_921143232_0,482224047,921143232,0,0,10.298972516944177,123.90216091199437,91.22587216254988,data\road_images\482224047_921143232_0\0_91.jpg
482224051_1093750333_0,482224051,1093750333,0,0,10.29943575,123.9016692,350.39101052646623,data\road_images\482224051_1093750333_0\0_350.jpg
482224051_281446240_0,482224051,281446240,0,0,10.299118320813113,123.9008157685465,259.23400801171454,data\road_images\482224051_281446240_0\0_259.jpg
482224051_482224047_0,482224051,482224047,0,0,10.299094600504102,123.90173316927392,168.1214218125482,data\road_images\482224051_482224047_0\0_168.jpg
497829280_529894720_0,497829280,529894720,0,0,10.297950689891026,123.90598061834734,190.3682998669855,data\road_images\497829280_529894720_0\0_190.jpg
497829280_5804491360_0,497829280,5804491360,0,0,10.298510553357664,123.90608343082587,9.786247466302939,data\road_images\497829280_5804491360_0\0_10.jpg
497829280_5804491367_0,497829280,5804491367,0,0,10.298341789004462,123.906423140572,87.23541835863819,data\road_images\497829280_5804491367_0\0_87.jpg
497829280_1093752166_0,497829280,1093752166,0,0,10.298428672734389,123.90570089531607,282.6926666953943,data\road_images\497829280_1093752166_0\0_283.jpg
497829304_1093752079_0,497829304,1093752079,0,0,10.296583890530664,123.9054315955812,295.379119724881,data\road_images\497829304_1093752079_0\0_295.jpg
497829304_529894720_0,497829304,529894720,0,0,10.297012768221288,123.90579490560988,11.732271931896548,data\road_images\497829304_529894720_0\0_12.jpg
497829304_660720836_0,497829304,660720836,0,0,10.296040098294359,123.90556853441531,194.4629934614163,data\road_images\497829304_660720836_0\0_194.jpg
497829447_922246548_0,497829447,922246548,0,0,10.295944906925957,123.90188088250997,16.555309167407927,data\road_images\497829447_922246548_0\0_17.jpg
497829447_8699726892_0,497829447,8699726892,0,0,10.295627829930536,123.90149858866499,289.6824831546745,data\road_images\497829447_8699726892_0\0_290.jpg
497829447_324580433_0,497829447,324580433,0,0,10.295183900605569,123.90163844581143,196.63512766565646,data\road_images\497829447_324580433_0\0_197.jpg
497829447_916546281_0,497829447,916546281,0,0,10.295230617052026,123.90255870288043,112.54640898299044,data\road_images\497829447_916546281_0\0_113.jpg
497829484_317773495_0,497829484,317773495,0,0,10.29599042314179,123.89975035978357,222.30210594779697,data\road_images\497829484_317773495_0\0_222.jpg
497829484_8696673075_0,497829484,8696673075,0,0,10.296427088537094,123.89965159445413,296.19060259482023,data\road_images\497829484_8696673075_0\0_296.jpg
497829484_318387267_0,497829484,318387267,0,0,10.29675869136845,123.90102979571346,72.66349720345704,data\road_images\497829484_318387267_0\0_73.jpg
497829484_8699726892_0,497829484,8699726892,0,0,10.29598836402153,123.90062433897249,113.86484837391828,data\road_images\497829484_8699726892_0\0_114.jpg
500129510_500129567_0,500129510,500129567,0,0,10.30946875,123.87602544999999,184.65287694390992,data\road_images\500129510_500129567_0\0_185.jpg
500129510_8338302736_0,500129510,8338302736,0,0,10.30947324999965,123.8755740999963,264.485206145738,data\road_images\500129510_8338302736_0\0_264.jpg
500129510_1138894663_0,500129510,1138894663,0,0,10.310079257121089,123.87613804573907,19.55048212499031,data\road_images\500129510_1138894663_0\0_20.jpg
500129567_500129510_0,500129567,500129510,0,0,10.30946875,123.87602544999999,4.652875529980122,data\road_images\500129567_500129510_0\0_5.jpg
500129567_8375022606_0,500129567,8375022606,0,0,10.308952598841861,123.87599875893811,182.74784018666236,data\road_images\500129567_8375022606_0\0_183.jpg
500129567_8338302735_0,500129567,8338302735,0,0,10.3093756978021,123.87557345037217,264.1977019629388,data\road_images\500129567_8338302735_0\0_264.jpg
506570949_324580402_0,506570949,324580402,0,0,10.2984702,123.90841355,101.16408598613492,data\road_images\506570949_324580402_0\0_101.jpg
506570949_660720839_0,506570949,660720839,0,0,10.297830567587996,123.90802308760378,207.6779513711048,data\road_images\506570949_660720839_0\0_208.jpg
506570949_1093752680_0,506570949,1093752680,0,0,10.298489013473581,123.9077516872886,267.2030814983043,data\road_images\506570949_1093752680_0\0_267.jpg
506570949_1093751860_0,506570949,1093751860,0,0,10.299084384312849,123.90871193150217,28.7379894251892,data\road_images\506570949_1093751860_0\0_29.jpg
529894714_660720837_0,529894714,660720837,0,0,10.296805599999999,123.9082329,124.29781035229621,data\road_images\529894714_660720837_0\0_124.jpg
529894714_660720839_0,529894714,660720839,0,0,10.297157949999999,123.9077111,306.70215788633476,data\road_images\529894714_660720839_0\0_307.jpg
529894714_324580402_0,529894714,324580402,0,0,10.297797756649784,123.90810113245638,27.869170275717636,data\road_images\529894714_324580402_0\0_28.jpg
529894714_940959713_0,529894714,940959713,0,0,10.296962908475422,123.907654132508,207.81444385961802,data\road_images\529894714_940959713_0\0_208.jpg
529894720_660720839_0,529894720,660720839,0,0,10.29741188076331,123.90680615338475,102.13428506785874,data\road_images\529894720_660720839_0\0_102.jpg
529894720_497829304_0,529894720,497829304,0,0,10.297012768221288,123.90579490560988,191.73231300886178,data\road_images\529894720_497829304_0\0_192.jpg
529894720_497829280_0,529894720,497829280,0,0,10.297950689891026,123.90598061834734,10.368273731255783,data\road_images\529894720_497829280_0\0_10.jpg
529894729_281446261_0,529894729,281446261,0,0,10.293468651152505,123.90356208372077,26.45367350069114,data\road_images\529894729_281446261_0\0_26.jpg
529894729_5709847586_0,529894729,5709847586,0,0,10.293213939701461,123.90297660524732,291.1294269373625,data\road_images\529894729_5709847586_0\0_291.jpg
529894729_281446260_0,529894729,281446260,0,0,10.292703820555197,123.90318837054464,203.1982398367151,data\road_images\529894729_281446260_0\0_203.jpg
529894729_601834678_0,529894729,601834678,0,0,10.29291641258021,123.90376455481996,111.23766712468836,data\road_images\529894729_601834678_0\0_111.jpg
529894731_956663874_0,529894731,956663874,0,0,10.29200455,123.90386175,111.33784241853368,data\road_images\529894731_956663874_0\0_111.jpg
529894731_281446260_0,529894731,281446260,0,0,10.292168770267812,123.90343131560076,291.7572322668462,data\road_images\529894731_281446260_0\0_292.jpg
529894731_601834678_0,529894731,601834678,0,0,10.292388749768417,123.90400095486422,24.214859994019264,data\road_images\529894731_601834678_0\0_24.jpg
531572438_1682725133_0,531572438,1682725133,0,0,10.31266306226458,123.90228571489857,246.63234919913845,data\road_images\531572438_1682725133_0\0_247.jpg
531572438_648756008_0,531572438,648756008,0,0,10.31289490294345,123.90287650596213,334.0970365089864,data\road_images\531572438_648756008_0\0_334.jpg
531572438_1682725119_0,531572438,1682725119,0,0,10.312356073121519,123.90314168393795,153.99168338645632,data\road_images\531572438_1682725119_0\0_154.jpg
531572551_648743304_0,531572551,648743304,0,0,10.312869999853612,123.9093911355302,339.6162226009136,data\road_images\531572551_648743304_0\0_340.jpg
531572551_988592495_0,531572551,988592495,0,0,10.312122301313599,123.9102871196851,60.48800917809763,data\road_images\531572551_988592495_0\0_60.jpg
531572551_622267620_0,531572551,622267620,0,0,10.31152107678671,123.90948097049436,226.79773507576795,data\road_images\531572551_622267620_0\0_227.jpg
533699485_912971863_0,533699485,912971863,0,0,10.309190684650893,123.89295561187016,104.13117006155284,data\road_images\533699485_912971863_0\0_104.jpg
533699485_960110034_0,533699485,960110034,0,0,10.309318756446842,123.89269409512954,309.1108007917454,data\road_images\533699485_960110034_0\0_309.jpg
533699485_1097698592_0,533699485,1097698592,0,0,10.309090780921245,123.89230999970327,252.30196068625878,data\road_images\533699485_1097698592_0\0_252.jpg
600288667_304727897_0,600288667,304727897,0,0,10.299400112535409,123.91026632919588,206.4688633986004,data\road_images\600288667_304727897_0\0_206.jpg
600288667_317764268_0,600288667,317764268,0,0,10.301202916657525,123.91061415219218,321.627718047289,data\road_images\600288667_317764268_0\0_322.jpg
601834678_529894729_0,601834678,529894729,0,0,10.29291641258021,123.90376455481996,291.23781273152986,data\road_images\601834678_529894729_0\0_291.jpg
601834678_529894731_0,601834678,529894731,0,0,10.292388749768417,123.90400095486422,204.21492079595663,data\road_images\601834678_529894731_0\0_204.jpg
601834678_281446262_0,601834678,281446262,0,0,10.29314664324598,123.9043533416951,24.74078941216601,data\road_images\601834678_281446262_0\0_25.jpg
601834684_601834777_0,601834684,601834777,0,0,10.2936786,123.89981245,196.05621566132734,data\road_images\601834684_601834777_0\0_196.jpg
601834684_317773490_0,601834684,317773490,0,0,10.294305897106819,123.89951064299127,278.07310940502316,data\road_images\601834684_317773490_0\0_278.jpg
601834684_317773496_0,601834684,317773496,0,0,10.294117187143517,123.90029699641565,105.81460135561116,data\road_images\601834684_317773496_0\0_106.jpg
601834684_601834856_0,601834684,601834856,0,0,10.294782348861704,123.90013796549316,16.329606349063056,data\road_images\601834684_601834856_0\0_16.jpg
601834686_666067569_0,601834686,666067569,0,0,10.2934863,123.89713145,255.85970268683326,data\road_images\601834686_666067569_0\0_256.jpg
601834686_281446251_0,601834686,281446251,0,0,10.293581141967257,123.8975143019936,75.86918613331687,data\road_images\601834686_281446251_0\0_76.jpg
601834686_601834760_0,601834686,601834760,0,0,10.292990456564409,123.89728487637836,174.64874119236822,data\road_images\601834686_601834760_0\0_175.jpg
601834715_281446257_0,601834715,281446257,0,0,10.292047400000001,123.89985759999999,77.33791974687972,data\road_images\601834715_281446257_0\0_77.jpg
601834715_5769709240_0,601834715,5769709240,0,0,10.2919609,123.89949995,252.96555837152948,data\road_images\601834715_5769709240_0\0_253.jpg
601834715_1093382155_0,601834715,1093382155,0,0,10.292033700000001,123.89948275,292.5776544283132,data\road_images\601834715_1093382155_0\0_293.jpg
601834751_380438497_0,601834751,380438497,0,0,10.29240695,123.8982905,107.27859005009657,data\road_images\601834751_380438497_0\0_107.jpg
601834751_281446253_0,601834751,281446253,0,0,10.292846437912486,123.89800230516884,345.1666848886671,data\road_images\601834751_281446253_0\0_345.jpg
601834760_1093748411_0,601834760,1093748411,0,0,10.292499296972172,123.89679999556263,277.6224168181415,data\road_images\601834760_1093748411_0\0_278.jpg
601834760_601834686_0,601834760,601834686,0,0,10.292990456564409,123.89728487637836,354.6487589176046,data\road_images\601834760_601834686_0\0_355.jpg
601834777_281446255_0,601834777,281446255,0,0,10.29305185,123.8999914,106.33599713428401,data\road_images\601834777_281446255_0\0_106.jpg
601834777_1093382155_0,601834777,1093382155,0,0,10.2926134,123.89951515,194.6559506886874,data\road_images\601834777_1093382155_0\0_195.jpg
601834777_281446254_0,601834777,281446254,0,0,10.2932736,123.89922225000001,286.3284240749401,data\road_images\601834777_281446254_0\0_286.jpg
601834777_601834684_0,601834777,601834684,0,0,10.2936786,123.89981245,16.056160212715554,data\road_images\601834777_601834684_0\0_16.jpg
601834856_1093752053_0,601834856,1093752053,0,0,10.29526915,123.90051385,113.1914989180446,data\road_images\601834856_1093752053_0\0_113.jpg
601834856_601834684_0,601834856,601834684,0,0,10.294782348861704,123.90013796549316,196.3296673615437,data\road_images\601834856_601834684_0\0_196.jpg
601834856_317773495_0,601834856,317773495,0,0,10.295535085830698,123.89990609239354,294.5908943391745,data\road_images\601834856_317773495_0\0_295.jpg
622255117_660720829_0,622255117,660720829,0,0,10.297456228287325,123.89866433849596,332.81644006181074,data\road_images\622255117_660720829_0\0_333.jpg
622255117_8696673065_0,622255117,8696673065,0,0,10.296600300310294,123.89879152100916,239.6389398642451,data\road_images\622255117_8696673065_0\0_240.jpg
622255117_8696673073_0,622255117,8696673073,0,0,10.296820136020061,123.89917305806041,59.631783410780486,data\road_images\622255117_8696673073_0\0_60.jpg
622255117_8696673075_0,622255117,8696673075,0,0,10.296669404645487,123.89916832512661,119.1369313282529,data\road_images\622255117_8696673075_0\0_119.jpg
622255125_1093750438_0,622255125,1093750438,0,0,10.30152945,123.8994457,331.3034393994641,data\road_images\622255125_1093750438_0\0_331.jpg
622255125_1093750354_0,622255125,1093750354,0,0,10.3008934,123.89979915,151.39932020301512,data\road_images\622255125_1093750354_0\0_151.jpg
622255125_1093750411_0,622255125,1093750411,0,0,10.30097205,123.8994685,241.83511495123213,data\road_images\622255125_1093750411_0\0_242.jpg
622255125_8498787530_0,622255125,8498787530,0,0,10.3012488,123.8999838,61.022626455075624,data\road_images\622255125_8498787530_0\0_61.jpg
622264025_280332570_0,622264025,280332570,0,0,10.313792349157781,123.90147668533686,208.28384198418166,data\road_images\622264025_280332570_0\0_208.jpg
622264025_8865044742_0,622264025,8865044742,0,0,10.314850883430081,123.90179240904028,146.26139963850164,data\road_images\622264025_8865044742_0\0_146.jpg
622264025_8865044737_0,622264025,8865044737,0,0,10.315140471153237,123.90164908673557,332.63016788097326,data\road_images\622264025_8865044737_0\0_333.jpg
622267604_1093750967_0,622267604,1093750967,0,0,10.304949796137684,123.90654878217991,82.42860659257764,data\road_images\622267604_1093750967_0\0_82.jpg
622267604_1093750607_0,622267604,1093750607,0,0,10.30529084872744,123.90613362400019,357.2293306335041,data\road_images\622267604_1093750607_0\0_357.jpg
622267604_1093750659_0,622267604,1093750659,0,0,10.304773398484372,123.90615906904043,177.23055378591425,data\road_images\622267604_1093750659_0\0_177.jpg
622267606_1093750811_0,622267606,1093750811,0,0,10.302840185002315,123.90703060479412,87.83275283642138,data\road_images\622267606_1093750811_0\0_88.jpg
622267606_1093750889_0,622267606,1093750889,0,0,10.303112651864721,123.90640946175853,351.1285179661164,data\road_images\622267606_1093750889_0\0_351.jpg
622267606_317000951_0,622267606,317000951,0,0,10.302356942801657,123.90652093344072,173.06238038577737,data\road_images\622267606_317000951_0\0_173.jpg
622267610_960098117_0,622267610,960098117,0,0,10.306793200000001,123.90558275000001,306.6678000860711,data\road_images\622267610_960098117_0\0_307.jpg
622267610_8374957602_0,622267610,8374957602,0,0,10.30754969428352,123.90625075827622,38.48972704537556,data\road_images\622267610_8374957602_0\0_38.jpg
622267610_622267614_0,622267610,622267614,0,0,10.306585383420288,123.90588355396635,124.35408836883602,data\road_images\622267610_622267614_0\0_124.jpg
622267610_8386759452_0,622267610,8386759452,0,0,10.306717899999999,123.90561790000001,216.62325760072562,data\road_images\622267610_8386759452_0\0_217.jpg
622267614_8386759449_0,622267614,8386759449,0,0,10.306388949999999,123.90608424999999,230.37072202676643,data\road_images\622267614_8386759449_0\0_230.jpg
622267614_3396924744_0,622267614,3396924744,0,0,10.30742959914807,123.90646449239503,24.08067373062198,data\road_images\622267614_3396924744_0\0_24.jpg
622267614_622267610_0,622267614,622267610,0,0,10.306585383420288,123.90588355396635,304.3541751247983,data\road_images\622267614_622267610_0\0_304.jpg
622267614_317000954_0,622267614,317000954,0,0,10.306178926654495,123.90617143511774,182.88839164674513,data\road_images\622267614_317000954_0\0_183.jpg
622267620_996264226_0,622267620,996264226,0,0,10.311444759169271,123.90893398117566,326.2511112972221,data\road_images\622267620_996264226_0\0_326.jpg
622267620_2201548388_0,622267620,2201548388,0,0,10.310311461657864,123.90837061679287,218.29424661505055,data\road_images\622267620_2201548388_0\0_218.jpg
622267620_531572551_0,622267620,531572551,0,0,10.31152107678671,123.90948097049436,46.79760111211306,data\road_images\622267620_531572551_0\0_47.jpg
648110877_12116282675_0,648110877,12116282675,0,0,10.3185207,123.90781645,309.0069367533008,data\road_images\648110877_12116282675_0\0_309.jpg
648110877_280332507_0,648110877,280332507,0,0,10.31841155,123.90786735,216.900916729866,data\road_images\648110877_280332507_0\0_217.jpg
648110877_648111460_0,648110877,648111460,0,0,10.318418099999999,123.9079449,129.1941187746845,data\road_images\648110877_648111460_0\0_129.jpg
648110877_12116282672_0,648110877,12116282672,0,0,10.318515182949875,123.90795067049416,39.30072730524603,data\road_images\648110877_12116282672_0\0_39.jpg
648110963_6351694901_0,648110963,6351694901,0,0,10.3204304,123.90383944999999,273.6673038104297,data\road_images\648110963_6351694901_0\0_274.jpg
648110963_470965746_0,648110963,470965746,0,0,10.321161241926013,123.90436442857066,30.307039017036402,data\road_images\648110963_470965746_0\0_30.jpg
648110963_470965752_0,648110963,470965752,0,0,10.320379299999999,123.9038859,209.27815092393683,data\road_images\648110963_470965752_0\0_209.jpg
648110963_5836460308_0,648110963,5836460308,0,0,10.320283029615638,123.90421345928877,114.05857267753106,data\road_images\648110963_5836460308_0\0_114.jpg
648111319_648111324_0,648111319,648111324,0,0,10.3161728,123.90582635,18.173943976008673,data\road_images\648111319_648111324_0\0_18.jpg
648111319_12116282636_0,648111319,12116282636,0,0,10.316095950000001,123.9059129,105.38146049939269,data\road_images\648111319_12116282636_0\0_105.jpg
648111319_280332555_0,648111319,280332555,0,0,10.31613835,123.90575820000001,285.93422807402237,data\road_images\648111319_280332555_0\0_286.jpg
648111319_12116282632_0,648111319,12116282632,0,0,10.31604565,123.905786,196.8115349045895,data\road_images\648111319_12116282632_0\0_197.jpg
648111324_12116282620_0,648111324,12116282620,0,0,10.3162972,123.90587034999999,19.838560661505483,data\road_images\648111324_12116282620_0\0_20.jpg
648111324_648112258_0,648111324,648112258,0,0,10.31623565,123.9057893,284.76859768817496,data\road_images\648111324_648112258_0\0_285.jpg
648111324_648111319_0,648111324,648111319,0,0,10.3161728,123.90582635,198.1739498320293,data\road_images\648111324_648111319_0\0_198.jpg
648111324_12116282622_0,648111324,12116282622,0,0,10.3161995,123.90594175,102.88950425997484,data\road_images\648111324_12116282622_0\0_103.jpg
648111439_648111460_0,648111439,648111460,0,0,10.31834,123.90795465,39.54690968151067,data\road_images\648111439_648111460_0\0_40.jpg
648111439_12116282667_0,648111439,12116282667,0,0,10.3182457,123.9079793,131.58821280418658,data\road_images\648111439_12116282667_0\0_132.jpg
648111439_280332507_0,648111439,280332507,0,0,10.31833345,123.90787710000001,310.4256122878969,data\road_images\648111439_280332507_0\0_310.jpg
648111439_12116282664_0,648111439,12116282664,0,0,10.318235600000001,123.9078736,215.83323128712973,data\road_images\648111439_12116282664_0\0_216.jpg
648111460_648110877_0,648111460,648110877,0,0,10.318418099999999,123.9079449,309.194134895554,data\road_images\648111460_648110877_0\0_309.jpg
648111460_12116282671_0,648111460,12116282671,0,0,10.318441799999999,123.90803815000001,38.44279252757866,data\road_images\648111460_12116282671_0\0_38.jpg
648111460_648111439_0,648111460,648111439,0,0,10.31834,123.90795465,219.5469223100373,data\road_images\648111460_648111439_0\0_220.jpg
648111460_12116282668_0,648111460,12116282668,0,0,10.31833595,123.90804345000001,131.1560408130713,data\road_images\648111460_12116282668_0\0_131.jpg
648112106_280332338_0,648112106,280332338,0,0,10.31546685,123.9077436,186.827903995362,data\road_images\648112106_280332338_0\0_187.jpg
648112106_648751988_0,648112106,648751988,0,0,10.315799996177985,123.90711599570163,293.34251544602796,data\road_images\648112106_648751988_0\0_293.jpg
648112106_648743377_0,648112106,648743377,0,0,10.315739361783947,123.90835305494303,57.233363753678645,data\road_images\648112106_648743377_0\0_57.jpg
648112258_280332555_0,648112258,280332555,0,0,10.3162012,123.90572115,196.72270556678268,data\road_images\648112258_280332555_0\0_197.jpg
648112258_12116282631_0,648112258,12116282631,0,0,10.3162801,123.90561865000001,284.856653647785,data\road_images\648112258_12116282631_0\0_285.jpg
648112258_648111324_0,648112258,648111324,0,0,10.31623565,123.9057893,104.76857856198376,data\road_images\648112258_648111324_0\0_105.jpg
648112258_12116282627_0,648112258,12116282627,0,0,10.3163227,123.9057632,20.14917904811574,data\road_images\648112258_12116282627_0\0_20.jpg
648112558_648112573_0,648112558,648112573,0,0,10.31772805,123.90257285,204.61088487759307,data\road_images\648112558_648112573_0\0_205.jpg
648112558_282920166_0,648112558,282920166,0,0,10.31785630586639,123.90263253751765,24.602830932068798,data\road_images\648112558_282920166_0\0_25.jpg
648112558_648751004_0,648112558,648751004,0,0,10.317622816827027,123.9029360341337,115.91195473077238,data\road_images\648112558_648751004_0\0_116.jpg
648112573_648112558_0,648112573,648112558,0,0,10.31772805,123.90257285,24.610875545959402,data\road_images\648112573_648112558_0\0_25.jpg
648112573_2454729650_0,648112573,2454729650,0,0,10.317515498621379,123.90288374935926,115.2857963855999,data\road_images\648112573_2454729650_0\0_115.jpg
648112573_1101216245_0,648112573,1101216245,0,0,10.317432640958868,123.90243536943004,204.60380800827724,data\road_images\648112573_1101216245_0\0_205.jpg
648743304_531572551_0,648743304,531572551,0,0,10.312869999853612,123.9093911355302,159.61608054542285,data\road_images\648743304_531572551_0\0_160.jpg
648743304_648743371_0,648743304,648743371,0,0,10.314335975523218,123.90923018042095,10.527538671947298,data\road_images\648743304_648743371_0\0_11.jpg
648743304_280332338_0,648743304,280332338,0,0,10.314312294800361,123.908154327773,317.5036344543505,data\road_images\648743304_280332338_0\0_318.jpg
648743335_12116282668_0,648743335,12116282668,0,0,10.318137499999999,123.90827415,311.167416319354,data\road_images\648743335_12116282668_0\0_311.jpg
648743335_648743336_0,648743335,648743336,0,0,10.3179415,123.90841449999999,219.70583262401558,data\road_images\648743335_648743336_0\0_220.jpg
648743335_648743420_0,648743335,648743420,0,0,10.316883668838091,123.90954193992708,159.2265175811459,data\road_images\648743335_648743420_0\0_159.jpg
648743335_648743337_0,648743335,648743337,0,0,10.31714312360485,123.90908081282448,166.49508072843423,data\road_images\648743335_648743337_0\0_166.jpg
648743336_648743335_0,648743336,648743335,0,0,10.3179415,123.90841449999999,39.70581944155725,data\road_images\648743336_648743335_0\0_40.jpg
648743336_648743377_0,648743336,648743377,0,0,10.316833654353502,123.90794884569192,165.95635242396156,data\road_images\648743336_648743377_0\0_166.jpg
648743336_648743377_1,648743336,648743377,1,0,10.317129458517373,123.90895044569858,165.95635242396156,data\road_images\648743336_648743377_1\0_166.jpg
648743336_12116282667_0,648743336,12116282667,0,0,10.31804565,123.90820845,311.5832544956803,data\road_images\648743336_12116282667_0\0_312.jpg
648743337_648743377_0,648743337,648743377,0,0,10.31617065,123.90885535,308.6986572605157,data\road_images\648743337_648743377_0\0_309.jpg
648743337_648743371_0,648743337,648743371,0,0,10.315494895287884,123.90917649227228,167.4186689939745,data\road_images\648743337_648743371_0\0_167.jpg
648743337_648743335_0,648743337,648743335,0,0,10.31714312360485,123.90908081282448,346.49516171526255,data\road_images\648743337_648743335_0\0_346.jpg
648743337_1105801874_0,648743337,1105801874,0,0,10.31601114400294,123.908799521473,220.8127869221155,data\road_images\648743337_1105801874_0\0_221.jpg
648743371_648743337_0,648743371,648743337,0,0,10.315494895287884,123.90917649227228,347.4187249704437,data\road_images\648743371_648743337_0\0_347.jpg
648743371_648743304_0,648743371,648743304,0,0,10.314335975523218,123.90923018042095,190.527565457651,data\road_images\648743371_648743304_0\0_191.jpg
648743371_648743420_0,648743371,648743420,0,0,10.31475915,123.90945475,88.91416886004413,data\road_images\648743371_648743420_0\0_89.jpg
648743377_648743337_0,648743377,648743337,0,0,10.31617065,123.90885535,128.69864001505505,data\road_images\648743377_648743337_0\0_129.jpg
648743377_648112106_0,648743377,648112106,0,0,10.315739361783947,123.90835305494303,237.2335526059177,data\road_images\648743377_648112106_0\0_237.jpg
648743377_648743336_0,648743377,648743336,0,0,10.316833654353502,123.90794884569192,345.9564293452789,data\road_images\648743377_648743336_0\0_346.jpg
648743377_648743336_1,648743377,648743336,1,0,10.317129458517373,123.90895044569858,345.9564293452789,data\road_images\648743377_648743336_1\0_346.jpg
648743420_648743371_0,648743420,648743371,0,0,10.31475915,123.90945475,268.9142543231447,data\road_images\648743420_648743371_0\0_269.jpg
648743420_5823791578_0,648743420,5823791578,0,0,10.314363323645772,123.90975425116623,179.42510895090209,data\road_images\648743420_5823791578_0\0_179.jpg
648743420_648743335_0,648743420,648743335,0,0,10.316883668838091,123.90954193992708,339.22674002063496,data\road_images\648743420_648743335_0\0_339.jpg
648751003_5836460308_0,648751003,5836460308,0,0,10.3201068,123.9045026,20.540866150249883,data\road_images\648751003_5836460308_0\0_21.jpg
648751003_648751004_0,648751003,648751004,0,0,10.318765372079547,123.90386363060026,204.65033265695203,data\road_images\648751003_648751004_0\0_205.jpg
648751003_12116282676_0,648751003,12116282676,0,0,10.319635211363552,123.90618452864896,116.33918163639152,data\road_images\648751003_12116282676_0\0_116.jpg
648751003_470965752_0,648751003,470965752,0,0,10.320183717658093,123.90416677589809,294.3112682607001,data\road_images\648751003_470965752_0\0_294.jpg
648751004_2454729650_0,648751004,2454729650,0,0,10.3174103,123.90324695000001,206.676911611632,data\road_images\648751004_2454729650_0\0_207.jpg
648751004_648112558_0,648751004,648112558,0,0,10.317622816827027,123.9029360341337,295.91207550113353,data\road_images\648751004_648112558_0\0_296.jpg
648751004_648751003_0,648751004,648751003,0,0,10.318765372079547,123.90386363060026,24.65011593442449,data\road_images\648751004_648751003_0\0_25.jpg
648751004_5836449605_0,648751004,5836449605,0,0,10.317265118039057,123.90367538432825,124.76993219844917,data\road_images\648751004_5836449605_0\0_125.jpg
648751987_648751988_0,648751987,648751988,0,0,10.316017550000002,123.9064687,14.820866615784439,data\road_images\648751987_648751988_0\0_15.jpg
648751987_280332338_0,648751987,280332338,0,0,10.315670832975837,123.90709193623586,114.0592733344746,data\road_images\648751987_280332338_0\0_114.jpg
648751987_12116282636_0,648751987,12116282636,0,0,10.316010068297835,123.90623346206334,284.6080176256991,data\road_images\648751987_12116282636_0\0_285.jpg
648751988_648751987_0,648751988,648751987,0,0,10.316017550000002,123.9064687,194.82087252539043,data\road_images\648751988_648751987_0\0_195.jpg
648751988_5815513309_0,648751988,5815513309,0,0,10.316513065910478,123.90676736029678,75.31443273905654,data\road_images\648751988_5815513309_0\0_75.jpg
648751988_12116282622_0,648751988,12116282622,0,0,10.316127424099804,123.90626286121106,282.671239105292,data\road_images\648751988_12116282622_0\0_283.jpg
648751988_648112106_0,648751988,648112106,0,0,10.315799996177985,123.90711599570163,113.34228848804793,data\road_images\648751988_648112106_0\0_113.jpg
648756006_5814889652_0,648756006,5814889652,0,0,10.3142702,123.90350475,335.7031005117223,data\road_images\648756006_5814889652_0\0_336.jpg
648756006_648756009_0,648756006,648756009,0,0,10.3137764,123.90373195000001,155.2065605297737,data\road_images\648756006_648756009_0\0_155.jpg
648756006_5814889954_0,648756006,5814889954,0,0,10.3137177,123.90346869999999,243.46278906283726,data\road_images\648756006_5814889954_0\0_243.jpg
648756006_1101215444_0,648756006,1101215444,0,0,10.31393320976062,123.9039245080615,66.78510343935352,data\road_images\648756006_1101215444_0\0_67.jpg
648756008_369910967_0,648756008,369910967,0,0,10.3132536,123.90269805,332.9208404085738,data\road_images\648756008_369910967_0\0_333.jpg
648756008_5815607641_0,648756008,5815607641,0,0,10.313341441538608,123.90301132992744,63.33593760785374,data\road_images\648756008_5815607641_0\0_63.jpg
648756008_531572438_0,648756008,531572438,0,0,10.31289490294345,123.90287650596213,154.09698255128387,data\road_images\648756008_531572438_0\0_154.jpg
648756009_648756006_0,648756009,648756006,0,0,10.3137764,123.90373195000001,335.2065701798568,data\road_images\648756009_648756006_0\0_335.jpg
648756009_648756010_0,648756009,648756010,0,0,10.313822518296067,123.90397877740645,65.91541609383529,data\road_images\648756009_648756010_0\0_66.jpg
648756009_1101215458_0,648756009,1101215458,0,0,10.313200125575559,123.90402668744585,153.52612753761105,data\road_images\648756009_1101215458_0\0_154.jpg
648756009_5815607641_0,648756009,5815607641,0,0,10.3136007,123.90352795,242.49655631266555,data\road_images\648756009_5815607641_0\0_242.jpg
648756010_1101215444_0,648756010,1101215444,0,0,10.313967949999999,123.9041765,333.14966919664863,data\road_images\648756010_1101215444_0\0_333.jpg
648756010_8374966946_0,648756010,8374966946,0,0,10.314044831147308,123.90454559656604,67.40056247230677,data\road_images\648756010_8374966946_0\0_67.jpg
648756010_1101215502_0,648756010,1101215502,0,0,10.313382284203522,123.90444356490325,156.1089511506607,data\road_images\648756010_1101215502_0\0_156.jpg
648756010_648756009_0,648756010,648756009,0,0,10.313822518296067,123.90397877740645,245.91549576648285,data\road_images\648756010_648756009_0\0_246.jpg
648756016_5938046306_0,648756016,5938046306,0,0,10.30652555,123.90415229999999,89.14162588426177,data\road_images\648756016_5938046306_0\0_89.jpg
648756016_5938046301_0,648756016,5938046301,0,0,10.30641135,123.90405435,186.5344517517814,data\road_images\648756016_5938046301_0\0_187.jpg
648756016_1093750543_0,648756016,1093750543,0,0,10.306593877538628,123.90393002233917,304.5946175608646,data\road_images\648756016_1093750543_0\0_305.jpg
648757168_648757169_0,648757168,648757169,0,0,10.311785350000001,123.9051573,155.79474283990044,data\road_images\648757168_648757169_0\0_156.jpg
648757168_10723337345_0,648757168,10723337345,0,0,10.312950741568535,123.90508425895662,1.0829808196447175,data\road_images\648757168_10723337345_0\0_1.jpg
648757168_1101215502_0,648757168,1101215502,0,0,10.31241478707095,123.90487587079673,336.46660560089805,data\road_images\648757168_1101215502_0\0_336.jpg
648757169_1101215578_0,648757169,1101215578,0,0,10.31150835,123.90504684999999,247.13901876660512,data\road_images\648757169_1101215578_0\0_247.jpg
648757169_996264877_0,648757169,996264877,0,0,10.311685554358853,123.90544730775919,60.56156015821608,data\road_images\648757169_996264877_0\0_61.jpg
648757169_648757168_0,648757169,648757168,0,0,10.311785350000001,123.9051573,335.7947746310895,data\road_images\648757169_648757168_0\0_336.jpg
648757179_1684158493_0,648757179,1684158493,0,0,10.3154852,123.90555355000001,292.4295144397061,data\road_images\648757179_1684158493_0\0_292.jpg
648757179_648757180_0,648757179,648757180,0,0,10.31537333216656,123.90582769193814,111.44865546941554,data\road_images\648757179_648757180_0\0_111.jpg
648757179_12116282632_0,648757179,12116282632,0,0,10.315715679789648,123.90568406522394,16.949242961385153,data\road_images\648757179_12116282632_0\0_17.jpg
648757179_8374966946_0,648757179,8374966946,0,0,10.314756589893621,123.90535598796065,209.30165500343526,data\road_images\648757179_8374966946_0\0_209.jpg
648757180_648757179_0,648757180,648757179,0,0,10.31537333216656,123.90582769193814,291.44873547629004,data\road_images\648757180_648757179_0\0_291.jpg
648757180_8374843113_0,648757180,8374843113,0,0,10.315584320422742,123.9062072561774,26.74108657818084,data\road_images\648757180_8374843113_0\0_27.jpg
648757180_10723337345_0,648757180,10723337345,0,0,10.314467733033872,123.9057264031242,212.8858125707943,data\road_images\648757180_10723337345_0\0_213.jpg
655579247_655579273_0,655579247,655579273,0,0,10.3270403,123.90602824999999,119.47748571205244,data\road_images\655579247_655579273_0\0_119.jpg
655579273_655579247_0,655579273,655579247,0,0,10.3270403,123.90602824999999,299.47750408709743,data\road_images\655579273_655579247_0\0_299.jpg
655579273_5824833960_0,655579273,5824833960,0,0,10.326592565804878,123.90668438736066,126.24809486020536,data\road_images\655579273_5824833960_0\0_126.jpg
660720829_660726269_0,660720829,660726269,0,0,10.299182720630863,123.89815859535281,352.463372081353,data\road_images\660720829_660726269_0\0_352.jpg
660720829_960097955_0,660720829,960097955,0,0,10.297958363591142,123.89789244513801,242.14687492540423,data\road_images\660720829_960097955_0\0_242.jpg
660720829_281446240_0,660720829,281446240,0,0,10.29855380948955,123.8991067431738,66.49239229106342,data\road_images\660720829_281446240_0\0_66.jpg
660720829_622255117_0,660720829,622255117,0,0,10.297456228287325,123.89866433849596,152.81630674372207,data\road_images\660720829_622255117_0\0_153.jpg
660720836_1093752073_0,660720836,1093752073,0,0,10.295763642072565,123.9051267963435,295.12027265471676,data\road_images\660720836_1093752073_0\0_295.jpg
660720836_922246557_0,660720836,922246557,0,0,10.295253886762252,123.90531840894225,201.0715819891149,data\road_images\660720836_922246557_0\0_201.jpg
660720836_497829304_0,660720836,497829304,0,0,10.296040098294359,123.90556853441531,14.462953353478952,data\road_images\660720836_497829304_0\0_14.jpg
660720837_529894714_0,660720837,529894714,0,0,10.296805599999999,123.9082329,304.2979844879256,data\road_images\660720837_529894714_0\0_304.jpg
660720837_304727897_0,660720837,304727897,0,0,10.297250309306579,123.90914297031702,27.52448050923124,data\road_images\660720837_304727897_0\0_28.jpg
660720837_1107238500_0,660720837,1107238500,0,0,10.296089480581923,123.90850316372436,208.73144213749293,data\road_images\660720837_1107238500_0\0_209.jpg
660720839_529894714_0,660720839,529894714,0,0,10.297157949999999,123.9077111,126.70214548139762,data\road_images\660720839_529894714_0\0_127.jpg
660720839_529894720_0,660720839,529894720,0,0,10.29741188076331,123.90680615338475,282.13460118186106,data\road_images\660720839_529894720_0\0_282.jpg
660720839_940959680_0,660720839,940959680,0,0,10.297010470737964,123.9075846857134,207.42012746052282,data\road_images\660720839_940959680_0\0_207.jpg
660720839_506570949_0,660720839,506570949,0,0,10.297830567587996,123.90802308760378,27.677827880265966,data\road_images\660720839_506570949_0\0_28.jpg
660726269_5774203484_0,660726269,5774203484,0,0,10.301182768214787,123.89760734259039,337.7649872145498,data\road_images\660726269_5774203484_0\0_338.jpg
660726269_5796546994_0,660726269,5796546994,0,0,10.30035529794534,123.89832951572818,61.91905799238157,data\road_images\660726269_5796546994_0\0_62.jpg
660726269_5774188114_0,660726269,5774188114,0,0,10.30014942364185,123.89793545305365,241.95289310070234,data\road_images\660726269_5774188114_0\0_242.jpg
660726269_660720829_0,660726269,660720829,0,0,10.299182720630863,123.89815859535281,172.46332343309393,data\road_images\660726269_660720829_0\0_172.jpg
660726274_666067573_0,660726274,666067573,0,0,10.302669166115704,123.8974081677004,72.4626185314271,data\road_images\660726274_666067573_0\0_72.jpg
660726274_324580149_0,660726274,324580149,0,0,10.30235842484733,123.89649780687603,250.43607282564372,data\road_images\660726274_324580149_0\0_250.jpg
660726274_5774203484_0,660726274,5774203484,0,0,10.30236035,123.89712025,158.15714565261453,data\road_images\660726274_5774203484_0\0_158.jpg
660735267_5804558240_0,660735267,5804558240,0,0,10.29833625,123.9036864,173.41971410456608,data\road_images\660735267_5804558240_0\0_173.jpg
660735267_2231564468_0,660735267,2231564468,0,0,10.298617400000001,123.90370419999999,12.301251721556866,data\road_images\660735267_2231564468_0\0_12.jpg
660735267_317773521_0,660735267,317773521,0,0,10.298705,123.90354855000001,333.0928582954291,data\road_images\660735267_317773521_0\0_333.jpg
665829339_1214783234_0,665829339,1214783234,0,0,10.301711909023417,123.90312972905352,85.97568687446841,data\road_images\665829339_1214783234_0\0_86.jpg
665829339_8323856659_0,665829339,8323856659,0,0,10.301501133214636,123.90245007692654,148.68953400910368,data\road_images\665829339_8323856659_0\0_149.jpg
665829339_7975068634_0,665829339,7975068634,0,0,10.3017375,123.90230905,329.2007561419666,data\road_images\665829339_7975068634_0\0_329.jpg
665829342_324580518_0,665829342,324580518,0,0,10.301920599999999,123.90876055,92.16328418663659,data\road_images\665829342_324580518_0\0_92.jpg
665829342_1093750805_0,665829342,1093750805,0,0,10.3019467449922,123.90793448270466,271.4200578716738,data\road_images\665829342_1093750805_0\0_271.jpg
665829342_1093752729_0,665829342,1093752729,0,0,10.30337277496798,123.90867787782612,12.083330412240343,data\road_images\665829342_1093752729_0\0_12.jpg
665829356_666178210_0,665829356,666178210,0,0,10.306490199999999,123.91038065000001,236.33421112213986,data\road_images\665829356_666178210_0\0_236.jpg
665829356_937431099_0,665829356,937431099,0,0,10.3068283992597,123.91015422158269,319.3830918965944,data\road_images\665829356_937431099_0\0_319.jpg
665829356_2213820754_0,665829356,2213820754,0,0,10.30618213443953,123.91069076459829,141.25063793201275,data\road_images\665829356_2213820754_0\0_141.jpg
665833183_1093752273_0,665833183,1093752273,0,0,10.299670299999999,123.903865,351.8876101476653,data\road_images\665833183_1093752273_0\0_352.jpg
665833183_5770771913_0,665833183,5770771913,0,0,10.299607928246358,123.90449216629685,77.01252675620174,data\road_images\665833183_5770771913_0\0_77.jpg
665833183_2231564468_0,665833183,2231564468,0,0,10.299119703219207,123.90381553547779,192.30519654332616,data\road_images\665833183_2231564468_0\0_192.jpg
665833184_482223981_0,665833184,482223981,0,0,10.3001423,123.9063832,6.849125414982325,data\road_images\665833184_482223981_0\0_7.jpg
665833184_1093752691_0,665833184,1093752691,0,0,10.29993125,123.9063527,190.1802873345961,data\road_images\665833184_1093752691_0\0_190.jpg
665833184_5770771913_0,665833184,5770771913,0,0,10.299888140312056,123.90572670837285,258.0496762602031,data\road_images\665833184_5770771913_0\0_258.jpg
665869171_1141745410_0,665869171,1141745410,0,0,10.2972577,123.87892875,176.81166259584313,data\road_images\665869171_1141745410_0\0_177.jpg
665869171_1140342638_0,665869171,1140342638,0,0,10.297515050000001,123.8791089,80.38560552863191,data\road_images\665869171_1140342638_0\0_80.jpg
665869171_1141745412_0,665869171,1141745412,0,0,10.297460833542603,123.8786233635226,266.8629408218558,data\road_images\665869171_1141745412_0\0_267.jpg
665869173_1143376355_0,665869173,1143376355,0,0,10.2963863,123.88497939999999,64.51790262027254,data\road_images\665869173_1143376355_0\0_65.jpg
665869173_937431165_0,665869173,937431165,0,0,10.296359200000001,123.88478105,330.91910093167144,data\road_images\665869173_937431165_0\0_331.jpg
665869173_5779790329_0,665869173,5779790329,0,0,10.2961986,123.88460409999999,241.88525393975075,data\road_images\665869173_5779790329_0\0_242.jpg
665869176_937431104_0,665869176,937431104,0,0,10.297318354076605,123.88550779047276,146.58601484145368,data\road_images\665869176_937431104_0\0_147.jpg
665869176_5944435311_0,665869176,5944435311,0,0,10.29773075,123.88506815,268.9462824751093,data\road_images\665869176_5944435311_0\0_269.jpg
665869176_5944435315_0,665869176,5944435315,0,0,10.2978027,123.8851169,332.7196359373574,data\road_images\665869176_5944435315_0\0_333.jpg
665869178_1141745797_0,665869178,1141745797,0,0,10.2970614,123.88244035,171.03879353886396,data\road_images\665869178_1141745797_0\0_171.jpg
665869178_1140342588_0,665869178,1140342588,0,0,10.29760245,123.88201065000001,260.37298780376807,data\road_images\665869178_1140342588_0\0_260.jpg
665869178_1141745373_0,665869178,1141745373,0,0,10.297659526588644,123.88264959631559,92.22681578297698,data\road_images\665869178_1141745373_0\0_92.jpg
666067569_601834686_0,666067569,601834686,0,0,10.2934863,123.89713145,75.85966693076989,data\road_images\666067569_601834686_0\0_76.jpg
666067569_1093749055_0,666067569,1093749055,0,0,10.29398825285382,123.89690216159961,346.4272233169788,data\road_images\666067569_1093749055_0\0_346.jpg
666067569_1093748419_0,666067569,1093748419,0,0,10.293384137666708,123.8966344926523,258.78926939527344,data\road_images\666067569_1093748419_0\0_259.jpg
666067571_1093748555_0,666067571,1093748555,0,0,10.296621349999999,123.89368525,255.9806222415034,data\road_images\666067571_1093748555_0\0_256.jpg
666067571_1093748502_0,666067571,1093748502,0,0,10.296388071201083,123.89436573775295,113.37352534958535,data\road_images\666067571_1093748502_0\0_113.jpg
666067571_1680513007_0,666067571,1680513007,0,0,10.296788142369808,123.89425575229197,73.02155717359847,data\road_images\666067571_1680513007_0\0_73.jpg
666067573_5774203485_0,666067573,5774203485,0,0,10.302599409762234,123.8978579755401,151.4580465195229,data\road_images\666067573_5774203485_0\0_151.jpg
666067573_324580478_0,666067573,324580478,0,0,10.302848031215364,123.897996507383,71.00777990694559,data\road_images\666067573_324580478_0\0_71.jpg
666067573_1093750062_0,666067573,1093750062,0,0,10.30297197016339,123.89768559959388,330.3707975312963,data\road_images\666067573_1093750062_0\0_330.jpg
666067573_660726274_0,666067573,660726274,0,0,10.302669166115704,123.8974081677004,252.46274939449071,data\road_images\666067573_660726274_0\0_252.jpg
666069189_5796546984_0,666069189,5796546984,0,0,10.303245148264132,123.89917242368048,77.78786647952006,data\road_images\666069189_5796546984_0\0_78.jpg
666069189_324580478_0,666069189,324580478,0,0,10.30300165954664,123.8984078095313,247.4085357907823,data\road_images\666069189_324580478_0\0_247.jpg
666069189_1093752874_0,666069189,1093752874,0,0,10.30289835,123.89870379999999,150.38081972418462,data\road_images\666069189_1093752874_0\0_150.jpg
666178172_5684743417_0,666178172,5684743417,0,0,10.311188399999999,123.8983015,77.15082132109467,data\road_images\666178172_5684743417_0\0_77.jpg
666178172_280332246_0,666178172,280332246,0,0,10.31119185,123.89818835,346.54665868088057,data\road_images\666178172_280332246_0\0_347.jpg
666178172_960115834_0,666178172,960115834,0,0,10.31067032359477,123.89681350603864,250.50177914693666,data\road_images\666178172_960115834_0\0_251.jpg
666178174_280332571_0,666178174,280332571,0,0,10.31150265,123.899834,21.614751566965765,data\road_images\666178174_280332571_0\0_22.jpg
666178174_369910531_0,666178174,369910531,0,0,10.311473958412456,123.9008458159025,92.5090325636072,data\road_images\666178174_369910531_0\0_93.jpg
666178174_8696556391_0,666178174,8696556391,0,0,10.310859916804205,123.8997431454807,189.0982589964163,data\road_images\666178174_8696556391_0\0_189.jpg
666178174_666178175_0,666178174,666178175,0,0,10.311410713503934,123.89950549374312,261.18222749612073,data\road_images\666178174_666178175_0\0_261.jpg
666178175_456852934_0,666178175,456852934,0,0,10.3114028,123.89919065,354.45262755323915,data\road_images\666178175_456852934_0\0_354.jpg
666178175_666178174_0,666178175,666178174,0,0,10.311410713503934,123.89950549374312,81.18211619515216,data\road_images\666178175_666178174_0\0_81.jpg
666178175_5684743417_0,666178175,5684743417,0,0,10.31128705264107,123.89880145251706,258.9223966050463,data\road_images\666178175_5684743417_0\0_259.jpg
666178190_280332314_0,666178190,280332314,0,0,10.310671,123.90394284999999,8.450987288075794,data\road_images\666178190_280332314_0\0_8.jpg
666178190_1101215347_0,666178190,1101215347,0,0,10.310431934709955,123.90387249736784,197.61997727364545,data\road_images\666178190_1101215347_0\0_198.jpg
666178190_666178201_0,666178190,666178201,0,0,10.309791522487256,123.90539699439404,121.06642957494881,data\road_images\666178190_666178201_0\0_121.jpg
666178190_1097698521_0,666178190,1097698521,0,0,10.310729048938358,123.90373002303646,295.57048172682903,data\road_images\666178190_1097698521_0\0_296.jpg
666178195_1101215316_0,666178195,1101215316,0,0,10.308407858665568,123.90682253976567,219.79816796834916,data\road_images\666178195_1101215316_0\0_220.jpg
666178195_666178201_0,666178195,666178201,0,0,10.308751970019685,123.90692752779775,340.83626024108156,data\road_images\666178195_666178201_0\0_341.jpg
666178195_666178203_0,666178195,666178203,0,0,10.30865335,123.90703765,42.471461238375014,data\road_images\666178195_666178203_0\0_42.jpg
666178197_1101216195_0,666178197,1101216195,0,0,10.30818439733394,123.90799298874894,122.01781312308373,data\road_images\666178197_1101216195_0\0_122.jpg
666178197_666178202_0,666178197,666178202,0,0,10.308619149999998,123.9073015,304.32845084503407,data\road_images\666178197_666178202_0\0_304.jpg
666178197_3396924744_0,666178197,3396924744,0,0,10.308522335447678,123.90716561515661,242.48686463699602,data\road_images\666178197_3396924744_0\0_242.jpg
666178201_666178203_0,666178201,666178203,0,0,10.30882675,123.9069764,122.04680346296203,data\road_images\666178201_666178203_0\0_122.jpg
666178201_666178195_0,666178201,666178195,0,0,10.308751970019685,123.90692752779775,160.83623831938735,data\road_images\666178201_666178195_0\0_161.jpg
666178201_666178190_0,666178201,666178190,0,0,10.309791522487256,123.90539699439404,301.06694823010923,data\road_images\666178201_666178190_0\0_301.jpg
666178202_666178197_0,666178202,666178197,0,0,10.308619149999998,123.9073015,124.32841752411878,data\road_images\666178202_666178197_0\0_124.jpg
666178202_666178206_0,666178202,666178206,0,0,10.3087114,123.90722815000001,33.19467009821159,data\road_images\666178202_666178206_0\0_33.jpg
666178202_666178203_0,666178202,666178203,0,0,10.308710649999998,123.90716315,303.0349854188463,data\road_images\666178202_666178203_0\0_303.jpg
666178202_8374957602_0,666178202,8374957602,0,0,10.308497249999999,123.90705679999999,218.96028563076368,data\road_images\666178202_8374957602_0\0_219.jpg
666178203_666178195_0,666178203,666178195,0,0,10.30865335,123.90703765,222.4714899599595,data\road_images\666178203_666178195_0\0_222.jpg
666178203_666178202_0,666178203,666178202,0,0,10.308710649999998,123.90716315,123.0349692236802,data\road_images\666178203_666178202_0\0_123.jpg
666178203_666178201_0,666178203,666178201,0,0,10.30882675,123.9069764,302.046854106871,data\road_images\666178203_666178201_0\0_302.jpg
666178203_8359445433_0,666178203,8359445433,0,0,10.30876685,123.9071443,43.62646731422592,data\road_images\666178203_8359445433_0\0_44.jpg
666178206_8359445433_0,666178206,8359445433,0,0,10.3087676,123.9072093,304.9070527408462,data\road_images\666178206_8359445433_0\0_305.jpg
666178206_8359445432_0,666178206,8359445432,0,0,10.3087818,123.9072561,11.211939909672196,data\road_images\666178206_8359445432_0\0_11.jpg
666178206_666178202_0,666178206,666178202,0,0,10.3087114,123.90722815000001,213.19467716620366,data\road_images\666178206_666178202_0\0_213.jpg
666178206_1101216176_0,666178206,1101216176,0,0,10.3084400387576,123.90773583840976,121.79527842376234,data\road_images\666178206_1101216176_0\0_122.jpg
666178209_937431087_0,666178209,937431087,0,0,10.30709095,123.90978795000001,129.63413343620272,data\road_images\666178209_937431087_0\0_130.jpg
666178209_280324090_0,666178209,280324090,0,0,10.3071475,123.9097892,26.583017128183144,data\road_images\666178209_280324090_0\0_27.jpg
666178209_5770391697_0,666178209,5770391697,0,0,10.307256110689284,123.90952315870871,301.6782239308321,data\road_images\666178209_5770391697_0\0_302.jpg
666178210_665829356_0,666178210,665829356,0,0,10.306490199999999,123.91038065000001,56.33419747009509,data\road_images\666178210_665829356_0\0_56.jpg
666178210_1093752729_0,666178210,1093752729,0,0,10.30577299836221,123.90958885815785,215.17613334201116,data\road_images\666178210_1093752729_0\0_215.jpg
666178210_2213825038_0,666178210,2213825038,0,0,10.306123851999407,123.91061576457909,141.82756562761722,data\road_images\666178210_2213825038_0\0_142.jpg
666178210_937431087_0,666178210,937431087,0,0,10.3067705444502,123.9100753965055,319.19929330486883,data\road_images\666178210_937431087_0\0_319.jpg
666178211_324580279_0,666178211,324580279,0,0,10.3057482,123.91097975,51.38598046741299,data\road_images\666178211_324580279_0\0_51.jpg
666178211_2213825038_0,666178211,2213825038,0,0,10.3057496,123.91091435,321.761729986507,data\road_images\666178211_2213825038_0\0_322.jpg
666178211_5634224325_0,666178211,5634224325,0,0,10.305713,123.91090034999999,263.90079353191373,data\road_images\666178211_5634224325_0\0_264.jpg
666178883_281446231_0,666178883,281446231,0,0,10.3098732,123.89436265,343.0385683309407,data\road_images\666178883_281446231_0\0_343.jpg
666178883_960115834_0,666178883,960115834,0,0,10.310007696978683,123.89490259463106,70.74803426165693,data\road_images\666178883_960115834_0\0_71.jpg
666178883_773093489_0,666178883,773093489,0,0,10.308827391427828,123.8951488557059,143.2335520562118,data\road_images\666178883_773093489_0\0_143.jpg
666178883_282924701_0,666178883,282924701,0,0,10.309735151695927,123.89401630228726,243.94258853875152,data\road_images\666178883_282924701_0\0_244.jpg
675754775_1463212047_0,675754775,1463212047,0,0,10.31234465,123.89802225,93.18525973407304,data\road_images\675754775_1463212047_0\0_93.jpg
675754775_1463212040_0,675754775,1463212040,0,0,10.312429006001599,123.89806264742518,58.96976843503933,data\road_images\675754775_1463212040_0\0_59.jpg
675754775_321793530_0,675754775,321793530,0,0,10.312680813604363,123.89718574385381,297.49606503475,data\road_images\675754775_321793530_0\0_297.jpg
679207285_324580521_0,679207285,324580521,0,0,10.296156391829593,123.89091258600908,287.73433276787796,data\road_images\679207285_324580521_0\0_288.jpg
679207285_1295696084_0,679207285,1295696084,0,0,10.295477026537597,123.89169419891232,169.638928524128,data\road_images\679207285_1295696084_0\0_170.jpg
679207285_1295696088_0,679207285,1295696088,0,0,10.29558966077952,123.89228976076032,122.10635552780343,data\road_images\679207285_1295696088_0\0_122.jpg
773093489_666178883_0,773093489,666178883,0,0,10.308827391427828,123.8951488557059,323.2338278060149,data\road_images\773093489_666178883_0\0_323.jpg
773093489_773093521_0,773093489,773093521,0,0,10.307382865377816,123.8962386148879,143.70422270804022,data\road_images\773093489_773093521_0\0_144.jpg
773093489_1674615839_0,773093489,1674615839,0,0,10.307717450873728,123.89569330693199,246.26339776772318,data\road_images\773093489_1674615839_0\0_246.jpg
773093506_5792422770_0,773093506,5792422770,0,0,10.30711565,123.8941424,249.83538764683746,data\road_images\773093506_5792422770_0\0_250.jpg
773093506_281437797_0,773093506,281437797,0,0,10.308222189982134,123.89382219146265,344.1840198891695,data\road_images\773093506_281437797_0\0_344.jpg
773093506_1674615839_0,773093506,1674615839,0,0,10.307365736140653,123.89482548354802,68.97473502904319,data\road_images\773093506_1674615839_0\0_69.jpg
773093506_1093749466_0,773093506,1093749466,0,0,10.306382825308532,123.89443436378438,160.7140525565867,data\road_images\773093506_1093749466_0\0_161.jpg
773093521_1093750284_0,773093521,1093750284,0,0,10.307194168407856,123.8972847799618,73.93630540862551,data\road_images\773093521_1093750284_0\0_74.jpg
773093521_773093489_0,773093521,773093489,0,0,10.307382865377816,123.8962386148879,323.704337365757,data\road_images\773093521_773093489_0\0_324.jpg
773093521_1093750143_0,773093521,1093750143,0,0,10.306372718819963,123.89700746108059,142.67010762197458,data\road_images\773093521_1093750143_0\0_143.jpg
773093521_1674615838_0,773093521,1674615838,0,0,10.3068305,123.89631725,242.80321539348802,data\road_images\773093521_1674615838_0\0_243.jpg
773093543_1093750250_0,773093543,1093750250,0,0,10.30769175,123.89932115,257.00122059571976,data\road_images\773093543_1093750250_0\0_257.jpg
773093543_1093750232_0,773093543,1093750232,0,0,10.307554549999999,123.89969125,181.33016569939247,data\road_images\773093543_1093750232_0\0_181.jpg
773093543_369910966_0,773093543,369910966,0,0,10.308826731684585,123.89966486932502,357.3147059221849,data\road_images\773093543_369910966_0\0_357.jpg
900137905_956664766_0,900137905,956664766,0,0,10.294362260467905,123.90446518083493,295.00075480435333,data\road_images\900137905_956664766_0\0_295.jpg
900137905_281446262_0,900137905,281446262,0,0,10.29386371799464,123.90468640490353,204.70765035766598,data\road_images\900137905_281446262_0\0_205.jpg
900137905_8595182635_0,900137905,8595182635,0,0,10.294286549999999,123.90488690000001,25.083129318925785,data\road_images\900137905_8595182635_0\0_25.jpg
912971844_7975068634_0,912971844,7975068634,0,0,10.3019205,123.9021982,149.21113643519692,data\road_images\912971844_7975068634_0\0_149.jpg
912971844_1093751349_0,912971844,1093751349,0,0,10.30221329123578,123.90231014242272,39.74486488030436,data\road_images\912971844_1093751349_0\0_40.jpg
912971844_912971891_0,912971844,912971891,0,0,10.302063062085912,123.90211176987184,329.10471069647144,data\road_images\912971844_912971891_0\0_329.jpg
912971844_5768668624_0,912971844,5768668624,0,0,10.301917288465528,123.90196407917287,244.44057635160047,data\road_images\912971844_5768668624_0\0_244.jpg
912971863_1129145562_0,912971863,1129145562,0,0,10.30819156105365,123.89361290309203,155.14669512154842,data\road_images\912971863_1129145562_0\0_155.jpg
912971863_1685351613_0,912971863,1685351613,0,0,10.30917519860154,123.89320680758009,82.67321205801522,data\road_images\912971863_1685351613_0\0_83.jpg
912971863_533699485_0,912971863,533699485,0,0,10.309190684650893,123.89295561187016,284.13120503014034,data\road_images\912971863_533699485_0\0_284.jpg
912971884_5797095177_0,912971884,5797095177,0,0,10.2994695,123.89661874999999,242.4492163632607,data\road_images\912971884_5797095177_0\0_242.jpg
912971884_317773530_0,912971884,317773530,0,0,10.299561943122745,123.89679900352102,62.50852336815632,data\road_images\912971884_317773530_0\0_63.jpg
912971884_5797116231_0,912971884,5797116231,0,0,10.299395864845819,123.8967958437023,159.0987840838319,data\road_images\912971884_5797116231_0\0_159.jpg
912971884_5792422774_0,912971884,5792422774,0,0,10.300845674982524,123.89635824047635,341.90847671354186,data\road_images\912971884_5792422774_0\0_342.jpg
912971884_5796546992_0,912971884,5796546992,0,0,10.299683521976247,123.89668525314421,337.15968228874937,data\road_images\912971884_5796546992_0\0_337.jpg
912971891_1093382454_0,912971891,1093382454,0,0,10.302192999999999,123.90205545,341.71064518379717,data\road_images\912971891_1093382454_0\0_342.jpg
912971891_912971844_0,912971891,912971844,0,0,10.302063062085912,123.90211176987184,149.10470059238526,data\road_images\912971891_912971844_0\0_149.jpg
912971891_912971898_0,912971891,912971898,0,0,10.301898333627324,123.90156533136461,250.56799978118065,data\road_images\912971891_912971898_0\0_251.jpg
912971891_5812842774_0,912971891,5812842774,0,0,10.302193195719584,123.9021524123273,37.860955333381526,data\road_images\912971891_5812842774_0\0_38.jpg
912971898_8382791875_0,912971898,8382791875,0,0,10.301710424768505,123.90091630728261,253.64862807834444,data\road_images\912971898_8382791875_0\0_254.jpg
912971898_5773524248_0,912971898,5773524248,0,0,10.301768515639715,123.90089759379734,289.02376669884984,data\road_images\912971898_5773524248_0\0_289.jpg
912971898_912971891_0,912971898,912971891,0,0,10.301898333627324,123.90156533136461,70.56780966137632,data\road_images\912971898_912971891_0\0_71.jpg
916546281_317773501_0,916546281,317773501,0,0,10.294544429574733,123.90318193310891,205.67087666598354,data\road_images\916546281_317773501_0\0_206.jpg
916546281_497829447_0,916546281,497829447,0,0,10.295230617052026,123.90255870288043,292.5466942916302,data\road_images\916546281_497829447_0\0_293.jpg
916546281_317773508_0,916546281,317773508,0,0,10.29526955228547,123.90349931334563,21.204544193585832,data\road_images\916546281_317773508_0\0_21.jpg
916546281_956664766_0,916546281,956664766,0,0,10.29470541026129,123.9037170484908,115.50136932213724,data\road_images\916546281_956664766_0\0_116.jpg
921143221_1093748758_0,921143221,1093748758,0,0,10.29418995,123.88947155,349.75130669360317,data\road_images\921143221_1093748758_0\0_350.jpg
921143221_1093748774_0,921143221,1093748774,0,0,10.293532855716963,123.88895106318705,259.2697073702507,data\road_images\921143221_1093748774_0\0_259.jpg
921143221_921143223_0,921143221,921143223,0,0,10.292931627595232,123.88969935204841,170.8149234342559,data\road_images\921143221_921143223_0\0_171.jpg
921143221_324580523_0,921143221,324580523,0,0,10.293775741545485,123.89022434846028,79.6576133491717,data\road_images\921143221_324580523_0\0_80.jpg
921143223_1093748770_0,921143223,1093748770,0,0,10.292178390735357,123.8894999273621,265.59617171557153,data\road_images\921143223_1093748770_0\0_266.jpg
921143223_1093748772_0,921143223,1093748772,0,0,10.292239359275015,123.89022650766508,84.96193322764117,data\road_images\921143223_1093748772_0\0_85.jpg
921143223_921143221_0,921143223,921143221,0,0,10.292931627595232,123.88969935204841,350.81496574587914,data\road_images\921143223_921143221_0\0_351.jpg
921143224_922248284_0,921143224,922248284,0,0,10.296538252616168,123.88889453670808,318.406569115002,data\road_images\921143224_922248284_0\0_318.jpg
921143224_1093748758_0,921143224,1093748758,0,0,10.295481184543657,123.88923865086964,172.01904568743123,data\road_images\921143224_1093748758_0\0_172.jpg
921143224_1093382345_0,921143224,1093382345,0,0,10.29555272998542,123.88983224836653,135.4373555586593,data\road_images\921143224_1093382345_0\0_135.jpg
921143232_482224047_0,921143232,482224047,0,0,10.298972516944177,123.90216091199437,271.2260165131824,data\road_images\921143232_482224047_0\0_271.jpg
921143232_1093750319_0,921143232,1093750319,0,0,10.299340001221877,123.90259643553756,4.75032784878789,data\road_images\921143232_1093750319_0\0_5.jpg
921143232_8323856193_0,921143232,8323856193,0,0,10.298959499999999,123.90270725,91.38768556170027,data\road_images\921143232_8323856193_0\0_91.jpg
921143233_1093750335_0,921143233,1093750335,0,0,10.30015445,123.9026093,175.3157222078978,data\road_images\921143233_1093750335_0\0_175.jpg
921143233_318387254_0,921143233,318387254,0,0,10.300265762293389,123.90206659786118,255.40037096281017,data\road_images\921143233_318387254_0\0_255.jpg
921143233_317773525_0,921143233,317773525,0,0,10.300393074906953,123.90281404660568,91.63407243164244,data\road_images\921143233_317773525_0\0_92.jpg
922231018_1093748904_0,922231018,1093748904,0,0,10.2924248,123.89143100000001,80.7929286915147,data\road_images\922231018_1093748904_0\0_81.jpg
922231018_324580523_0,922231018,324580523,0,0,10.293147800789212,123.89110940254497,343.0320269945794,data\road_images\922231018_324580523_0\0_343.jpg
922231018_8318675251_0,922231018,8318675251,0,0,10.292386069644191,123.89120470543051,259.68764041736586,data\road_images\922231018_8318675251_0\0_260.jpg
922231021_5768688019_0,922231021,5768688019,0,0,10.294547349999998,123.8942146,69.92168843324691,data\road_images\922231021_5768688019_0\0_70.jpg
922231021_4034738995_0,922231021,4034738995,0,0,10.294421650518077,123.89385267863946,250.08837935647483,data\road_images\922231021_4034738995_0\0_250.jpg
922231021_1093748519_0,922231021,1093748519,0,0,10.295055322993896,123.89369343583179,318.94281896320933,data\road_images\922231021_1093748519_0\0_319.jpg
922246548_317773508_0,922246548,317773508,0,0,10.296062138474262,123.90285761339369,113.37222571926907,data\road_images\922246548_317773508_0\0_113.jpg
922246548_497829447_0,922246548,497829447,0,0,10.295944906925957,123.90188088250997,196.55535329650985,data\road_images\922246548_497829447_0\0_197.jpg
922246548_318387267_0,922246548,318387267,0,0,10.296634190336034,123.90208218691528,14.848496057231557,data\road_images\922246548_318387267_0\0_15.jpg
922246557_660720836_0,922246557,660720836,0,0,10.295253886762252,123.90531840894225,21.071531983074067,data\road_images\922246557_660720836_0\0_21.jpg
922246557_281446264_0,922246557,281446264,0,0,10.294742665613763,123.90511000141797,201.88257561330852,data\road_images\922246557_281446264_0\0_202.jpg
922246557_1093752068_0,922246557,1093752068,0,0,10.295081118532204,123.90481045931978,297.0692363557435,data\road_images\922246557_1093752068_0\0_297.jpg
922248284_921143224_0,922248284,921143224,0,0,10.296538252616168,123.88889453670808,138.4064723615944,data\road_images\922248284_921143224_0\0_138.jpg
922248284_324580521_0,922248284,324580521,0,0,10.296980999520175,123.88950945681371,105.44522561412987,data\road_images\922248284_324580521_0\0_105.jpg
922248284_324580278_0,922248284,324580278,0,0,10.297002292826262,123.8884786959484,321.94758919768327,data\road_images\922248284_324580278_0\0_322.jpg
922248284_1093748823_0,922248284,1093748823,0,0,10.296761711757114,123.88826743969933,258.78021261732374,data\road_images\922248284_1093748823_0\0_259.jpg
937431032_937431034_0,937431032,937431034,0,0,10.32061285,123.91075269999999,148.90291642444504,data\road_images\937431032_937431034_0\0_149.jpg
937431032_5824047869_0,937431032,5824047869,0,0,10.320284373500513,123.9101285669315,237.51629994396694,data\road_images\937431032_5824047869_0\0_238.jpg
937431032_316824561_0,937431032,316824561,0,0,10.32067605,123.91075855,58.466106282294106,data\road_images\937431032_316824561_0\0_58.jpg
937431032_937432726_0,937431032,937432726,0,0,10.321149674588781,123.91042641318657,329.09901312756836,data\road_images\937431032_937432726_0\0_329.jpg
937431034_6351608155_0,937431034,6351608155,0,0,10.320588950000001,123.9108113,57.94858783054133,data\road_images\937431034_6351608155_0\0_58.jpg
937431034_5824092956_0,937431034,5824092956,0,0,10.320261374329686,123.91096650888741,149.12081145431523,data\road_images\937431034_5824092956_0\0_149.jpg
937431034_937431032_0,937431034,937431032,0,0,10.32061285,123.91075269999999,328.90292599132306,data\road_images\937431034_937431032_0\0_329.jpg
937431034_1105801765_0,937431034,1105801765,0,0,10.320041783774807,123.90993938330243,236.09542292952978,data\road_images\937431034_1105801765_0\0_236.jpg
937431075_456833162_0,937431075,456833162,0,0,10.32583675,123.90759919999999,52.035242269221044,data\road_images\937431075_456833162_0\0_52.jpg
937431075_6351608173_0,937431075,6351608173,0,0,10.325738852063687,123.90761583108436,151.12927471089097,data\road_images\937431075_6351608173_0\0_151.jpg
937431075_5905339929_0,937431075,5905339929,0,0,10.325736666811029,123.90749228330841,224.72989125270237,data\road_images\937431075_5905339929_0\0_225.jpg
937431075_9096788039_0,937431075,9096788039,0,0,10.3258629,123.9075312,319.1735850541978,data\road_images\937431075_9096788039_0\0_319.jpg
937431087_937431099_0,937431087,937431099,0,0,10.30710415,123.90984375,50.91363808962029,data\road_images\937431087_937431099_0\0_51.jpg
937431087_666178210_0,937431087,666178210,0,0,10.3067705444502,123.9100753965055,139.19919756556715,data\road_images\937431087_666178210_0\0_139.jpg
937431087_666178209_0,937431087,666178209,0,0,10.30709095,123.90978795000001,309.63414039701604,data\road_images\937431087_666178209_0\0_310.jpg
937431099_280324090_0,937431099,280324090,0,0,10.3071607,123.90984499999999,308.53124017444014,data\road_images\937431099_280324090_0\0_309.jpg
937431099_665829356_0,937431099,665829356,0,0,10.3068283992597,123.91015422158269,139.38299551269336,data\road_images\937431099_665829356_0\0_139.jpg
937431099_937431087_0,937431099,937431087,0,0,10.30710415,123.90984375,230.9136510980204,data\road_images\937431099_937431087_0\0_231.jpg
937431104_324580728_0,937431104,324580728,0,0,10.29676465,123.8857897,155.71252263859367,data\road_images\937431104_324580728_0\0_156.jpg
937431104_937431165_0,937431104,937431165,0,0,10.296631469379596,123.88525140041953,247.3653454120827,data\road_images\937431104_937431165_0\0_247.jpg
937431104_665869176_0,937431104,665869176,0,0,10.297318354076605,123.88550779047276,326.58612350688566,data\road_images\937431104_665869176_0\0_327.jpg
937431104_1143376351_0,937431104,1143376351,0,0,10.297051263939832,123.88658405766235,77.03527057543027,data\road_images\937431104_1143376351_0\0_77.jpg
937431106_324580278_0,937431106,324580278,0,0,10.2972388,123.88830095,146.3768111553976,data\road_images\937431106_324580278_0\0_146.jpg
937431106_5770898393_0,937431106,5770898393,0,0,10.297546548308723,123.88811787432485,330.5904769152492,data\road_images\937431106_5770898393_0\0_331.jpg
937431106_5770898387_0,937431106,5770898387,0,0,10.297287432627314,123.88812561837086,263.41223966622346,data\road_images\937431106_5770898387_0\0_263.jpg
937431106_5773265733_0,937431106,5773265733,0,0,10.297340467163698,123.88860941653398,84.02521251017527,data\road_images\937431106_5773265733_0\0_84.jpg
937431151_12429019504_0,937431151,12429019504,0,0,10.298650361479725,123.89392609284097,262.57440912767544,data\road_images\937431151_12429019504_0\0_263.jpg
937431151_5972511878_0,937431151,5972511878,0,0,10.298877424395874,123.89501698710444,9.8731563702068,data\road_images\937431151_5972511878_0\0_10.jpg
937431151_8375027781_0,937431151,8375027781,0,0,10.298832463589864,123.89519211313156,72.70083216249816,data\road_images\937431151_8375027781_0\0_73.jpg
937431165_665869173_0,937431165,665869173,0,0,10.296359200000001,123.88478105,150.91909040384633,data\road_images\937431165_665869173_0\0_151.jpg
937431165_5779790320_0,937431165,5779790320,0,0,10.296114233375604,123.8841809219934,239.70912071971162,data\road_images\937431165_5779790320_0\0_240.jpg
937431165_937431104_0,937431165,937431104,0,0,10.296631469379596,123.88525140041953,67.36516486261826,data\road_images\937431165_937431104_0\0_67.jpg
937431168_8344460807_0,937431168,8344460807,0,0,10.292595649999999,123.87926425,241.56897962339426,data\road_images\937431168_8344460807_0\0_242.jpg
937431168_8344460808_0,937431168,8344460808,0,0,10.29258315,123.87926775,233.5224513739165,data\road_images\937431168_8344460808_0\0_234.jpg
937431168_1141745774_0,937431168,1141745774,0,0,10.292735517555979,123.87948885645325,54.91482362814202,data\road_images\937431168_1141745774_0\0_55.jpg
937431168_8344460809_0,937431168,8344460809,0,0,10.29256935,123.87927225,225.28974938511746,data\road_images\937431168_8344460809_0\0_225.jpg
937432726_444383152_0,937432726,444383152,0,0,10.321661599999999,123.910159,59.45529123762981,data\road_images\937432726_444383152_0\0_59.jpg
937432726_5824047869_0,937432726,5824047869,0,0,10.320992561795274,123.90902116920292,198.60259021402297,data\road_images\937432726_5824047869_0\0_199.jpg
937432726_937431032_0,937432726,937431032,0,0,10.321149674588781,123.91042641318657,149.09890564625505,data\road_images\937432726_937431032_0\0_149.jpg
937432726_5825209220_0,937432726,5825209220,0,0,10.322619667371725,123.90952721454761,328.9886307965381,data\road_images\937432726_5825209220_0\0_329.jpg
938153678_6351608156_0,938153678,6351608156,0,0,10.32080745,123.91107855,239.50388547237222,data\road_images\938153678_6351608156_0\0_240.jpg
940959680_940959692_0,940959680,940959692,0,0,10.295438371543327,123.90671980780559,208.3692002545651,data\road_images\940959680_940959692_0\0_208.jpg
940959680_660720839_0,940959680,660720839,0,0,10.297010470737964,123.9075846857134,27.42009482072308,data\road_images\940959680_660720839_0\0_27.jpg
940959692_956808272_0,940959692,956808272,0,0,10.29397005,123.9059207,208.06532462535392,data\road_images\940959692_956808272_0\0_208.jpg
940959692_8595182638_0,940959692,8595182638,0,0,10.294260386082115,123.90551406556226,297.36397361204195,data\road_images\940959692_8595182638_0\0_297.jpg
940959692_940959680_0,940959692,940959680,0,0,10.295438371543327,123.90671980780559,28.36892528794175,data\road_images\940959692_940959680_0\0_28.jpg
940959692_940959694_0,940959692,940959694,0,0,10.293970123875184,123.90607093560348,119.25971036721558,data\road_images\940959692_940959694_0\0_119.jpg
940959694_940960085_0,940959694,940960085,0,0,10.293842649999998,123.90615125,208.61620645234657,data\road_images\940959694_940960085_0\0_209.jpg
940959694_3396924731_0,940959694,3396924731,0,0,10.29504377093766,123.90680399347495,26.620665394031448,data\road_images\940959694_3396924731_0\0_27.jpg
940959694_940959692_0,940959694,940959692,0,0,10.293970123875184,123.90607093560348,299.2597517003212,data\road_images\940959694_940959692_0\0_299.jpg
940959694_940959696_0,940959694,940959696,0,0,10.293672640089024,123.90660927775055,119.79015554189607,data\road_images\940959694_940959696_0\0_120.jpg
940959696_281446266_0,940959696,281446266,0,0,10.2933787,123.9069973,209.64204302809205,data\road_images\940959696_281446266_0\0_210.jpg
940959696_1107238500_0,940959696,1107238500,0,0,10.294564803320217,123.90765993757118,28.623152945064703,data\road_images\940959696_1107238500_0\0_29.jpg
940959696_940959694_0,940959696,940959694,0,0,10.293672640089024,123.90660927775055,299.790305948279,data\road_images\940959696_940959694_0\0_300.jpg
940959696_940959702_0,940959696,940959702,0,0,10.293242570195991,123.90737130094604,119.31412947284241,data\road_images\940959696_940959702_0\0_119.jpg
940959702_444805371_0,940959702,444805371,0,0,10.2930063,123.90768795,209.1172773893247,data\road_images\940959702_444805371_0\0_209.jpg
940959702_940959696_0,940959702,940959696,0,0,10.293242570195991,123.90737130094604,299.31425208723806,data\road_images\940959702_940959696_0\0_299.jpg
940959713_529894714_0,940959713,529894714,0,0,10.296962908475422,123.907654132508,27.814411291256476,data\road_images\940959713_529894714_0\0_28.jpg
940959713_3396924731_0,940959713,3396924731,0,0,10.29649361652742,123.9074856139291,198.95552882506018,data\road_images\940959713_3396924731_0\0_199.jpg
940960085_940959694_0,940960085,940959694,0,0,10.293842649999998,123.90615125,28.616193818872148,data\road_images\940960085_940959694_0\0_29.jpg
940960085_281446266_0,940960085,281446266,0,0,10.293552,123.9065411,118.47357682815607,data\road_images\940960085_281446266_0\0_118.jpg
940960085_956808272_0,940960085,956808272,0,0,10.293841922875666,123.90600065478131,299.3804988130121,data\road_images\940960085_956808272_0\0_299.jpg
956663874_529894731_0,956663874,529894731,0,0,10.29200455,123.90386175,291.3378531554383,data\road_images\956663874_529894731_0\0_291.jpg
956663874_956663876_0,956663874,956663876,0,0,10.292750525432803,123.90424851699191,24.93616789765946,data\road_images\956663874_956663876_0\0_25.jpg
956663876_8595182636_0,956663876,8595182636,0,0,10.293923249999999,123.90480925,25.523069966282833,data\road_images\956663876_8595182636_0\0_26.jpg
956663876_281446262_0,956663876,281446262,0,0,10.293520099999999,123.90457054999999,289.7749388963164,data\road_images\956663876_281446262_0\0_290.jpg
956663876_956663874_0,956663876,956663874,0,0,10.292750525432803,123.90424851699191,204.93629574158132,data\road_images\956663876_956663874_0\0_205.jpg
956664766_1093752068_0,956664766,1093752068,0,0,10.29490075,123.90426885,25.75263008649165,data\road_images\956664766_1093752068_0\0_26.jpg
956664766_916546281_0,956664766,916546281,0,0,10.29470541026129,123.9037170484908,295.50150187239535,data\road_images\956664766_916546281_0\0_296.jpg
956664766_900137905_0,956664766,900137905,0,0,10.294362260467905,123.90446518083493,115.00062050730776,data\road_images\956664766_900137905_0\0_115.jpg
956664766_11507872404_0,956664766,11507872404,0,0,10.294326,123.9039842,206.36631062604235,data\road_images\956664766_11507872404_0\0_206.jpg
956808272_940959692_0,956808272,940959692,0,0,10.29397005,123.9059207,28.06531225952392,data\road_images\956808272_940959692_0\0_28.jpg
956808272_940960085_0,956808272,940960085,0,0,10.293841922875666,123.90600065478131,119.38045774850332,data\road_images\956808272_940960085_0\0_119.jpg
956808272_8595182636_0,956808272,8595182636,0,0,10.2941228,123.90544865000001,296.71357608493327,data\road_images\956808272_8595182636_0\0_297.jpg
960097955_5797116226_0,960097955,5797116226,0,0,10.298517854765878,123.8972242136786,341.0938741806466,data\road_images\960097955_5797116226_0\0_341.jpg
960097955_1129145570_0,960097955,1129145570,0,0,10.29773664425505,123.89744140940589,250.9822923572073,data\road_images\960097955_1129145570_0\0_251.jpg
960097955_660720829_0,960097955,660720829,0,0,10.297958363591142,123.89789244513801,62.146731750665765,data\road_images\960097955_660720829_0\0_62.jpg
960097955_8594919533_0,960097955,8594919533,0,0,10.297707599999999,123.89747804999999,194.33326202653714,data\road_images\960097955_8594919533_0\0_194.jpg
960098117_8386759451_0,960098117,8386759451,0,0,10.30681,123.9055012,219.51643442378722,data\road_images\960098117_8386759451_0\0_220.jpg
960098117_8585145411_0,960098117,8585145411,0,0,10.3068477,123.90546735000001,281.36100372320374,data\road_images\960098117_8585145411_0\0_281.jpg
960098117_622267610_0,960098117,622267610,0,0,10.306793200000001,123.90558275000001,126.66777888464253,data\road_images\960098117_622267610_0\0_127.jpg
960098117_1101215316_0,960098117,1101215316,0,0,10.307553125067367,123.90609265009715,39.04879041866127,data\road_images\960098117_1101215316_0\0_39.jpg
960110031_5792422794_0,960110031,5792422794,0,0,10.309029599999999,123.8919584,248.08930849378552,data\road_images\960110031_5792422794_0\0_248.jpg
960110031_321793880_0,960110031,321793880,0,0,10.310005680089157,123.89183873615507,340.78138576494604,data\road_images\960110031_321793880_0\0_341.jpg
960110031_960110034_0,960110031,960110034,0,0,10.309237555917726,123.89242706349373,48.439236840871274,data\road_images\960110031_960110034_0\0_48.jpg
960110032_1097698715_0,960110032,1097698715,0,0,10.3091765,123.89063535,340.81793938109644,data\road_images\960110032_1097698715_0\0_341.jpg
960110032_456863344_0,960110032,456863344,0,0,10.308603699999999,123.89083790000001,160.80315725832952,data\road_images\960110032_456863344_0\0_161.jpg
960110032_1685342640_0,960110032,1685342640,0,0,10.308384301483775,123.89003645717702,252.1387705616786,data\road_images\960110032_1685342640_0\0_252.jpg
960110032_5792422794_0,960110032,5792422794,0,0,10.308795300280668,123.8912884731832,71.40358795747267,data\road_images\960110032_5792422794_0\0_71.jpg
960110033_369910946_0,960110033,369910946,0,0,10.3079203,123.88668065,179.7123950068418,data\road_images\960110033_369910946_0\0_180.jpg
960110033_324580287_0,960110033,324580287,0,0,10.30828025322491,123.88665438886507,355.28814710544845,data\road_images\960110033_324580287_0\0_355.jpg
960110033_1138898089_0,960110033,1138898089,0,0,10.308007475773149,123.887334125,86.60078047634397,data\road_images\960110033_1138898089_0\0_87.jpg
960110034_960110031_0,960110034,960110031,0,0,10.309237555917726,123.89242706349373,228.4393081750121,data\road_images\960110034_960110031_0\0_228.jpg
960110034_533699485_0,960110034,533699485,0,0,10.309318756446842,123.89269409512954,129.11074767565765,data\road_images\960110034_533699485_0\0_129.jpg
960110034_1097698474_0,960110034,1097698474,0,0,10.30958351410394,123.89249512719041,337.9703360802025,data\road_images\960110034_1097698474_0\0_338.jpg
960110043_1129145562_0,960110043,1129145562,0,0,10.3068947431185,123.89330189480165,80.04379350322176,data\road_images\960110043_1129145562_0\0_80.jpg
960110979_960111226_0,960110979,960111226,0,0,10.3162464,123.89095885,340.0674212290178,data\road_images\960110979_960111226_0\0_340.jpg
960110979_321793601_0,960110979,321793601,0,0,10.316308630480226,123.8912688371432,69.80549392282853,data\road_images\960110979_321793601_0\0_70.jpg
960110979_960110987_0,960110979,960110987,0,0,10.31550509439526,123.89121393363695,161.37559227473162,data\road_images\960110979_960110987_0\0_161.jpg
960110979_12429019505_0,960110979,12429019505,0,0,10.316186250000001,123.890929,251.52738432302226,data\road_images\960110979_12429019505_0\0_252.jpg
960110982_960110984_0,960110982,960110984,0,0,10.310866041190422,123.89283912612761,331.7657507641366,data\road_images\960110982_960110984_0\0_332.jpg
960110982_281418189_0,960110982,281418189,0,0,10.310464843045612,123.89291093816205,251.83845687408842,data\road_images\960110982_281418189_0\0_252.jpg
960110982_10743602317_0,960110982,10743602317,0,0,10.31084537093965,123.89281450812237,329.9365012998292,data\road_images\960110982_10743602317_0\0_330.jpg
960110982_280332573_0,960110982,280332573,0,0,10.310370027206273,123.89352390576637,126.74936950701715,data\road_images\960110982_280332573_0\0_127.jpg
960110984_2127386406_0,960110984,2127386406,0,0,10.3114167,123.89297335,70.28566465959761,data\road_images\960110984_2127386406_0\0_70.jpg
960110984_10743602317_0,960110984,10743602317,0,0,10.3113068,123.8926615,250.43529859232183,data\road_images\960110984_10743602317_0\0_250.jpg
960110984_960110986_0,960110984,960110986,0,0,10.31214849692828,123.89238740199399,340.84975717848255,data\road_images\960110984_960110986_0\0_341.jpg
960110984_960110982_0,960110984,960110982,0,0,10.310866041190422,123.89283912612761,151.76567159708316,data\road_images\960110984_960110982_0\0_152.jpg
960110986_10743602326_0,960110986,10743602326,0,0,10.3129752,123.8920698,251.3863672042174,data\road_images\960110986_10743602326_0\0_251.jpg
960110986_321793683_0,960110986,321793683,0,0,10.3130887,123.8923942,70.37084420466181,data\road_images\960110986_321793683_0\0_70.jpg
960110986_960110987_0,960110986,960110987,0,0,10.313899066382904,123.8917820737703,341.1527541078095,data\road_images\960110986_960110987_0\0_341.jpg
960110986_960110984_0,960110986,960110984,0,0,10.31214849692828,123.89238740199399,160.84965172321563,data\road_images\960110986_960110984_0\0_161.jpg
960110987_10743602316_0,960110987,10743602316,0,0,10.31479535,123.89141409999999,250.5382758157783,data\road_images\960110987_10743602316_0\0_251.jpg
960110987_321793641_0,960110987,321793641,0,0,10.3149137,123.89175465,70.54580522340143,data\road_images\960110987_321793641_0\0_71.jpg
960110987_960110979_0,960110987,960110979,0,0,10.31550509439526,123.89121393363695,341.37567770829054,data\road_images\960110987_960110979_0\0_341.jpg
960110987_960110986_0,960110987,960110986,0,0,10.313899066382904,123.8917820737703,161.1526405601354,data\road_images\960110987_960110986_0\0_161.jpg
960111215_318314962_0,960111215,318314962,0,0,10.316057749999999,123.89021355,160.32191801164868,data\road_images\960111215_318314962_0\0_160.jpg
960111215_318314963_0,960111215,318314963,0,0,10.31665511851167,123.88999638369923,336.4310284179807,data\road_images\960111215_318314963_0\0_336.jpg
960111215_960111240_0,960111215,960111240,0,0,10.316135318277924,123.8904700095204,82.04742724976262,data\road_images\960111215_960111240_0\0_82.jpg
960111220_5799338559_0,960111220,5799338559,0,0,10.3172687,123.89175384999999,340.4194932231573,data\road_images\960111220_5799338559_0\0_340.jpg
960111220_317003680_0,960111220,317003680,0,0,10.31661445,123.8919898,161.1140256150194,data\road_images\960111220_317003680_0\0_161.jpg
960111220_960111226_0,960111220,960111226,0,0,10.316475802915951,123.89145806585248,250.18755508042557,data\road_images\960111220_960111226_0\0_250.jpg
960111220_1099182202_0,960111220,1099182202,0,0,10.316735099999999,123.89219514999999,70.24981084745929,data\road_images\960111220_1099182202_0\0_70.jpg
960111226_7311105607_0,960111226,7311105607,0,0,10.31627685,123.8908978,251.73429186587555,data\road_images\960111226_7311105607_0\0_252.jpg
960111226_960110979_0,960111226,960110979,0,0,10.3162464,123.89095885,160.06741530159923,data\road_images\960111226_960110979_0\0_160.jpg
960111226_960111220_0,960111226,960111220,0,0,10.316475802915951,123.89145806585248,70.18737015720404,data\road_images\960111226_960111220_0\0_70.jpg
960111232_12947041938_0,960111232,12947041938,0,0,10.3175273,123.89471365,81.20420565340044,data\road_images\960111232_12947041938_0\0_81.jpg
960111232_960111235_0,960111232,960111235,0,0,10.317348227687706,123.89398813412981,253.00566171305866,data\road_images\960111232_960111235_0\0_253.jpg
960111232_321793613_0,960111232,321793613,0,0,10.31726836145659,123.8940012986466,249.80752881221815,data\road_images\960111232_321793613_0\0_250.jpg
960111235_321793613_0,960111235,321793613,0,0,10.317061200000001,123.89329575,171.83518096063085,data\road_images\960111235_321793613_0\0_172.jpg
960111235_1099182182_0,960111235,1099182182,0,0,10.317706759653321,123.89306497184594,346.3799280681586,data\road_images\960111235_1099182182_0\0_346.jpg
960111235_1099182189_0,960111235,1099182189,0,0,10.317026174925742,123.89306624154828,250.9720746576444,data\road_images\960111235_1099182189_0\0_251.jpg
960111235_960111232_0,960111235,960111232,0,0,10.317348227687706,123.89398813412981,73.00541011410269,data\road_images\960111235_960111232_0\0_73.jpg
960111240_281418180_0,960111240,281418180,0,0,10.316191799999999,123.89079575,160.42907464344216,data\road_images\960111240_281418180_0\0_160.jpg
960111240_960111215_0,960111240,960111215,0,0,10.316135318277924,123.8904700095204,262.0475348770781,data\road_images\960111240_960111215_0\0_262.jpg
960111240_7311105607_0,960111240,7311105607,0,0,10.31625,123.89081625,71.21260578138248,data\road_images\960111240_7311105607_0\0_71.jpg
960115834_321793611_0,960115834,321793611,0,0,10.31023035,123.89541464999999,343.3810952816708,data\road_images\960115834_321793611_0\0_343.jpg
960115834_666178172_0,960115834,666178172,0,0,10.31067032359477,123.89681350603864,70.50128319561128,data\road_images\960115834_666178172_0\0_71.jpg
960115834_666178883_0,960115834,666178883,0,0,10.310007696978683,123.89490259463106,250.74822229193953,data\road_images\960115834_666178883_0\0_251.jpg
988592495_531572551_0,988592495,531572551,0,0,10.312122301313599,123.9102871196851,240.4881655254764,data\road_images\988592495_531572551_0\0_240.jpg
988592604_996264226_0,988592604,996264226,0,0,10.311871199999999,123.9085675,132.64622755436585,data\road_images\988592604_996264226_0\0_133.jpg
988592604_996264235_0,988592604,996264235,0,0,10.312363087353297,123.90859057154942,20.586285637540243,data\road_images\988592604_996264235_0\0_21.jpg
988592604_996264240_0,988592604,996264240,0,0,10.3117554146708,123.90769386621818,267.0761713048187,data\road_images\988592604_996264240_0\0_267.jpg
996264171_1105801943_0,996264171,1105801943,0,0,10.3139308,123.9065385,63.09288423469684,data\road_images\996264171_1105801943_0\0_63.jpg
996264171_996264875_0,996264171,996264875,0,0,10.31360965,123.90617565,153.93811149424266,data\road_images\996264171_996264875_0\0_154.jpg
996264171_996264345_0,996264171,996264345,0,0,10.31382605,123.9060725,335.8996303519481,data\road_images\996264171_996264345_0\0_336.jpg
996264226_988592604_0,996264226,988592604,0,0,10.311871199999999,123.9085675,312.6462908867712,data\road_images\996264226_988592604_0\0_313.jpg
996264226_622267620_0,996264226,622267620,0,0,10.311444759169271,123.90893398117566,146.25104556885583,data\road_images\996264226_622267620_0\0_146.jpg
996264226_8314927028_0,996264226,8314927028,0,0,10.311616085818812,123.90820144572757,259.61237937139526,data\road_images\996264226_8314927028_0\0_260.jpg
996264230_996264726_0,996264230,996264726,0,0,10.31340875,123.90655985000001,242.89469886814828,data\road_images\996264230_996264726_0\0_243.jpg
996264235_996264567_0,996264235,996264567,0,0,10.31255415,123.9082282,246.19871147122115,data\road_images\996264235_996264567_0\0_246.jpg
996264235_996264475_0,996264235,996264475,0,0,10.312928146889606,123.90861336637802,339.9963950854151,data\road_images\996264235_996264475_0\0_340.jpg
996264235_988592604_0,996264235,988592604,0,0,10.312363087353297,123.90859057154942,200.5863342221777,data\road_images\996264235_988592604_0\0_201.jpg
996264240_996264567_0,996264240,996264567,0,0,10.3121633,123.90738805000001,63.12536659719774,data\road_images\996264240_996264567_0\0_63.jpg
996264240_988592604_0,996264240,988592604,0,0,10.3117554146708,123.90769386621818,87.07591910012508,data\road_images\996264240_988592604_0\0_87.jpg
996264240_996264551_0,996264240,996264551,0,0,10.312107670197461,123.90688105284758,328.5494013968622,data\road_images\996264240_996264551_0\0_329.jpg
996264264_996264660_0,996264264,996264660,0,0,10.313093649999999,123.90692910000001,64.06367495559232,data\road_images\996264264_996264660_0\0_64.jpg
996264264_996264977_0,996264264,996264977,0,0,10.31279715,123.90655835000001,158.01520357632523,data\road_images\996264264_996264977_0\0_158.jpg
996264264_5824889614_0,996264264,5824889614,0,0,10.312994549999999,123.9064709,334.8947926004608,data\road_images\996264264_5824889614_0\0_335.jpg
996264345_1105801942_0,996264345,1105801942,0,0,10.31413035,123.9064405,63.918464540889886,data\road_images\996264345_1105801942_0\0_64.jpg
996264345_996264171_0,996264345,996264171,0,0,10.31382605,123.9060725,155.89961337896386,data\road_images\996264345_996264171_0\0_156.jpg
996264345_5825249408_0,996264345,5825249408,0,0,10.3138789,123.9059307,241.03838017933492,data\road_images\996264345_5825249408_0\0_241.jpg
996264345_996264810_0,996264345,996264810,0,0,10.3140434,123.90598274999999,339.77637343515795,data\road_images\996264345_996264810_0\0_340.jpg
996264475_996264597_0,996264475,996264597,0,0,10.3128984,123.9080844,245.12526115262108,data\road_images\996264475_996264597_0\0_245.jpg
996264475_996264621_0,996264475,996264621,0,0,10.31320075,123.9084781,333.1822900849364,data\road_images\996264475_996264621_0\0_333.jpg
996264475_996264235_0,996264475,996264235,0,0,10.312928146889606,123.90861336637802,159.99637131100735,data\road_images\996264475_996264235_0\0_160.jpg
996264508_996264875_0,996264508,996264875,0,0,10.3136127,123.9064652,243.3973791469213,data\road_images\996264508_996264875_0\0_243.jpg
996264511_1105801942_0,996264511,1105801942,0,0,10.314540114732313,123.90730052215599,244.28389783772124,data\road_images\996264511_1105801942_0\0_244.jpg
996264511_996264757_0,996264511,996264757,0,0,10.314851306740568,123.90765601783016,316.6050264972629,data\road_images\996264511_996264757_0\0_317.jpg
996264511_996265001_0,996264511,996265001,0,0,10.31464565,123.90779215,156.0473089945349,data\road_images\996264511_996265001_0\0_156.jpg
996264551_996264597_0,996264551,996264597,0,0,10.312479549999999,123.9072165,62.58055343153177,data\road_images\996264551_996264597_0\0_63.jpg
996264551_996264240_0,996264551,996264240,0,0,10.312107670197461,123.90688105284758,148.54936768920243,data\road_images\996264551_996264240_0\0_149.jpg
996264551_996264780_0,996264551,996264780,0,0,10.3123779,123.9067446,337.2151726436629,data\road_images\996264551_996264780_0\0_337.jpg
996264567_996264597_0,996264567,996264597,0,0,10.3125307,123.90771699999999,335.1996176596299,data\road_images\996264567_996264597_0\0_335.jpg
996264567_996264240_0,996264567,996264240,0,0,10.3121633,123.90738805000001,243.125512079505,data\road_images\996264567_996264240_0\0_243.jpg
996264567_996264235_0,996264567,996264235,0,0,10.31255415,123.9082282,66.19855615537244,data\road_images\996264567_996264235_0\0_66.jpg
996264574_1105801941_0,996264574,1105801941,0,0,10.314568099999999,123.90628964999999,63.79125310673146,data\road_images\996264574_1105801941_0\0_64.jpg
996264574_996264810_0,996264574,996264810,0,0,10.314280780020596,123.90593257778637,182.32278993694325,data\road_images\996264574_996264810_0\0_182.jpg
996264574_1105801939_0,996264574,1105801939,0,0,10.31478000529884,123.90612598638334,35.825587173537315,data\road_images\996264574_1105801939_0\0_36.jpg
996264591_996264877_0,996264591,996264877,0,0,10.312540345571854,123.90612333940648,172.64134844863452,data\road_images\996264591_996264877_0\0_173.jpg
996264591_996264877_1,996264591,996264877,1,0,10.31249865588805,123.90568744830577,172.64134844863452,data\road_images\996264591_996264877_1\0_173.jpg
996264591_10723337345_0,996264591,10723337345,0,0,10.313516002858709,123.90528745647971,333.02003663891276,data\road_images\996264591_10723337345_0\0_333.jpg
996264597_996264551_0,996264597,996264551,0,0,10.312479549999999,123.9072165,242.58070491525487,data\road_images\996264597_996264551_0\0_243.jpg
996264597_996264475_0,996264597,996264475,0,0,10.3128984,123.9080844,65.12510189302179,data\road_images\996264597_996264475_0\0_65.jpg
996264597_996264567_0,996264597,996264567,0,0,10.3125307,123.90771699999999,155.1995899478452,data\road_images\996264597_996264567_0\0_155.jpg
996264597_996264809_0,996264597,996264809,0,0,10.3127901,123.9075905,332.94921414416723,data\road_images\996264597_996264809_0\0_333.jpg
996264621_996264809_0,996264621,996264809,0,0,10.31309245,123.9079842,244.5046410081217,data\road_images\996264621_996264809_0\0_245.jpg
996264621_996264884_0,996264621,996264884,0,0,10.3134058,123.90837625,334.69417766004614,data\road_images\996264621_996264884_0\0_335.jpg
996264621_996264475_0,996264621,996264475,0,0,10.31320075,123.9084781,153.18227178816414,data\road_images\996264621_996264475_0\0_153.jpg
996264660_996264264_0,996264660,996264264,0,0,10.313093649999999,123.90692910000001,244.0638223306168,data\road_images\996264660_996264264_0\0_244.jpg
996264660_996264873_0,996264660,996264873,0,0,10.31350045,123.9077849,64.35050206629359,data\road_images\996264660_996264873_0\0_64.jpg
996264660_996264817_0,996264660,996264817,0,0,10.31319435,123.90738999999999,153.25497210584865,data\road_images\996264660_996264817_0\0_153.jpg
996264660_10892472529_0,996264660,10892472529,0,0,10.31330255,123.90733365,329.8679861064809,data\road_images\996264660_10892472529_0\0_330.jpg
996264726_996264230_0,996264726,996264230,0,0,10.31340875,123.90655985000001,62.894616208915465,data\road_images\996264726_996264230_0\0_63.jpg
996264726_5824889614_0,996264726,5824889614,0,0,10.313192449999999,123.90637665,154.89373904805848,data\road_images\996264726_5824889614_0\0_155.jpg
996264726_996264875_0,996264726,996264875,0,0,10.313395,123.9062802,334.90136556781425,data\road_images\996264726_996264875_0\0_335.jpg
996264757_1105801940_0,996264757,1105801940,0,0,10.31473415,123.90715245000001,242.36766977723835,data\road_images\996264757_1105801940_0\0_242.jpg
996264757_1105801944_0,996264757,1105801944,0,0,10.31500825,123.90745165000001,301.2747675038126,data\road_images\996264757_1105801944_0\0_301.jpg
996264757_996264511_0,996264757,996264511,0,0,10.314851306740568,123.90765601783016,136.6049933895572,data\road_images\996264757_996264511_0\0_137.jpg
996264780_996264809_0,996264780,996264809,0,0,10.31268845,123.90711859999999,64.74250095106481,data\road_images\996264780_996264809_0\0_65.jpg
996264780_996264551_0,996264780,996264551,0,0,10.3123779,123.9067446,157.21515517193848,data\road_images\996264780_996264551_0\0_157.jpg
996264780_996264977_0,996264780,996264977,0,0,10.3125949,123.90664749999999,335.1698177803072,data\road_images\996264780_996264977_0\0_335.jpg
996264809_996264597_0,996264809,996264597,0,0,10.3127901,123.9075905,152.94919656434217,data\road_images\996264809_996264597_0\0_153.jpg
996264809_996264817_0,996264809,996264817,0,0,10.3129914,123.90749034999999,334.79295282942684,data\road_images\996264809_996264817_0\0_335.jpg
996264809_996264780_0,996264809,996264780,0,0,10.31268845,123.90711859999999,244.7426523304398,data\road_images\996264809_996264780_0\0_245.jpg
996264809_996264621_0,996264809,996264621,0,0,10.31309245,123.9079842,64.50448246176313,data\road_images\996264809_996264621_0\0_65.jpg
996264810_996264345_0,996264810,996264345,0,0,10.3140434,123.90598274999999,159.77635827009362,data\road_images\996264810_996264345_0\0_160.jpg
996264810_1105801940_0,996264810,1105801940,0,0,10.3143405,123.9063429,65.07791980146624,data\road_images\996264810_1105801940_0\0_65.jpg
996264810_996264574_0,996264810,996264574,0,0,10.314280780020596,123.90593257778637,2.322788110646627,data\road_images\996264810_996264574_0\0_2.jpg
996264817_996264809_0,996264817,996264809,0,0,10.3129914,123.90749034999999,154.79293455094557,data\road_images\996264817_996264809_0\0_155.jpg
996264817_996264660_0,996264817,996264660,0,0,10.31319435,123.90738999999999,333.25498975799417,data\road_images\996264817_996264660_0\0_333.jpg
996264817_996264977_0,996264817,996264977,0,0,10.312897849999999,123.90701924999999,244.14723761692485,data\road_images\996264817_996264977_0\0_244.jpg
996264817_996264884_0,996264817,996264884,0,0,10.31330475,123.9078824,64.63747270020747,data\road_images\996264817_996264884_0\0_65.jpg
996264873_996264660_0,996264873,996264660,0,0,10.31350045,123.9077849,244.35066112017603,data\road_images\996264873_996264660_0\0_244.jpg
996264873_5824889605_0,996264873,5824889605,0,0,10.3138191,123.90817805,335.2206386698014,data\road_images\996264873_5824889605_0\0_335.jpg
996264873_996264884_0,996264873,996264884,0,0,10.31361085,123.90827730000001,154.50656566201906,data\road_images\996264873_996264884_0\0_155.jpg
996264875_996264508_0,996264875,996264508,0,0,10.3136127,123.9064652,63.39729542977841,data\road_images\996264875_996264508_0\0_63.jpg
996264875_996264726_0,996264875,996264726,0,0,10.313395,123.9062802,154.90134809436358,data\road_images\996264875_996264726_0\0_155.jpg
996264875_996264171_0,996264875,996264171,0,0,10.31360965,123.90617565,333.93813145664075,data\road_images\996264875_996264171_0\0_334.jpg
996264877_996264591_0,996264877,996264591,0,0,10.312540345571854,123.90612333940648,352.64138061793693,data\road_images\996264877_996264591_0\0_353.jpg
996264877_996264591_1,996264877,996264591,1,0,10.31249865588805,123.90568744830577,352.64138061793693,data\road_images\996264877_996264591_1\0_353.jpg
996264877_648757169_0,996264877,648757169,0,0,10.311685554358853,123.90544730775919,240.56162934305112,data\road_images\996264877_648757169_0\0_241.jpg
996264884_996264817_0,996264884,996264817,0,0,10.31330475,123.9078824,244.63763135730625,data\road_images\996264884_996264817_0\0_245.jpg
996264884_996264873_0,996264884,996264873,0,0,10.31361085,123.90827730000001,334.50658292128225,data\road_images\996264884_996264873_0\0_335.jpg
996264884_996264621_0,996264884,996264621,0,0,10.3134058,123.90837625,154.69415948836172,data\road_images\996264884_996264621_0\0_155.jpg
996264977_996264817_0,996264977,996264817,0,0,10.312897849999999,123.90701924999999,64.14708721922187,data\road_images\996264977_996264817_0\0_64.jpg
996264977_996264780_0,996264977,996264780,0,0,10.3125949,123.90664749999999,155.16980048708763,data\road_images\996264977_996264780_0\0_155.jpg
996264977_996264264_0,996264977,996264264,0,0,10.31279715,123.90655835000001,338.0152182023036,data\road_images\996264977_996264264_0\0_338.jpg
996265001_1105801943_0,996265001,1105801943,0,0,10.31433985,123.9073985,245.2663887748456,data\road_images\996265001_1105801943_0\0_245.jpg
996265001_996264511_0,996265001,996264511,0,0,10.31464565,123.90779215,336.0473260942123,data\road_images\996265001_996264511_0\0_336.jpg
996265001_5824889609_0,996265001,5824889609,0,0,10.31443375,123.9078897,155.22355009408807,data\road_images\996265001_5824889609_0\0_155.jpg
997375055_997375078_0,997375055,997375078,0,0,10.316413821450428,123.9037818882024,22.940075665170525,data\road_images\997375055_997375078_0\0_23.jpg
997375055_5814889652_0,997375055,5814889652,0,0,10.315430579344376,123.90304469347659,192.45866627494726,data\road_images\997375055_5814889652_0\0_192.jpg
997375055_5815607639_0,997375055,5815607639,0,0,10.31537031803293,123.90361629635504,168.76946632682188,data\road_images\997375055_5815607639_0\0_169.jpg
997375078_5836449605_0,997375078,5836449605,0,0,10.3168986,123.90397970000001,21.57388433730148,data\road_images\997375078_5836449605_0\0_22.jpg
997375078_997375055_0,997375078,997375055,0,0,10.316413821450428,123.9037818882024,202.94014001007787,data\road_images\997375078_997375055_0\0_203.jpg
997375078_12116282637_0,997375078,12116282637,0,0,10.316416846081543,123.90466267765166,112.66840961559069,data\road_images\997375078_12116282637_0\0_113.jpg
997375078_2454729650_0,997375078,2454729650,0,0,10.317147533528383,123.90362240731241,305.9546277791303,data\road_images\997375078_2454729650_0\0_306.jpg
1093382155_601834715_0,1093382155,601834715,0,0,10.292033700000001,123.89948275,112.57761521135325,data\road_images\1093382155_601834715_0\0_113.jpg
1093382155_5769709240_0,1093382155,5769709240,0,0,10.2920058,123.8993902,166.9133163076715,data\road_images\1093382155_5769709240_0\0_167.jpg
1093382155_380438497_0,1093382155,380438497,0,0,10.29221445,123.8989243,287.10399053258277,data\road_images\1093382155_380438497_0\0_287.jpg
1093382155_601834777_0,1093382155,601834777,0,0,10.2926134,123.89951515,14.655899891261754,data\road_images\1093382155_601834777_0\0_15.jpg
1093382297_1093382298_0,1093382297,1093382298,0,0,10.2925527,123.89227495,83.44180577028072,data\road_images\1093382297_1093382298_0\0_83.jpg
1093382297_1093748904_0,1093382297,1093748904,0,0,10.292486315849251,123.89182894566817,260.80571465614565,data\road_images\1093382297_1093748904_0\0_261.jpg
1093382298_1093382297_0,1093382298,1093382297,0,0,10.2925527,123.89227495,263.4418563171922,data\road_images\1093382298_1093382297_0\0_263.jpg
1093382298_1093382301_0,1093382298,1093382301,0,0,10.29266108982994,123.89302123897964,80.78038440070259,data\road_images\1093382298_1093382301_0\0_81.jpg
1093382298_1093748748_0,1093382298,1093748748,0,0,10.292830550000001,123.8923606,348.1583528654744,data\road_images\1093382298_1093748748_0\0_348.jpg
1093382301_1093748950_0,1093382301,1093748950,0,0,10.2929733,123.89361845,358.282130137253,data\road_images\1093382301_1093748950_0\0_358.jpg
1093382301_1093748948_0,1093382301,1093748948,0,0,10.2925443,123.8936368,176.91719821529273,data\road_images\1093382301_1093748948_0\0_177.jpg
1093382301_324580429_0,1093382301,324580429,0,0,10.292848,123.89399425,76.64105394054957,data\road_images\1093382301_324580429_0\0_77.jpg
1093382301_1093382298_0,1093382301,1093382298,0,0,10.29266108982994,123.89302123897964,260.78060033088246,data\road_images\1093382301_1093382298_0\0_261.jpg
1093382345_4036150280_0,1093382345,4036150280,0,0,10.29488945,123.89056464999999,79.10706483992413,data\road_images\1093382345_4036150280_0\0_79.jpg
1093382345_921143224_0,1093382345,921143224,0,0,10.29555272998542,123.88983224836653,315.437597517755,data\road_images\1093382345_921143224_0\0_315.jpg
1093382345_1093748758_0,1093382345,1093748758,0,0,10.294795782417332,123.88994337109821,262.38104292142543,data\road_images\1093382345_1093748758_0\0_262.jpg
1093382345_5770898396_0,1093382345,5770898396,0,0,10.2948391,123.8905681,126.25008119076625,data\road_images\1093382345_5770898396_0\0_126.jpg
1093382399_482224018_0,1093382399,482224018,0,0,10.30028565,123.90442105,270.6174479579722,data\road_images\1093382399_482224018_0\0_271.jpg
1093382399_5770771913_0,1093382399,5770771913,0,0,10.3000113,123.9050789,177.53588175255538,data\road_images\1093382399_5770771913_0\0_178.jpg
1093382399_482223981_0,1093382399,482223981,0,0,10.3002769,123.90573330000001,90.16598930161928,data\road_images\1093382399_482223981_0\0_90.jpg
1093382446_1093382450_0,1093382446,1093382450,0,0,10.306418041713593,123.90078873221546,132.0407917362835,data\road_images\1093382446_1093382450_0\0_132.jpg
1093382446_318387211_0,1093382446,318387211,0,0,10.30663144935769,123.90021290995708,279.32010297827276,data\road_images\1093382446_318387211_0\0_279.jpg
1093382446_5799649476_0,1093382446,5799649476,0,0,10.306842529337692,123.90061658518974,8.137650327188851,data\road_images\1093382446_5799649476_0\0_8.jpg
1093382450_318387195_0,1093382450,318387195,0,0,10.306180900000001,123.90102110000001,137.36975775128604,data\road_images\1093382450_318387195_0\0_137.jpg
1093382450_1093382446_0,1093382450,1093382446,0,0,10.306418041713593,123.90078873221546,312.0408270894284,data\road_images\1093382450_1093382446_0\0_312.jpg
1093382450_8317775782_0,1093382450,8317775782,0,0,10.307140294349356,123.90133414619852,17.274744739940274,data\road_images\1093382450_8317775782_0\0_17.jpg
1093382452_1093382463_0,1093382452,1093382463,0,0,10.30527115,123.90158785,166.77612393970514,data\road_images\1093382452_1093382463_0\0_167.jpg
1093382452_5799865016_0,1093382452,5799865016,0,0,10.3054466,123.9015344,337.9503103861317,data\road_images\1093382452_5799865016_0\0_338.jpg
1093382452_5799865014_0,1093382452,5799865014,0,0,10.305585113254104,123.9019598444321,56.16473851659788,data\road_images\1093382452_5799865014_0\0_56.jpg
1093382454_912971891_0,1093382454,912971891,0,0,10.302192999999999,123.90205545,161.71063515082392,data\road_images\1093382454_912971891_0\0_162.jpg
1093382454_5797095131_0,1093382454,5797095131,0,0,10.30316201784053,123.90185152776672,351.8341419466238,data\road_images\1093382454_5797095131_0\0_352.jpg
1093382454_5812842774_0,1093382454,5812842774,0,0,10.30227176340337,123.90212271230484,89.05241901111594,data\road_images\1093382454_5812842774_0\0_89.jpg
1093382457_1093750316_0,1093382457,1093750316,0,0,10.3048218,123.90246895,85.05369589456632,data\road_images\1093382457_1093750316_0\0_85.jpg
1093382457_5812723478_0,1093382457,5812723478,0,0,10.30471775,123.9016646,176.01973745343594,data\road_images\1093382457_5812723478_0\0_176.jpg
1093382457_1093382463_0,1093382457,1093382463,0,0,10.3049578,123.90163795000001,353.37905465838514,data\road_images\1093382457_1093382463_0\0_353.jpg
1093382463_5799865008_0,1093382463,5799865008,0,0,10.305203500000001,123.9020866,84.96292651995503,data\road_images\1093382463_5799865008_0\0_85.jpg
1093382463_1093382457_0,1093382463,1093382457,0,0,10.3049578,123.90163795000001,173.3790460181326,data\road_images\1093382463_1093382457_0\0_173.jpg
1093382463_1093382452_0,1093382463,1093382452,0,0,10.30527115,123.90158785,346.77613322412753,data\road_images\1093382463_1093382452_0\0_347.jpg
1093748401_8594919530_0,1093748401,8594919530,0,0,10.293166150000001,123.8955171,78.80573256006272,data\road_images\1093748401_8594919530_0\0_79.jpg
1093748401_5771168251_0,1093748401,5771168251,0,0,10.293092877790608,123.89514189286594,259.0230009262314,data\road_images\1093748401_5771168251_0\0_259.jpg
1093748401_5769539317_0,1093748401,5769539317,0,0,10.293195950000001,123.89543470000001,322.233313162317,data\road_images\1093748401_5769539317_0\0_322.jpg
1093748411_1093748419_0,1093748411,1093748419,0,0,10.2929571,123.89625860000001,356.6176451387852,data\road_images\1093748411_1093748419_0\0_357.jpg
1093748411_601834760_0,1093748411,601834760,0,0,10.292499296972172,123.89679999556263,97.62222901381034,data\road_images\1093748411_601834760_0\0_98.jpg
1093748411_8594919530_0,1093748411,8594919530,0,0,10.292725527551243,123.89576464875176,309.088465356541,data\road_images\1093748411_8594919530_0\0_309.jpg
1093748419_1093748411_0,1093748419,1093748411,0,0,10.2929571,123.89625860000001,176.61763763416855,data\road_images\1093748419_1093748411_0\0_177.jpg
1093748419_8594919530_0,1093748419,8594919530,0,0,10.293241449211243,123.89590289039208,258.7842903838333,data\road_images\1093748419_8594919530_0\0_259.jpg
1093748419_666067569_0,1093748419,666067569,0,0,10.293384137666708,123.8966344926523,78.78912755221774,data\road_images\1093748419_666067569_0\0_79.jpg
1093748492_1680513010_0,1093748492,1680513010,0,0,10.295302150000001,123.8952343,340.69660271355497,data\road_images\1093748492_1680513010_0\0_341.jpg
1093748492_5772793115_0,1093748492,5772793115,0,0,10.294879544410074,123.895139712863,249.98050716714155,data\road_images\1093748492_5772793115_0\0_250.jpg
1093748492_282921471_0,1093748492,282921471,0,0,10.29520185540764,123.89595219312578,66.49581515832801,data\road_images\1093748492_282921471_0\0_66.jpg
1093748492_1093748499_0,1093748492,1093748499,0,0,10.294469195195225,123.8953846044497,178.04690458948312,data\road_images\1093748492_1093748499_0\0_178.jpg
1093748499_1093749057_0,1093748499,1093749057,0,0,10.293893149999999,123.89514325,250.57751212545736,data\road_images\1093748499_1093749057_0\0_251.jpg
1093748499_1093748492_0,1093748499,1093748492,0,0,10.294469195195225,123.8953846044497,358.04691064765893,data\road_images\1093748499_1093748492_0\0_358.jpg
1093748499_1093749055_0,1093748499,1093749055,0,0,10.294242840464626,123.89608357581777,68.48829734368985,data\road_images\1093748499_1093749055_0\0_68.jpg
1093748499_5769539317_0,1093748499,5769539317,0,0,10.293607428040408,123.89539800880704,179.05976493182357,data\road_images\1093748499_5769539317_0\0_179.jpg
1093748502_1680513007_0,1093748502,1680513007,0,0,10.29653435,123.89485260000001,344.8617422227918,data\road_images\1093748502_1680513007_0\0_345.jpg
1093748502_666067571_0,1093748502,666067571,0,0,10.296388071201083,123.89436573775295,293.3737387118398,data\road_images\1093748502_666067571_0\0_293.jpg
1093748502_282921471_0,1093748502,282921471,0,0,10.29579882706841,123.89575134026568,113.3764311721502,data\road_images\1093748502_282921471_0\0_113.jpg
1093748502_1680513010_0,1093748502,1680513010,0,0,10.295890700000001,123.89503705,163.2638083657513,data\road_images\1093748502_1680513010_0\0_163.jpg
1093748519_5773341635_0,1093748519,5773341635,0,0,10.295612241347404,123.89351517203477,84.88703200607728,data\road_images\1093748519_5773341635_0\0_85.jpg
1093748519_922231021_0,1093748519,922231021,0,0,10.295055322993896,123.89369343583179,138.94265261318606,data\road_images\1093748519_922231021_0\0_139.jpg
1093748519_281446244_0,1093748519,281446244,0,0,10.295937146759599,123.89290271393936,320.7369274577448,data\road_images\1093748519_281446244_0\0_321.jpg
1093748533_5771168168_0,1093748533,5771168168,0,0,10.2968948,123.8936667,253.39938143824978,data\road_images\1093748533_5771168168_0\0_253.jpg
1093748555_5771168168_0,1093748555,5771168168,0,0,10.296727235841196,123.89342857930536,290.99085759966835,data\road_images\1093748555_5771168168_0\0_291.jpg
1093748555_281446244_0,1093748555,281446244,0,0,10.296461884999188,123.89310390452947,253.9184678679047,data\road_images\1093748555_281446244_0\0_254.jpg
1093748555_666067571_0,1093748555,666067571,0,0,10.296621349999999,123.89368525,75.98059233751121,data\road_images\1093748555_666067571_0\0_76.jpg
1093748746_324580523_0,1093748746,324580523,0,0,10.293931703978593,123.89147968836113,262.32111782459697,data\road_images\1093748746_324580523_0\0_262.jpg
1093748746_1093748748_0,1093748746,1093748748,0,0,10.293567183374705,123.89218485017473,166.43827246569833,data\road_images\1093748746_1093748748_0\0_166.jpg
1093748746_8404145227_0,1093748746,8404145227,0,0,10.294164290098596,123.89274562567822,79.9127688988417,data\road_images\1093748746_8404145227_0\0_80.jpg
1093748746_1295696084_0,1093748746,1295696084,0,0,10.294526404505314,123.89194271686785,345.2817293901289,data\road_images\1093748746_1295696084_0\0_345.jpg
1093748748_1093382298_0,1093748748,1093382298,0,0,10.292830550000001,123.8923606,168.1583329249006,data\road_images\1093748748_1093382298_0\0_168.jpg
1093748748_1093748950_0,1093748748,1093748950,0,0,10.293154207174924,123.89295724955952,85.88628932988252,data\road_images\1093748748_1093748950_0\0_86.jpg
1093748748_1093748746_0,1093748748,1093748746,0,0,10.293567183374705,123.89218485017473,346.43831413662303,data\road_images\1093748748_1093748746_0\0_346.jpg
1093748758_921143221_0,1093748758,921143221,0,0,10.29418995,123.88947155,169.75127125692268,data\road_images\1093748758_921143221_0\0_170.jpg
1093748758_1093382345_0,1093748758,1093382345,0,0,10.294795782417332,123.88994337109821,82.3808392422522,data\road_images\1093748758_1093382345_0\0_82.jpg
1093748758_921143224_0,1093748758,921143224,0,0,10.295481184543657,123.88923865086964,352.019083952368,data\road_images\1093748758_921143224_0\0_352.jpg
1093748758_1093748761_0,1093748758,1093748761,0,0,10.294660866768295,123.88874141528778,263.37626904638864,data\road_images\1093748758_1093748761_0\0_263.jpg
1093748761_5947373647_0,1093748761,5947373647,0,0,10.294369450000001,123.88815389999999,168.99073433399712,data\road_images\1093748761_5947373647_0\0_169.jpg
1093748761_1093748758_0,1093748761,1093748758,0,0,10.294660866768295,123.88874141528778,83.37604365673633,data\road_images\1093748761_1093748758_0\0_83.jpg
1093748761_1093748762_0,1093748761,1093748762,0,0,10.29449375,123.8874592,261.8694420441965,data\road_images\1093748761_1093748762_0\0_262.jpg
1093748762_1093748761_0,1093748762,1093748761,0,0,10.29449375,123.8874592,81.86920900946723,data\road_images\1093748762_1093748761_0\0_82.jpg
1093748762_1093748832_0,1093748762,1093748832,0,0,10.2946856,123.88674940000001,348.6571403554519,data\road_images\1093748762_1093748832_0\0_349.jpg
1093748762_1141747198_0,1093748762,1141747198,0,0,10.294301396620806,123.8856806019748,265.549956832975,data\road_images\1093748762_1141747198_0\0_266.jpg
1093748762_324580308_0,1093748762,324580308,0,0,10.293792960388995,123.88691434755145,169.50289129231476,data\road_images\1093748762_324580308_0\0_170.jpg
1093748768_1093748774_0,1093748768,1093748774,0,0,10.29278884413479,123.88837920328825,357.5638350844005,data\road_images\1093748768_1093748774_0\0_358.jpg
1093748768_1093748770_0,1093748768,1093748770,0,0,10.292159626337671,123.88878825018868,89.54471177791066,data\road_images\1093748768_1093748770_0\0_90.jpg
1093748768_324580541_0,1093748768,324580541,0,0,10.292164709115577,123.88777434797483,270.5767461848355,data\road_images\1093748768_324580541_0\0_271.jpg
1093748770_921143223_0,1093748770,921143223,0,0,10.292178390735357,123.8894999273621,85.59606160261455,data\road_images\1093748770_921143223_0\0_86.jpg
1093748770_1093748768_0,1093748770,1093748768,0,0,10.292159626337671,123.88878825018868,269.5448557661108,data\road_images\1093748770_1093748768_0\0_270.jpg
1093748772_5773378207_0,1093748772,5773378207,0,0,10.29253425,123.8905995,350.040777067191,data\road_images\1093748772_5773378207_0\0_350.jpg
1093748772_8318675251_0,1093748772,8318675251,0,0,10.292321424502735,123.89085798713008,79.19833065568878,data\road_images\1093748772_8318675251_0\0_79.jpg
1093748772_921143223_0,1093748772,921143223,0,0,10.292239359275015,123.89022650766508,264.96208277362786,data\road_images\1093748772_921143223_0\0_265.jpg
1093748774_5773232928_0,1093748774,5773232928,0,0,10.29369065,123.8882799,349.5669407877483,data\road_images\1093748774_5773232928_0\0_350.jpg
1093748774_1093748768_0,1093748774,1093748768,0,0,10.29278884413479,123.88837920328825,177.56382532856162,data\road_images\1093748774_1093748768_0\0_178.jpg
1093748774_324580308_0,1093748774,324580308,0,0,10.293301343094573,123.88768367965643,259.6514531437355,data\road_images\1093748774_324580308_0\0_260.jpg
1093748774_921143221_0,1093748774,921143221,0,0,10.293532855716963,123.88895106318705,79.26948579312324,data\road_images\1093748774_921143221_0\0_79.jpg
1093748823_1093748847_0,1093748823,1093748847,0,0,10.295858930657726,123.88795706418595,197.69812581790384,data\road_images\1093748823_1093748847_0\0_198.jpg
1093748823_1123112546_0,1093748823,1123112546,0,0,10.29652709027563,123.88718502093828,256.7448109707082,data\road_images\1093748823_1123112546_0\0_257.jpg
1093748823_922248284_0,1093748823,922248284,0,0,10.296761711757114,123.88826743969933,78.78008751249871,data\road_images\1093748823_922248284_0\0_79.jpg
1093748832_1093748833_0,1093748832,1093748833,0,0,10.29501365,123.8869688,80.7229554485844,data\road_images\1093748832_1093748833_0\0_81.jpg
1093748832_1093748762_0,1093748832,1093748762,0,0,10.2946856,123.88674940000001,168.65711969644428,data\road_images\1093748832_1093748762_0\0_169.jpg
1093748832_1123112546_0,1093748832,1123112546,0,0,10.29566231226087,123.88657063324803,350.41779360677083,data\road_images\1093748832_1123112546_0\0_350.jpg
1093748833_1093748834_0,1093748833,1093748834,0,0,10.2950643,123.88756955,88.90218378851216,data\road_images\1093748833_1093748834_0\0_89.jpg
1093748833_1093748832_0,1093748833,1093748832,0,0,10.29501365,123.8869688,260.72305452915765,data\road_images\1093748833_1093748832_0\0_261.jpg
1093748833_1093748835_0,1093748833,1093748835,0,0,10.29524565,123.88720900000001,349.00951840284387,data\road_images\1093748833_1093748835_0\0_349.jpg
1093748834_1093748833_0,1093748834,1093748833,0,0,10.2950643,123.88756955,268.90229943663667,data\road_images\1093748834_1093748833_0\0_269.jpg
1093748835_1093748833_0,1093748835,1093748833,0,0,10.29524565,123.88720900000001,169.00950517752221,data\road_images\1093748835_1093748833_0\0_169.jpg
1093748835_1093748847_0,1093748835,1093748847,0,0,10.29545175,123.88734590000001,83.7792569967545,data\road_images\1093748835_1093748847_0\0_84.jpg
1093748835_1093748847_1,1093748835,1093748847,1,0,10.29602234988642,123.88724686834814,83.7792569967545,data\road_images\1093748835_1093748847_1\0_84.jpg
1093748847_1093748835_0,1093748847,1093748835,0,0,10.29545175,123.88734590000001,263.77931915702595,data\road_images\1093748847_1093748835_0\0_264.jpg
1093748847_1093748835_1,1093748847,1093748835,1,0,10.29602234988642,123.88724686834814,263.77931915702595,data\road_images\1093748847_1093748835_1\0_264.jpg
1093748847_1093748823_0,1093748847,1093748823,0,0,10.295858930657726,123.88795706418595,17.698054806503308,data\road_images\1093748847_1093748823_0\0_18.jpg
1093748904_922231018_0,1093748904,922231018,0,0,10.2924248,123.89143100000001,260.7929618531635,data\road_images\1093748904_922231018_0\0_261.jpg
1093748904_1093382297_0,1093748904,1093382297,0,0,10.292486315849251,123.89182894566817,80.80560571905175,data\road_images\1093748904_1093382297_0\0_81.jpg
1093748948_1093382301_0,1093748948,1093382301,0,0,10.2925443,123.8936368,356.91720246772826,data\road_images\1093748948_1093382301_0\0_357.jpg
1093748948_10773517793_0,1093748948,10773517793,0,0,10.292392783533833,123.89405873203599,80.14734133635238,data\road_images\1093748948_10773517793_0\0_80.jpg
1093748948_1093748982_0,1093748948,1093748982,0,0,10.29225407882702,123.89322720197806,257.0687874703733,data\road_images\1093748948_1093748982_0\0_257.jpg
1093748950_1093382301_0,1093748950,1093382301,0,0,10.2929733,123.89361845,178.28212783226797,data\road_images\1093748950_1093382301_0\0_178.jpg
1093748950_5770817070_0,1093748950,5770817070,0,0,10.29367772414841,123.89359564458981,1.2098719287059794,data\road_images\1093748950_5770817070_0\0_1.jpg
1093748950_1093748968_0,1093748950,1093748968,0,0,10.293230608866033,123.8941080348461,85.23102972471474,data\road_images\1093748950_1093748968_0\0_85.jpg
1093748950_1093748748_0,1093748950,1093748748,0,0,10.293154207174924,123.89295724955952,265.8865229060982,data\road_images\1093748950_1093748748_0\0_266.jpg
1093748968_1093748950_0,1093748968,1093748950,0,0,10.293230608866033,123.8941080348461,265.2312071418989,data\road_images\1093748968_1093748950_0\0_265.jpg
1093748968_5770817070_0,1093748968,5770817070,0,0,10.293749389098211,123.89414852804397,313.3147395725408,data\road_images\1093748968_5770817070_0\0_313.jpg
1093748968_5771168251_0,1093748968,5771168251,0,0,10.293149401991682,123.89471110219432,138.232440868754,data\road_images\1093748968_5771168251_0\0_138.jpg
1093748982_1093748948_0,1093748982,1093748948,0,0,10.29225407882702,123.89322720197806,77.0686383891287,data\road_images\1093748982_1093748948_0\0_77.jpg
1093748984_1093748986_0,1093748984,1093748986,0,0,10.29227675,123.89451665,165.1879780580199,data\road_images\1093748984_1093748986_0\0_165.jpg
1093748984_10773517793_0,1093748984,10773517793,0,0,10.2924474,123.8944717,347.69739874335056,data\road_images\1093748984_10773517793_0\0_348.jpg
1093748984_1093748985_0,1093748984,1093748985,0,0,10.292524664925496,123.89486994633883,75.99884427027689,data\road_images\1093748984_1093748985_0\0_76.jpg
1093748985_1093748984_0,1093748985,1093748984,0,0,10.292524664925496,123.89486994633883,255.99898504735683,data\road_images\1093748985_1093748984_0\0_256.jpg
1093748986_1093748984_0,1093748986,1093748984,0,0,10.29227675,123.89451665,345.1879925839037,data\road_images\1093748986_1093748984_0\0_345.jpg
1093748986_1093749016_0,1093748986,1093749016,0,0,10.292098270457478,123.89428892052906,262.9993169093306,data\road_images\1093748986_1093749016_0\0_263.jpg
1093748986_5948001700_0,1093748986,5948001700,0,0,10.292167977454147,123.89487513786027,82.08648766113515,data\road_images\1093748986_5948001700_0\0_82.jpg
1093749016_1093748986_0,1093749016,1093748986,0,0,10.292098270457478,123.89428892052906,82.99922123350672,data\road_images\1093749016_1093748986_0\0_83.jpg
1093749055_666067569_0,1093749055,666067569,0,0,10.29398825285382,123.89690216159961,166.4271771232876,data\road_images\1093749055_666067569_0\0_166.jpg
1093749055_1093748499_0,1093749055,1093748499,0,0,10.294242840464626,123.89608357581777,248.48854429396664,data\road_images\1093749055_1093748499_0\0_248.jpg
1093749055_282921471_0,1093749055,282921471,0,0,10.294989191581339,123.89665646569185,346.42228302744974,data\road_images\1093749055_282921471_0\0_346.jpg
1093749057_5769539317_0,1093749057,5769539317,0,0,10.293524024404807,123.8951524143987,138.83317182116866,data\road_images\1093749057_5769539317_0\0_139.jpg
1093749057_1093748499_0,1093749057,1093748499,0,0,10.293893149999999,123.89514325,70.57742358103582,data\road_images\1093749057_1093748499_0\0_71.jpg
1093749057_5768688019_0,1093749057,5768688019,0,0,10.294186355636112,123.8945829867184,321.28211147730786,data\road_images\1093749057_5768688019_0\0_321.jpg
1093749066_5770898393_0,1093749066,5770898393,0,0,10.298128897097227,123.88780658057752,152.53519510234912,data\road_images\1093749066_5770898393_0\0_153.jpg
1093749066_1093749146_0,1093749066,1093749146,0,0,10.299126903677548,123.8884607698346,55.55087957299406,data\road_images\1093749066_1093749146_0\0_56.jpg
1093749066_8337350778_0,1093749066,8337350778,0,0,10.299009888547273,123.88733679754084,333.3079383949988,data\road_images\1093749066_8337350778_0\0_333.jpg
1093749084_1093749146_0,1093749084,1093749146,0,0,10.299716,123.88955125000001,248.17317792774327,data\road_images\1093749084_1093749146_0\0_248.jpg
1093749084_1093749086_0,1093749084,1093749086,0,0,10.299835850000001,123.88985210000001,67.70717546314057,data\road_images\1093749084_1093749086_0\0_68.jpg
1093749084_1093749124_0,1093749084,1093749124,0,0,10.299554190736533,123.88980952150047,145.00227631168156,data\road_images\1093749084_1093749124_0\0_145.jpg
1093749084_1093749121_0,1093749084,1093749121,0,0,10.30023645,123.88951560000001,336.9743708884614,data\road_images\1093749084_1093749121_0\0_337.jpg
1093749086_1093749172_0,1093749086,1093749172,0,0,10.3000597,123.8899214,337.70154248317607,data\road_images\1093749086_1093749172_0\0_338.jpg
1093749086_1093749084_0,1093749086,1093749084,0,0,10.299835850000001,123.88985210000001,247.70722524059937,data\road_images\1093749086_1093749084_0\0_248.jpg
1093749086_1093749129_0,1093749086,1093749129,0,0,10.30010460702225,123.89060786753338,84.38253687067413,data\road_images\1093749086_1093749129_0\0_84.jpg
1093749094_1674620029_0,1093749094,1674620029,0,0,10.2995941173961,123.89390081422529,356.32565383040304,data\road_images\1093749094_1674620029_0\0_356.jpg
1093749094_5972511878_0,1093749094,5972511878,0,0,10.299090091416087,123.89444235694599,101.39559084052291,data\road_images\1093749094_5972511878_0\0_101.jpg
1093749094_5773325511_0,1093749094,5773325511,0,0,10.299254583296799,123.89373500827581,284.1800288687532,data\road_images\1093749094_5773325511_0\0_284.jpg
1093749102_1093749103_0,1093749102,1093749103,0,0,10.2989916,123.89027200000001,75.56923834659358,data\road_images\1093749102_1093749103_0\0_76.jpg
1093749102_5792639773_0,1093749102,5792639773,0,0,10.298776046903983,123.8903097943625,151.62623454345993,data\road_images\1093749102_5792639773_0\0_152.jpg
1093749102_1093749146_0,1093749102,1093749146,0,0,10.299114305484297,123.88966965349567,310.3551096972202,data\road_images\1093749102_1093749146_0\0_310.jpg
1093749103_1093749102_0,1093749103,1093749102,0,0,10.2989916,123.89027200000001,255.56926362656858,data\road_images\1093749103_1093749102_0\0_256.jpg
1093749103_1093749278_0,1093749103,1093749278,0,0,10.299255997454017,123.89125704350809,53.85288258011525,data\road_images\1093749103_1093749278_0\0_54.jpg
1093749103_1093749124_0,1093749103,1093749124,0,0,10.299259345773152,123.89021554861142,317.8224108706187,data\road_images\1093749103_1093749124_0\0_318.jpg
1093749110_1093749111_0,1093749110,1093749111,0,0,10.30236,123.88929565000001,179.54559407478678,data\road_images\1093749110_1093749111_0\0_180.jpg
1093749110_1093749215_0,1093749110,1093749215,0,0,10.30249519404901,123.88899567873656,263.605134770325,data\road_images\1093749110_1093749215_0\0_264.jpg
1093749110_1093749195_0,1093749110,1093749195,0,0,10.302841537244602,123.88985467745123,68.9574349926948,data\road_images\1093749110_1093749195_0\0_69.jpg
1093749111_1093749113_0,1093749111,1093749113,0,0,10.301946650103584,123.88928159880211,184.8635479179347,data\road_images\1093749111_1093749113_0\0_185.jpg
1093749111_1093749198_0,1093749111,1093749198,0,0,10.302188332479195,123.88967700717181,81.23891989286136,data\road_images\1093749111_1093749198_0\0_81.jpg
1093749111_1093749110_0,1093749111,1093749110,0,0,10.30236,123.88929565000001,359.5455947365043,data\road_images\1093749111_1093749110_0\0_360.jpg
1093749113_1093749114_0,1093749113,1093749114,0,0,10.30177355,123.88941905,85.92455499733478,data\road_images\1093749113_1093749114_0\0_86.jpg
1093749113_1093749121_0,1093749113,1093749121,0,0,10.301216418487114,123.88914948682239,177.22992311519238,data\road_images\1093749113_1093749121_0\0_177.jpg
1093749113_1093749239_0,1093749113,1093749239,0,0,10.301756043289544,123.88907062164168,272.32633549395854,data\road_images\1093749113_1093749239_0\0_272.jpg
1093749113_1093749111_0,1093749113,1093749111,0,0,10.301946650103584,123.88928159880211,4.863542230977714,data\road_images\1093749113_1093749111_0\0_5.jpg
1093749114_1093749113_0,1093749114,1093749113,0,0,10.30177355,123.88941905,265.9246098453441,data\road_images\1093749114_1093749113_0\0_266.jpg
1093749114_5796487553_0,1093749114,5796487553,0,0,10.30178715,123.8896212,86.60298394347734,data\road_images\1093749114_5796487553_0\0_87.jpg
1093749114_1093749174_0,1093749114,1093749174,0,0,10.301460893876605,123.88951994172623,188.089727129621,data\road_images\1093749114_1093749174_0\0_188.jpg
1093749121_1093749084_0,1093749121,1093749084,0,0,10.30023645,123.88951560000001,156.9743003315442,data\road_images\1093749121_1093749084_0\0_157.jpg
1093749121_1093749163_0,1093749121,1093749163,0,0,10.300573570333261,123.88901336163381,248.2668446260812,data\road_images\1093749121_1093749163_0\0_248.jpg
1093749121_1093749113_0,1093749121,1093749113,0,0,10.301216418487114,123.88914948682239,357.22993252130027,data\road_images\1093749121_1093749113_0\0_357.jpg
1093749124_1093749129_0,1093749124,1093749129,0,0,10.29962808152634,123.89065305893294,63.677656119243125,data\road_images\1093749124_1093749129_0\0_64.jpg
1093749124_1093749103_0,1093749124,1093749103,0,0,10.299259345773152,123.89021554861142,137.82234657819998,data\road_images\1093749124_1093749103_0\0_138.jpg
1093749124_1093749084_0,1093749124,1093749084,0,0,10.299554190736533,123.88980952150047,325.0023246220795,data\road_images\1093749124_1093749084_0\0_325.jpg
1093749129_5796421437_0,1093749129,5796421437,0,0,10.299984649999999,123.89133165000001,108.00835691575872,data\road_images\1093749129_5796421437_0\0_108.jpg
1093749129_1093749124_0,1093749129,1093749124,0,0,10.29962808152634,123.89065305893294,243.6778813321641,data\road_images\1093749129_1093749124_0\0_244.jpg
1093749129_1093749086_0,1093749129,1093749086,0,0,10.30010460702225,123.89060786753338,264.3827606228158,data\road_images\1093749129_1093749086_0\0_264.jpg
1093749130_5773325511_0,1093749130,5773325511,0,0,10.299053573885459,123.8923817787543,69.77968922443131,data\road_images\1093749130_5773325511_0\0_70.jpg
1093749144_1681093492_0,1093749144,1681093492,0,0,10.298112086327931,123.89069395782042,330.15562379000414,data\road_images\1093749144_1681093492_0\0_330.jpg
1093749144_8594974217_0,1093749144,8594974217,0,0,10.297534879500649,123.89014897080074,256.30002156669633,data\road_images\1093749144_8594974217_0\0_256.jpg
1093749144_2434558866_0,1093749144,2434558866,0,0,10.297915156512593,123.89117617376112,64.46130938962875,data\road_images\1093749144_2434558866_0\0_64.jpg
1093749146_1093749084_0,1093749146,1093749084,0,0,10.299716,123.88955125000001,68.17312012262585,data\road_images\1093749146_1093749084_0\0_68.jpg
1093749146_1093749102_0,1093749146,1093749102,0,0,10.299114305484297,123.88966965349567,130.35496457305123,data\road_images\1093749146_1093749102_0\0_130.jpg
1093749146_1093749163_0,1093749146,1093749163,0,0,10.30018440614819,123.88918102034667,320.10438815308055,data\road_images\1093749146_1093749163_0\0_320.jpg
1093749146_1093749066_0,1093749146,1093749066,0,0,10.299126903677548,123.8884607698346,235.55119520180722,data\road_images\1093749146_1093749066_0\0_236.jpg
1093749163_1093749121_0,1093749163,1093749121,0,0,10.300573570333261,123.88901336163381,68.26673556869395,data\road_images\1093749163_1093749121_0\0_68.jpg
1093749163_1093749239_0,1093749163,1093749239,0,0,10.30112136331378,123.88879350269823,7.177410415332815,data\road_images\1093749163_1093749239_0\0_7.jpg
1093749163_1093749146_0,1093749163,1093749146,0,0,10.30018440614819,123.88918102034667,140.10426635239685,data\road_images\1093749163_1093749146_0\0_140.jpg
1093749172_1093749086_0,1093749172,1093749086,0,0,10.3000597,123.8899214,157.70151748643457,data\road_images\1093749172_1093749086_0\0_158.jpg
1093749172_1093749175_0,1093749172,1093749175,0,0,10.3002839,123.8900064,69.6589185409369,data\road_images\1093749172_1093749175_0\0_70.jpg
1093749172_1093749174_0,1093749172,1093749174,0,0,10.300680858714221,123.8896623769325,338.03074626394977,data\road_images\1093749172_1093749174_0\0_338.jpg
1093749174_1093749184_0,1093749174,1093749184,0,0,10.30112415,123.8896556,94.02822617763206,data\road_images\1093749174_1093749184_0\0_94.jpg
1093749174_1093749114_0,1093749174,1093749114,0,0,10.301460893876605,123.88951994172623,8.089710391393282,data\road_images\1093749174_1093749114_0\0_8.jpg
1093749174_1093749172_0,1093749174,1093749172,0,0,10.300680858714221,123.8896623769325,158.03067961999022,data\road_images\1093749174_1093749172_0\0_158.jpg
1093749175_1093749184_0,1093749175,1093749184,0,0,10.30072615,123.88999685,337.24483511849627,data\road_images\1093749175_1093749184_0\0_337.jpg
1093749175_1093749176_0,1093749175,1093749176,0,0,10.300397499999999,123.8903184,69.72491763413404,data\road_images\1093749175_1093749176_0\0_70.jpg
1093749175_1093749172_0,1093749175,1093749172,0,0,10.3002839,123.8900064,249.65897393542815,data\road_images\1093749175_1093749172_0\0_250.jpg
1093749176_1093749177_0,1093749176,1093749177,0,0,10.3004778,123.8905392,69.68679182039432,data\road_images\1093749176_1093749177_0\0_70.jpg
1093749176_1093749175_0,1093749176,1093749175,0,0,10.300397499999999,123.8903184,249.7249738162052,data\road_images\1093749176_1093749175_0\0_250.jpg
1093749176_1093749184_0,1093749176,1093749184,0,0,10.30092395675981,123.89024903129553,316.09096341775864,data\road_images\1093749176_1093749184_0\0_316.jpg
1093749177_1093749176_0,1093749177,1093749176,0,0,10.3004778,123.8905392,249.6868146017238,data\road_images\1093749177_1093749176_0\0_250.jpg
1093749177_5796421440_0,1093749177,5796421440,0,0,10.300649142101134,123.89110212108119,75.58745328883299,data\road_images\1093749177_5796421440_0\0_76.jpg
1093749177_5796421438_0,1093749177,5796421438,0,0,10.30043245274917,123.89107214718292,102.66476480172986,data\road_images\1093749177_5796421438_0\0_103.jpg
1093749181_5796421438_0,1093749181,5796421438,0,0,10.300267550000001,123.8916252,286.8361662825403,data\road_images\1093749181_5796421438_0\0_287.jpg
1093749181_1093749278_0,1093749181,1093749278,0,0,10.3000707,123.8916538,201.80122560190068,data\road_images\1093749181_1093749278_0\0_202.jpg
1093749181_1093749183_0,1093749181,1093749183,0,0,10.300510378481933,123.89179290578275,5.291494743151986,data\road_images\1093749181_1093749183_0\0_5.jpg
1093749183_5796421440_0,1093749183,5796421440,0,0,10.30077375,123.89169355000001,257.6514885335056,data\road_images\1093749183_5796421440_0\0_258.jpg
1093749183_1093749264_0,1093749183,1093749264,0,0,10.300897299999999,123.89176155000001,353.3680812237069,data\road_images\1093749183_1093749264_0\0_353.jpg
1093749183_1093749181_0,1093749183,1093749181,0,0,10.300510378481933,123.89179290578275,185.29150404134293,data\road_images\1093749183_1093749181_0\0_185.jpg
1093749184_1093749175_0,1093749184,1093749175,0,0,10.30072615,123.88999685,157.24477630631725,data\road_images\1093749184_1093749175_0\0_157.jpg
1093749184_1093749174_0,1093749184,1093749174,0,0,10.30112415,123.8896556,274.02828940912934,data\road_images\1093749184_1093749174_0\0_274.jpg
1093749184_1093749176_0,1093749184,1093749176,0,0,10.30092395675981,123.89024903129553,136.0908484213458,data\road_images\1093749184_1093749176_0\0_136.jpg
1093749186_1093749192_0,1093749186,1093749192,0,0,10.30080069648384,123.89057425138009,113.9554501737714,data\road_images\1093749186_1093749192_0\0_114.jpg
1093749186_1093749198_0,1093749186,1093749198,0,0,10.301679252876013,123.89001035022098,349.48603904724064,data\road_images\1093749186_1093749198_0\0_349.jpg
1093749186_5792639802_0,1093749186,5792639802,0,0,10.301285383524874,123.89050600372137,31.78985657250962,data\road_images\1093749186_5792639802_0\0_32.jpg
1093749192_1093749193_0,1093749192,1093749193,0,0,10.30122895,123.89095175,343.84634544838684,data\road_images\1093749192_1093749193_0\0_344.jpg
1093749192_1093749264_0,1093749192,1093749264,0,0,10.300926581231009,123.89140626981568,77.0094998607384,data\road_images\1093749192_1093749264_0\0_77.jpg
1093749192_1093749186_0,1093749192,1093749186,0,0,10.30080069648384,123.89057425138009,293.9555951072665,data\road_images\1093749192_1093749186_0\0_294.jpg
1093749193_5792639802_0,1093749193,5792639802,0,0,10.30156945,123.8906494,257.8029015832977,data\road_images\1093749193_5792639802_0\0_258.jpg
1093749193_1093749194_0,1093749193,1093749194,0,0,10.30203135,123.89072745,345.32843169600346,data\road_images\1093749193_1093749194_0\0_345.jpg
1093749193_1093749192_0,1093749193,1093749192,0,0,10.30122895,123.89095175,163.84630533828783,data\road_images\1093749193_1093749192_0\0_164.jpg
1093749194_1093749195_0,1093749194,1093749195,0,0,10.3027401,123.890533,344.259980763141,data\road_images\1093749194_1093749195_0\0_344.jpg
1093749194_1093749193_0,1093749194,1093749193,0,0,10.30203135,123.89072745,165.3283915828515,data\road_images\1093749194_1093749193_0\0_165.jpg
1093749194_1093749205_0,1093749194,1093749205,0,0,10.302668793443273,123.8910781122355,32.58945624631457,data\road_images\1093749194_1093749205_0\0_33.jpg
1093749194_1093749198_0,1093749194,1093749198,0,0,10.302349199999998,123.89033595,249.3467157138984,data\road_images\1093749194_1093749198_0\0_249.jpg
1093749195_5792920878_0,1093749195,5792920878,0,0,10.3036521,123.8902722,344.2978054439828,data\road_images\1093749195_5792920878_0\0_344.jpg
1093749195_1093749194_0,1093749195,1093749194,0,0,10.3027401,123.890533,164.25995132458922,data\road_images\1093749195_1093749194_0\0_164.jpg
1093749195_1093749110_0,1093749195,1093749110,0,0,10.302841537244602,123.88985467745123,248.9576419048264,data\road_images\1093749195_1093749110_0\0_249.jpg
1093749195_1093749205_0,1093749195,1093749205,0,0,10.3031124,123.8907749,75.07847017281301,data\road_images\1093749195_1093749205_0\0_75.jpg
1093749196_5792920878_0,1093749196,5792920878,0,0,10.304882548547404,123.88992946429566,165.18379662209065,data\road_images\1093749196_5792920878_0\0_165.jpg
1093749198_1093749194_0,1093749198,1093749194,0,0,10.302349199999998,123.89033595,69.34661579453484,data\road_images\1093749198_1093749194_0\0_69.jpg
1093749198_1093749186_0,1093749198,1093749186,0,0,10.301679252876013,123.89001035022098,169.48600385313307,data\road_images\1093749198_1093749186_0\0_169.jpg
1093749198_1093749111_0,1093749198,1093749111,0,0,10.302188332479195,123.88967700717181,261.23905565007806,data\road_images\1093749198_1093749111_0\0_261.jpg
1093749205_1093749195_0,1093749205,1093749195,0,0,10.3031124,123.8907749,255.07858614276432,data\road_images\1093749205_1093749195_0\0_255.jpg
1093749205_1093749207_0,1093749205,1093749207,0,0,10.30341802951361,123.89108631699297,354.3821750709263,data\road_images\1093749205_1093749207_0\0_354.jpg
1093749205_1093749194_0,1093749205,1093749194,0,0,10.302668793443273,123.8910781122355,212.58954277423283,data\road_images\1093749205_1093749194_0\0_213.jpg
1093749207_1093749208_0,1093749207,1093749208,0,0,10.3038484,123.89099465,344.2972273083598,data\road_images\1093749207_1093749208_0\0_344.jpg
1093749207_1093749205_0,1093749207,1093749205,0,0,10.30341802951361,123.89108631699297,174.38216721893536,data\road_images\1093749207_1093749205_0\0_174.jpg
1093749207_5792920879_0,1093749207,5792920879,0,0,10.30379814364971,123.89061239909138,322.1407418393943,data\road_images\1093749207_5792920879_0\0_322.jpg
1093749208_5792920880_0,1093749208,5792920880,0,0,10.3042764,123.8908706,343.87510125372376,data\road_images\1093749208_5792920880_0\0_344.jpg
1093749208_1093749207_0,1093749208,1093749207,0,0,10.3038484,123.89099465,164.2972056473916,data\road_images\1093749208_1093749207_0\0_164.jpg
1093749208_1093749491_0,1093749208,1093749491,0,0,10.304251601457452,123.89109237451525,40.32028149893904,data\road_images\1093749208_1093749491_0\0_40.jpg
1093749209_13047951967_0,1093749209,13047951967,0,0,10.30534595,123.89054165,265.049707039349,data\road_images\1093749209_13047951967_0\0_265.jpg
1093749209_5792920880_0,1093749209,5792920880,0,0,10.304920450000001,123.89068875000001,164.77884322508498,data\road_images\1093749209_5792920880_0\0_165.jpg
1093749209_1093749491_0,1093749209,1093749491,0,0,10.305123722830656,123.8911469847408,143.4504601428509,data\road_images\1093749209_1093749491_0\0_143.jpg
1093749215_1093749239_0,1093749215,1093749239,0,0,10.302273523950404,123.88827611737464,165.71254573765373,data\road_images\1093749215_1093749239_0\0_166.jpg
1093749215_1093749110_0,1093749215,1093749110,0,0,10.30249519404901,123.88899567873656,83.60502594243405,data\road_images\1093749215_1093749110_0\0_84.jpg
1093749215_1093749628_0,1093749215,1093749628,0,0,10.303384733184421,123.88866508687363,324.4126144278237,data\road_images\1093749215_1093749628_0\0_324.jpg
1093749239_1093749215_0,1093749239,1093749215,0,0,10.302273523950404,123.88827611737464,345.7125801820634,data\road_images\1093749239_1093749215_0\0_346.jpg
1093749239_1093749113_0,1093749239,1093749113,0,0,10.301756043289544,123.88907062164168,92.32626614269827,data\road_images\1093749239_1093749113_0\0_92.jpg
1093749239_1093749163_0,1093749239,1093749163,0,0,10.30112136331378,123.88879350269823,187.1774407255559,data\road_images\1093749239_1093749163_0\0_187.jpg
1093749239_1093749251_0,1093749239,1093749251,0,0,10.301599598979267,123.88833096158423,264.84158035494147,data\road_images\1093749239_1093749251_0\0_265.jpg
1093749251_1093749239_0,1093749251,1093749239,0,0,10.301599598979267,123.88833096158423,84.84132948986422,data\road_images\1093749251_1093749239_0\0_85.jpg
1093749264_1093749183_0,1093749264,1093749183,0,0,10.300897299999999,123.89176155000001,173.3680767354083,data\road_images\1093749264_1093749183_0\0_173.jpg
1093749264_5773325506_0,1093749264,5773325506,0,0,10.301023413884902,123.89201911503147,92.08307575150286,data\road_images\1093749264_5773325506_0\0_92.jpg
1093749264_1093749192_0,1093749264,1093749192,0,0,10.300926581231009,123.89140626981568,257.0096223689441,data\road_images\1093749264_1093749192_0\0_257.jpg
1093749278_1093749181_0,1093749278,1093749181,0,0,10.3000707,123.8916538,21.801201177335997,data\road_images\1093749278_1093749181_0\0_22.jpg
1093749278_1093749281_0,1093749278,1093749281,0,0,10.2998266,123.8918344,107.26273825320811,data\road_images\1093749278_1093749281_0\0_107.jpg
1093749278_5796421437_0,1093749278,5796421437,0,0,10.29992945,123.89150305000001,288.25013826525014,data\road_images\1093749278_5796421437_0\0_288.jpg
1093749278_1093749103_0,1093749278,1093749103,0,0,10.299255997454017,123.89125704350809,233.85310478393274,data\road_images\1093749278_1093749103_0\0_234.jpg
1093749281_5773325509_0,1093749281,5773325509,0,0,10.2996409,123.89244165,107.26807055903919,data\road_images\1093749281_5773325509_0\0_107.jpg
1093749281_1093749278_0,1093749281,1093749278,0,0,10.2998266,123.8918344,287.26282725933993,data\road_images\1093749281_1093749278_0\0_287.jpg
1093749281_1093749285_0,1093749281,1093749285,0,0,10.30015846448957,123.8921916350678,15.346256147967154,data\road_images\1093749281_1093749285_0\0_15.jpg
1093749285_5773325506_0,1093749285,5773325506,0,0,10.300774108041237,123.89230593310197,357.08071284169665,data\road_images\1093749285_5773325506_0\0_357.jpg
1093749285_1093749281_0,1093749285,1093749281,0,0,10.30015846448957,123.8921916350678,195.3462967009541,data\road_images\1093749285_1093749281_0\0_195.jpg
1093749285_5796421436_0,1093749285,5796421436,0,0,10.300442855707486,123.89267644916025,116.14433515559756,data\road_images\1093749285_5796421436_0\0_116.jpg
1093749311_1674620029_0,1093749311,1674620029,0,0,10.30002895,123.89382714999999,162.85864176262987,data\road_images\1093749311_1674620029_0\0_163.jpg
1093749311_1093749314_0,1093749311,1093749314,0,0,10.300360973806555,123.89366039183177,331.93747860794434,data\road_images\1093749311_1093749314_0\0_332.jpg
1093749311_1093749339_0,1093749311,1093749339,0,0,10.300265251625527,123.89419268103703,64.3005583033671,data\road_images\1093749311_1093749339_0\0_64.jpg
1093749314_1093749325_0,1093749314,1093749325,0,0,10.301128558399531,123.89335385638903,342.58893456365564,data\road_images\1093749314_1093749325_0\0_343.jpg
1093749314_1093749311_0,1093749314,1093749311,0,0,10.300360973806555,123.89366039183177,151.93742593099364,data\road_images\1093749314_1093749311_0\0_152.jpg
1093749314_5792639768_0,1093749314,5792639768,0,0,10.300694668325438,123.89387341987096,67.70337096455455,data\road_images\1093749314_5792639768_0\0_68.jpg
1093749325_1093749314_0,1093749325,1093749314,0,0,10.301128558399531,123.89335385638903,162.58887796661384,data\road_images\1093749325_1093749314_0\0_163.jpg
1093749325_5796577941_0,1093749325,5796577941,0,0,10.301522654259825,123.89275249145149,239.7090555441315,data\road_images\1093749325_5796577941_0\0_240.jpg
1093749325_1093749327_0,1093749325,1093749327,0,0,10.302059232593866,123.89307802486614,347.2088901751639,data\road_images\1093749325_1093749327_0\0_347.jpg
1093749327_1093749379_0,1093749327,1093749379,0,0,10.30252595,123.89321185,83.1055342782094,data\road_images\1093749327_1093749379_0\0_83.jpg
1093749327_5792605699_0,1093749327,5792605699,0,0,10.302702,123.89297135000001,353.31227660089485,data\road_images\1093749327_5792605699_0\0_353.jpg
1093749327_1093749371_0,1093749327,1093749371,0,0,10.302454498719447,123.89259940213239,256.2794633943787,data\road_images\1093749327_1093749371_0\0_256.jpg
1093749327_1093749325_0,1093749327,1093749325,0,0,10.302059232593866,123.89307802486614,167.20885410360586,data\road_images\1093749327_1093749325_0\0_167.jpg
1093749328_1093749391_0,1093749328,1093749391,0,0,10.30355225,123.8930692,81.90742259030077,data\road_images\1093749328_1093749391_0\0_82.jpg
1093749328_5792605699_0,1093749328,5792605699,0,0,10.303214416421131,123.89290703653282,170.29021698968427,data\road_images\1093749328_5792605699_0\0_170.jpg
1093749328_5792605699_1,1093749328,5792605699,1,0,10.303141923638977,123.89249008791516,170.29021698968427,data\road_images\1093749328_5792605699_1\0_170.jpg
1093749328_1093749335_0,1093749328,1093749335,0,0,10.304111333205185,123.89262225351223,339.7210593532104,data\road_images\1093749328_1093749335_0\0_340.jpg
1093749335_1093749328_0,1093749335,1093749328,0,0,10.304111333205185,123.89262225351223,159.72098011257947,data\road_images\1093749335_1093749328_0\0_160.jpg
1093749335_1093749477_0,1093749335,1093749477,0,0,10.304592527323768,123.89220601389192,238.20122672879074,data\road_images\1093749335_1093749477_0\0_238.jpg
1093749335_1093749394_0,1093749335,1093749394,0,0,10.304819294639769,123.89271034989521,71.95369711012813,data\road_images\1093749335_1093749394_0\0_72.jpg
1093749339_1093749311_0,1093749339,1093749311,0,0,10.300265251625527,123.89419268103703,244.30069492976145,data\road_images\1093749339_1093749311_0\0_244.jpg
1093749352_1093749379_0,1093749352,1093749379,0,0,10.3023895617505,123.89345150041328,350.25403062952404,data\road_images\1093749352_1093749379_0\0_350.jpg
1093749371_1093749327_0,1093749371,1093749327,0,0,10.302454498719447,123.89259940213239,76.27932581008002,data\road_images\1093749371_1093749327_0\0_76.jpg
1093749379_1093749327_0,1093749379,1093749327,0,0,10.30252595,123.89321185,263.1056117005712,data\road_images\1093749379_1093749327_0\0_263.jpg
1093749379_1093749391_0,1093749379,1093749391,0,0,10.303068,123.8933633,352.93899010807013,data\road_images\1093749379_1093749391_0\0_353.jpg
1093749379_1093749352_0,1093749379,1093749352,0,0,10.3023895617505,123.89345150041328,170.2540205607038,data\road_images\1093749379_1093749352_0\0_170.jpg
1093749391_1093749379_0,1093749391,1093749379,0,0,10.303068,123.8933633,172.93896685692948,data\road_images\1093749391_1093749379_0\0_173.jpg
1093749391_1093749434_0,1093749391,1093749434,0,0,10.30361733255476,123.89350750618013,79.17232157882688,data\road_images\1093749391_1093749434_0\0_79.jpg
1093749391_1093749394_0,1093749391,1093749394,0,0,10.304241619062454,123.89315030554445,348.9534241204049,data\road_images\1093749391_1093749394_0\0_349.jpg
1093749391_1093749328_0,1093749391,1093749328,0,0,10.30355225,123.8930692,261.9075045453577,data\road_images\1093749391_1093749328_0\0_262.jpg
1093749394_11507657537_0,1093749394,11507657537,0,0,10.304970326466986,123.89319660071445,67.36270285446506,data\road_images\1093749394_11507657537_0\0_67.jpg
1093749394_1093749335_0,1093749394,1093749335,0,0,10.304819294639769,123.89271034989521,251.95381145330128,data\road_images\1093749394_1093749335_0\0_252.jpg
1093749394_1093749391_0,1093749394,1093749391,0,0,10.304241619062454,123.89315030554445,168.95337725513264,data\road_images\1093749394_1093749391_0\0_169.jpg
1093749407_1093749420_0,1093749407,1093749420,0,0,10.30383365,123.89434895,94.3747388197944,data\road_images\1093749407_1093749420_0\0_94.jpg
1093749407_1093749434_0,1093749407,1093749434,0,0,10.303766663104152,123.89398932390525,252.0552671815043,data\road_images\1093749407_1093749434_0\0_252.jpg
1093749407_5792920870_0,1093749407,5792920870,0,0,10.303058236128752,123.89405253167693,156.36519885929044,data\road_images\1093749407_5792920870_0\0_156.jpg
1093749420_1093749407_0,1093749420,1093749407,0,0,10.30383365,123.89434895,274.3747670994278,data\road_images\1093749420_1093749407_0\0_274.jpg
1093749420_5792920871_0,1093749420,5792920871,0,0,10.303622,123.89437145,195.13529943541363,data\road_images\1093749420_5792920871_0\0_195.jpg
1093749420_1129145566_0,1093749420,1129145566,0,0,10.303729569217907,123.89483219441068,94.59490624229426,data\road_images\1093749420_1129145566_0\0_95.jpg
1093749434_1093749391_0,1093749434,1093749391,0,0,10.30361733255476,123.89350750618013,259.1723960041671,data\road_images\1093749434_1093749391_0\0_259.jpg
1093749434_1093749407_0,1093749434,1093749407,0,0,10.303766663104152,123.89398932390525,72.05516782108663,data\road_images\1093749434_1093749407_0\0_72.jpg
1093749434_1093749441_0,1093749434,1093749441,0,0,10.303949325481726,123.89368225874179,3.3236222463470995,data\road_images\1093749434_1093749441_0\0_3.jpg
1093749441_5793239145_0,1093749441,5793239145,0,0,10.30441905,123.8936962,346.10594647222297,data\road_images\1093749441_5793239145_0\0_346.jpg
1093749441_1093749434_0,1093749441,1093749434,0,0,10.303949325481726,123.89368225874179,183.3236280953987,data\road_images\1093749441_1093749434_0\0_183.jpg
1093749441_5793239143_0,1093749441,5793239143,0,0,10.304405547712605,123.89390703415437,10.401568963964166,data\road_images\1093749441_5793239143_0\0_10.jpg
1093749450_5793239145_0,1093749450,5793239145,0,0,10.3046835,123.89363134999999,167.51768298249556,data\road_images\1093749450_5793239145_0\0_168.jpg
1093749466_10743602367_0,1093749466,10743602367,0,0,10.305628,123.89467264999999,245.0836060402802,data\road_images\1093749466_10743602367_0\0_245.jpg
1093749466_773093506_0,1093749466,773093506,0,0,10.306382825308532,123.89443436378438,340.71414709359175,data\road_images\1093749466_773093506_0\0_341.jpg
1093749466_324580399_0,1093749466,324580399,0,0,10.304724527658834,123.89503243565476,160.4317789774641,data\road_images\1093749466_324580399_0\0_160.jpg
1093749477_5797095239_0,1093749477,5797095239,0,0,10.3042804,123.89211549999999,154.54628524769396,data\road_images\1093749477_5797095239_0\0_155.jpg
1093749477_1093749478_0,1093749477,1093749478,0,0,10.304362506590008,123.89185485358564,240.39887047493943,data\road_images\1093749477_1093749478_0\0_240.jpg
1093749477_1093749335_0,1093749477,1093749335,0,0,10.304592527323768,123.89220601389192,58.20115980932002,data\road_images\1093749477_1093749335_0\0_58.jpg
1093749478_1093749479_0,1093749478,1093749479,0,0,10.3042195,123.89158035,238.3437055357013,data\road_images\1093749478_1093749479_0\0_238.jpg
1093749478_1093749489_0,1093749478,1093749489,0,0,10.304362323979344,123.89164992861753,341.527803089215,data\road_images\1093749478_1093749489_0\0_342.jpg
1093749478_1093749477_0,1093749478,1093749477,0,0,10.304362506590008,123.89185485358564,60.398808869513005,data\road_images\1093749478_1093749477_0\0_60.jpg
1093749479_1093749478_0,1093749479,1093749478,0,0,10.3042195,123.89158035,58.34367038685423,data\road_images\1093749479_1093749478_0\0_58.jpg
1093749489_1093749529_0,1093749489,1093749529,0,0,10.3046042,123.89160435,353.74367821445776,data\road_images\1093749489_1093749529_0\0_354.jpg
1093749489_1093749478_0,1093749489,1093749478,0,0,10.304362323979344,123.89164992861753,161.5277929647233,data\road_images\1093749489_1093749478_0\0_162.jpg
1093749489_1093749491_0,1093749489,1093749491,0,0,10.304475016190873,123.8914417548685,268.4005843623437,data\road_images\1093749489_1093749491_0\0_268.jpg
1093749491_1093749209_0,1093749491,1093749209,0,0,10.305123722830656,123.8911469847408,323.4505831450539,data\road_images\1093749491_1093749209_0\0_323.jpg
1093749491_1093749208_0,1093749491,1093749208,0,0,10.304251601457452,123.89109237451525,220.32033943657748,data\road_images\1093749491_1093749208_0\0_220.jpg
1093749491_1093749489_0,1093749491,1093749489,0,0,10.304475016190873,123.8914417548685,88.40051925048266,data\road_images\1093749491_1093749489_0\0_88.jpg
1093749529_1093749489_0,1093749529,1093749489,0,0,10.3046042,123.89160435,173.74367189997645,data\road_images\1093749529_1093749489_0\0_174.jpg
1093749529_5792920875_0,1093749529,5792920875,0,0,10.305018477926644,123.89156284483172,351.03270311918277,data\road_images\1093749529_5792920875_0\0_351.jpg
1093749529_5797095241_0,1093749529,5797095241,0,0,10.304924255922616,123.89183707810267,31.282504063014642,data\road_images\1093749529_5797095241_0\0_31.jpg
1093749628_1093749215_0,1093749628,1093749215,0,0,10.303384733184421,123.88866508687363,144.41252435821002,data\road_images\1093749628_1093749215_0\0_144.jpg
1093749659_1093749659_0,1093749659,1093749659,0,0,10.301913079977375,123.89407829719566,0.0,data\road_images\1093749659_1093749659_0\0_0.jpg
1093749659_1129145567_0,1093749659,1129145567,0,0,10.301978676484651,123.89549438916927,67.39347941643621,data\road_images\1093749659_1129145567_0\0_67.jpg
1093749692_5792574062_0,1093749692,5792574062,0,0,10.30561081512445,123.89178069404487,100.72305172649982,data\road_images\1093749692_5792574062_0\0_101.jpg
1093749692_4811636275_0,1093749692,4811636275,0,0,10.305893825562954,123.89061354343927,276.6446481578381,data\road_images\1093749692_4811636275_0\0_277.jpg
1093749692_1093749808_0,1093749692,1093749808,0,0,10.306751949359658,123.89083916008774,326.57154329377255,data\road_images\1093749692_1093749808_0\0_327.jpg
1093749724_5798934966_0,1093749724,5798934966,0,0,10.30781775,123.88913840000001,199.23975779124672,data\road_images\1093749724_5798934966_0\0_199.jpg
1093749724_1685342640_0,1093749724,1685342640,0,0,10.30810155,123.88923510000001,13.904590453876608,data\road_images\1093749724_1685342640_0\0_14.jpg
1093749724_5792573541_0,1093749724,5792573541,0,0,10.308119579613889,123.88945776299761,74.72915701343192,data\road_images\1093749724_5792573541_0\0_75.jpg
1093749724_1138898091_0,1093749724,1138898091,0,0,10.308012973220402,123.88860854520186,265.5215983460802,data\road_images\1093749724_1138898091_0\0_266.jpg
1093749737_1093749778_0,1093749737,1093749778,0,0,10.3066994,123.8888982,88.48594764626318,data\road_images\1093749737_1093749778_0\0_88.jpg
1093749737_1093749740_0,1093749737,1093749740,0,0,10.306381185981644,123.8889434563996,171.7074007146789,data\road_images\1093749737_1093749740_0\0_172.jpg
1093749737_5798934966_0,1093749737,5798934966,0,0,10.30715692304991,123.88884618088642,12.408724485317748,data\road_images\1093749737_5798934966_0\0_12.jpg
1093749740_5792574073_0,1093749740,5792574073,0,0,10.306055749999999,123.88912805,88.8614845395785,data\road_images\1093749740_5792574073_0\0_89.jpg
1093749740_1093749859_0,1093749740,1093749859,0,0,10.305753519192182,123.88819250802877,251.33668397305203,data\road_images\1093749740_1093749859_0\0_251.jpg
1093749740_1093749737_0,1093749740,1093749737,0,0,10.306381185981644,123.8889434563996,351.7074178365268,data\road_images\1093749740_1093749737_0\0_352.jpg
1093749740_1093749917_0,1093749740,1093749917,0,0,10.30615750828928,123.8885214679059,277.7773948417273,data\road_images\1093749740_1093749917_0\0_278.jpg
1093749778_1093749737_0,1093749778,1093749737,0,0,10.3066994,123.8888982,268.4859627835963,data\road_images\1093749778_1093749737_0\0_268.jpg
1093749778_1093749783_0,1093749778,1093749783,0,0,10.306867886342683,123.8895697661785,73.76151699392699,data\road_images\1093749778_1093749783_0\0_74.jpg
1093749778_5798934966_0,1093749778,5798934966,0,0,10.307202258798018,123.88928310032026,7.132147385788073,data\road_images\1093749778_5798934966_0\0_7.jpg
1093749783_1093749808_0,1093749783,1093749808,0,0,10.30703495,123.89020160000001,177.24196016819224,data\road_images\1093749783_1093749808_0\0_177.jpg
1093749783_1093749778_0,1093749783,1093749778,0,0,10.306867886342683,123.8895697661785,253.7617423977875,data\road_images\1093749783_1093749778_0\0_254.jpg
1093749783_5792573541_0,1093749783,5792573541,0,0,10.30762837187943,123.88996452061346,335.85267640528537,data\road_images\1093749783_5792573541_0\0_336.jpg
1093749808_1093749783_0,1093749808,1093749783,0,0,10.30703495,123.89020160000001,357.24196063330464,data\road_images\1093749808_1093749783_0\0_357.jpg
1093749808_4811636275_0,1093749808,4811636275,0,0,10.306479293259247,123.89022737548744,176.5529637550287,data\road_images\1093749808_4811636275_0\0_177.jpg
1093749808_1093749692_0,1093749808,1093749692,0,0,10.306751949359658,123.89083916008774,146.5714068370021,data\road_images\1093749808_1093749692_0\0_147.jpg
1093749859_1093749740_0,1093749859,1093749740,0,0,10.305753519192182,123.88819250802877,71.33639520815075,data\road_images\1093749859_1093749740_0\0_71.jpg
1093749917_1093749740_0,1093749917,1093749740,0,0,10.30615750828928,123.8885214679059,97.77723813694325,data\road_images\1093749917_1093749740_0\0_98.jpg
1093749968_1093750177_0,1093749968,1093750177,0,0,10.30390585,123.89818925,177.92573997045372,data\road_images\1093749968_1093750177_0\0_178.jpg
1093749968_1093750204_0,1093749968,1093750204,0,0,10.304574209292236,123.89788449227285,237.6339248034053,data\road_images\1093749968_1093750204_0\0_238.jpg
1093749968_5944043901_0,1093749968,5944043901,0,0,10.3046274,123.89816275,358.0005286201069,data\road_images\1093749968_5944043901_0\0_358.jpg
1093749970_281446236_0,1093749970,281446236,0,0,10.30478675,123.89821950000001,309.0037222214578,data\road_images\1093749970_281446236_0\0_309.jpg
1093749970_5944043901_0,1093749970,5944043901,0,0,10.30470395,123.8982234,243.88355798426028,data\road_images\1093749970_5944043901_0\0_244.jpg
1093749970_5799643974_0,1093749970,5799643974,0,0,10.304884572621143,123.89881831407484,73.94364663349347,data\road_images\1093749970_5799643974_0\0_74.jpg
1093749970_1093749988_0,1093749970,1093749988,0,0,10.30410726714705,123.8990138494775,106.30262103651103,data\road_images\1093749970_1093749988_0\0_106.jpg
1093749988_1093749970_0,1093749988,1093749970,0,0,10.30410726714705,123.8990138494775,286.3029339677044,data\road_images\1093749988_1093749970_0\0_286.jpg
1093749988_317773457_0,1093749988,317773457,0,0,10.304689794365157,123.89991888242871,350.8222919156932,data\road_images\1093749988_317773457_0\0_351.jpg
1093749988_5797095136_0,1093749988,5797095136,0,0,10.30411473177705,123.90006502176269,168.29410044940118,data\road_images\1093749988_5797095136_0\0_168.jpg
1093750013_1093750043_0,1093750013,1093750043,0,0,10.303925274109604,123.89619067685315,76.00907922136395,data\road_images\1093750013_1093750043_0\0_76.jpg
1093750013_324580399_0,1093750013,324580399,0,0,10.30375159293992,123.89538344950516,339.7815123479389,data\road_images\1093750013_324580399_0\0_340.jpg
1093750013_324580149_0,1093750013,324580149,0,0,10.302930940522259,123.8956784236135,160.55844451027042,data\road_images\1093750013_324580149_0\0_161.jpg
1093750043_1093750013_0,1093750043,1093750013,0,0,10.303925274109604,123.89619067685315,256.00936254988426,data\road_images\1093750043_1093750013_0\0_256.jpg
1093750043_1093750062_0,1093750043,1093750062,0,0,10.303282061230286,123.8970413816383,148.97443657048302,data\road_images\1093750043_1093750062_0\0_149.jpg
1093750043_1093750136_0,1093750043,1093750136,0,0,10.304238789704792,123.89698283325949,353.60414520681024,data\road_images\1093750043_1093750136_0\0_354.jpg
1093750062_1093750063_0,1093750062,1093750063,0,0,10.3032471,123.89747575,319.8945482557738,data\road_images\1093750062_1093750063_0\0_320.jpg
1093750062_666067573_0,1093750062,666067573,0,0,10.30297197016339,123.89768559959388,150.37075886324862,data\road_images\1093750062_666067573_0\0_150.jpg
1093750062_1093750043_0,1093750062,1093750043,0,0,10.303282061230286,123.8970413816383,328.9745387198768,data\road_images\1093750062_1093750043_0\0_329.jpg
1093750063_1093750062_0,1093750063,1093750062,0,0,10.3032471,123.89747575,139.89451836858711,data\road_images\1093750063_1093750062_0\0_140.jpg
1093750063_1093750163_0,1093750063,1093750163,0,0,10.303361299999999,123.89763205,85.97615640051231,data\road_images\1093750063_1093750163_0\0_86.jpg
1093750063_1093750065_0,1093750063,1093750065,0,0,10.303526810478278,123.89735700872696,352.27386327363826,data\road_images\1093750063_1093750065_0\0_352.jpg
1093750065_1093750067_0,1093750065,1093750067,0,0,10.303869599999999,123.8973307,356.1516275242522,data\road_images\1093750065_1093750067_0\0_356.jpg
1093750065_1093750190_0,1093750065,1093750190,0,0,10.30373685,123.89759875,84.64132106226532,data\road_images\1093750065_1093750190_0\0_85.jpg
1093750065_1093750063_0,1093750065,1093750063,0,0,10.303526810478278,123.89735700872696,172.27385418741244,data\road_images\1093750065_1093750063_0\0_172.jpg
1093750067_1093750069_0,1093750067,1093750069,0,0,10.304178499999999,123.89731035,356.4351402015503,data\road_images\1093750067_1093750069_0\0_356.jpg
1093750067_1093750065_0,1093750067,1093750065,0,0,10.303869599999999,123.8973307,176.15162369647283,data\road_images\1093750067_1093750065_0\0_176.jpg
1093750067_1093750202_0,1093750067,1093750202,0,0,10.30404725,123.8975802,85.27712944046368,data\road_images\1093750067_1093750202_0\0_85.jpg
1093750069_1093750071_0,1093750069,1093750071,0,0,10.3043777,123.89729545,353.7017467627044,data\road_images\1093750069_1093750071_0\0_354.jpg
1093750069_1093750067_0,1093750069,1093750067,0,0,10.304178499999999,123.89731035,176.43513674927271,data\road_images\1093750069_1093750067_0\0_176.jpg
1093750069_1093750204_0,1093750069,1093750204,0,0,10.3043498,123.8975624,85.80174325444091,data\road_images\1093750069_1093750204_0\0_86.jpg
1093750071_1093750069_0,1093750071,1093750069,0,0,10.3043777,123.89729545,173.70174488459259,data\road_images\1093750071_1093750069_0\0_174.jpg
1093750071_1093750136_0,1093750071,1093750136,0,0,10.304407699999999,123.8971217,264.21356072746704,data\road_images\1093750071_1093750136_0\0_264.jpg
1093750071_1093750099_0,1093750071,1093750099,0,0,10.305099359721309,123.89714745682467,11.072689354817271,data\road_images\1093750071_1093750099_0\0_11.jpg
1093750099_1093750143_0,1093750099,1093750143,0,0,10.3057292,123.89749599999999,326.37643327243524,data\road_images\1093750099_1093750143_0\0_326.jpg
1093750099_1093750071_0,1093750099,1093750071,0,0,10.305099359721309,123.89714745682467,191.07273359402578,data\road_images\1093750099_1093750071_0\0_191.jpg
1093750099_5799643979_0,1093750099,5799643979,0,0,10.305381650645558,123.89775079025061,143.26951936403486,data\road_images\1093750099_5799643979_0\0_143.jpg
1093750136_1093750071_0,1093750136,1093750071,0,0,10.304407699999999,123.8971217,84.21350044586643,data\road_images\1093750136_1093750071_0\0_84.jpg
1093750136_1093750043_0,1093750136,1093750043,0,0,10.304238789704792,123.89698283325949,173.60413894618853,data\road_images\1093750136_1093750043_0\0_174.jpg
1093750136_1093750143_0,1093750136,1093750143,0,0,10.305365428922398,123.896656883195,19.410931676226824,data\road_images\1093750136_1093750143_0\0_19.jpg
1093750143_1093750099_0,1093750143,1093750099,0,0,10.3057292,123.89749599999999,146.37641842364525,data\road_images\1093750143_1093750099_0\0_146.jpg
1093750143_773093521_0,1093750143,773093521,0,0,10.306372718819963,123.89700746108059,322.67026851718623,data\road_images\1093750143_773093521_0\0_323.jpg
1093750143_1093750136_0,1093750143,1093750136,0,0,10.305365428922398,123.896656883195,199.41102135357298,data\road_images\1093750143_1093750136_0\0_199.jpg
1093750163_1093750063_0,1093750163,1093750063,0,0,10.303361299999999,123.89763205,265.9762421995836,data\road_images\1093750163_1093750063_0\0_266.jpg
1093750163_1093750190_0,1093750163,1093750190,0,0,10.303569249999999,123.897864,357.6739355439625,data\road_images\1093750163_1093750190_0\0_358.jpg
1093750163_1093750177_0,1093750163,1093750177,0,0,10.303224173863878,123.89797033181448,113.60100989435296,data\road_images\1093750163_1093750177_0\0_114.jpg
1093750177_324580478_0,1093750177,324580478,0,0,10.303077802031748,123.89821565088289,179.57629708648858,data\road_images\1093750177_324580478_0\0_180.jpg
1093750177_1093750163_0,1093750177,1093750163,0,0,10.303224173863878,123.89797033181448,293.60107109998165,data\road_images\1093750177_1093750163_0\0_294.jpg
1093750177_1093749968_0,1093750177,1093749968,0,0,10.30390585,123.89818925,357.92574886025767,data\road_images\1093750177_1093749968_0\0_358.jpg
1093750190_1093750202_0,1093750190,1093750202,0,0,10.303914500000001,123.89784825000001,357.1270489361981,data\road_images\1093750190_1093750202_0\0_357.jpg
1093750190_1093750163_0,1093750190,1093750163,0,0,10.303569249999999,123.897864,177.67393271792048,data\road_images\1093750190_1093750163_0\0_178.jpg
1093750190_1093750065_0,1093750190,1093750065,0,0,10.30373685,123.89759875,264.64141312476147,data\road_images\1093750190_1093750065_0\0_265.jpg
1093750202_1093750204_0,1093750202,1093750204,0,0,10.30421855,123.89783225,356.94310241106336,data\road_images\1093750202_1093750204_0\0_357.jpg
1093750202_1093750190_0,1093750202,1093750190,0,0,10.303914500000001,123.89784825000001,177.12704612794914,data\road_images\1093750202_1093750190_0\0_177.jpg
1093750202_1093750067_0,1093750202,1093750067,0,0,10.30404725,123.8975802,265.2772225251889,data\road_images\1093750202_1093750067_0\0_265.jpg
1093750204_1093750202_0,1093750204,1093750202,0,0,10.30421855,123.89783225,176.94309949542549,data\road_images\1093750204_1093750202_0\0_177.jpg
1093750204_1093750069_0,1093750204,1093750069,0,0,10.3043498,123.8975624,265.80183687867293,data\road_images\1093750204_1093750069_0\0_266.jpg
1093750204_1093749968_0,1093750204,1093749968,0,0,10.304574209292236,123.89788449227285,57.633863930755126,data\road_images\1093750204_1093749968_0\0_58.jpg
1093750232_1463271494_0,1093750232,1463271494,0,0,10.30725895,123.89968585,180.11559350190416,data\road_images\1093750232_1463271494_0\0_180.jpg
1093750232_773093543_0,1093750232,773093543,0,0,10.307554549999999,123.89969125,1.330163820611915,data\road_images\1093750232_773093543_0\0_1.jpg
1093750232_1093750250_0,1093750232,1093750250,0,0,10.307243650784665,123.89918379173004,290.6460430295919,data\road_images\1093750232_1093750250_0\0_291.jpg
1093750250_1093750273_0,1093750250,1093750273,0,0,10.307578150000001,123.89882745,256.31628354081704,data\road_images\1093750250_1093750273_0\0_256.jpg
1093750250_1093750232_0,1093750250,1093750232,0,0,10.307243650784665,123.89918379173004,110.64591058520438,data\road_images\1093750250_1093750232_0\0_111.jpg
1093750250_773093543_0,1093750250,773093543,0,0,10.30769175,123.89932115,77.00108626968785,data\road_images\1093750250_773093543_0\0_77.jpg
1093750273_1093750250_0,1093750273,1093750250,0,0,10.307578150000001,123.89882745,76.31624118752052,data\road_images\1093750273_1093750250_0\0_76.jpg
1093750273_1093750284_0,1093750273,1093750284,0,0,10.307470094720452,123.89837223072402,254.84086596222414,data\road_images\1093750273_1093750284_0\0_255.jpg
1093750273_1093750284_1,1093750273,1093750284,1,0,10.306829513911214,123.89849558661325,254.84086596222414,data\road_images\1093750273_1093750284_1\0_255.jpg
1093750284_773093521_0,1093750284,773093521,0,0,10.307194168407856,123.8972847799618,253.93657111249968,data\road_images\1093750284_773093521_0\0_254.jpg
1093750284_1093750273_0,1093750284,1093750273,0,0,10.307470094720452,123.89837223072402,74.84074627573273,data\road_images\1093750284_1093750273_0\0_75.jpg
1093750284_1093750273_1,1093750284,1093750273,1,0,10.306829513911214,123.89849558661325,74.84074627573273,data\road_images\1093750284_1093750273_1\0_75.jpg
1093750310_5799865008_0,1093750310,5799865008,0,0,10.3052763,123.90292575000001,264.9581746502901,data\road_images\1093750310_5799865008_0\0_265.jpg
1093750316_1093382457_0,1093750316,1093382457,0,0,10.3048218,123.90246895,265.0539845613147,data\road_images\1093750316_1093382457_0\0_265.jpg
1093750319_1093750335_0,1093750319,1093750335,0,0,10.2998169,123.90262870000001,0.22594061140114263,data\road_images\1093750319_1093750335_0\0_0.jpg
1093750319_317773524_0,1093750319,317773524,0,0,10.29974525,123.90292385000001,84.47059581439396,data\road_images\1093750319_317773524_0\0_84.jpg
1093750319_921143232_0,1093750319,921143232,0,0,10.299340001221877,123.90259643553756,184.75033923776874,data\road_images\1093750319_921143232_0\0_185.jpg
1093750331_2559428143_0,1093750331,2559428143,0,0,10.300668850000001,123.9011036,215.11329419483235,data\road_images\1093750331_2559428143_0\0_215.jpg
1093750331_318387239_0,1093750331,318387239,0,0,10.301180733278454,123.900974277738,333.12394819021745,data\road_images\1093750331_318387239_0\0_333.jpg
1093750331_318387254_0,1093750331,318387254,0,0,10.300488850278903,123.9014051740736,155.71887431756613,data\road_images\1093750331_318387254_0\0_156.jpg
1093750333_1093750335_0,1093750333,1093750335,0,0,10.299807330005157,123.90212582483245,75.49282072947119,data\road_images\1093750333_1093750335_0\0_75.jpg
1093750333_318387254_0,1093750333,318387254,0,0,10.299894506037067,123.90159258771867,349.85452354306534,data\road_images\1093750333_318387254_0\0_350.jpg
1093750333_482224051_0,1093750333,482224051,0,0,10.29943575,123.9016692,170.39099658064765,data\road_images\1093750333_482224051_0\0_170.jpg
1093750335_1093750319_0,1093750335,1093750319,0,0,10.2998169,123.90262870000001,180.22594075444175,data\road_images\1093750335_1093750319_0\0_180.jpg
1093750335_921143233_0,1093750335,921143233,0,0,10.30015445,123.9026093,355.3157292885746,data\road_images\1093750335_921143233_0\0_355.jpg
1093750335_1093750333_0,1093750335,1093750333,0,0,10.299807330005157,123.90212582483245,255.49299933139577,data\road_images\1093750335_1093750333_0\0_255.jpg
1093750354_1093750359_0,1093750354,1093750359,0,0,10.3006212,123.8999342,161.11374842537043,data\road_images\1093750354_1093750359_0\0_161.jpg
1093750354_622255125_0,1093750354,622255125,0,0,10.3008934,123.89979915,331.3993589885481,data\road_images\1093750354_622255125_0\0_331.jpg
1093750354_1093750377_0,1093750354,1093750377,0,0,10.3004793,123.8995287,239.6362839068389,data\road_images\1093750354_1093750377_0\0_240.jpg
1093750354_5797095121_0,1093750354,5797095121,0,0,10.300805393358127,123.90010168275833,60.04925327292989,data\road_images\1093750354_5797095121_0\0_60.jpg
1093750359_1093750354_0,1093750359,1093750354,0,0,10.3006212,123.8999342,341.11375793844434,data\road_images\1093750359_1093750354_0\0_341.jpg
1093750377_1093750354_0,1093750377,1093750354,0,0,10.3004793,123.8995287,59.636148404328765,data\road_images\1093750377_1093750354_0\0_60.jpg
1093750377_281446240_0,1093750377,281446240,0,0,10.29957209801092,123.89955256214729,150.3384836127691,data\road_images\1093750377_281446240_0\0_150.jpg
1093750377_317773531_0,1093750377,317773531,0,0,10.300468300599906,123.89903982175123,332.34575185621003,data\road_images\1093750377_317773531_0\0_332.jpg
1093750411_1093750430_0,1093750411,1093750430,0,0,10.30113985,123.89909,331.63695036239415,data\road_images\1093750411_1093750430_0\0_332.jpg
1093750411_622255125_0,1093750411,622255125,0,0,10.30097205,123.8994685,61.83503548428672,data\road_images\1093750411_622255125_0\0_62.jpg
1093750411_317773531_0,1093750411,317773531,0,0,10.300765166847413,123.89908769045513,240.06669465910417,data\road_images\1093750411_317773531_0\0_240.jpg
1093750430_1093750411_0,1093750430,1093750411,0,0,10.30113985,123.89909,151.6368944626763,data\road_images\1093750430_1093750411_0\0_152.jpg
1093750438_1093752874_0,1093750438,1093752874,0,0,10.3023427,123.89900505,332.69668218687525,data\road_images\1093750438_1093752874_0\0_333.jpg
1093750438_5797095111_0,1093750438,5797095111,0,0,10.30213313830948,123.89953974503848,68.81416874736806,data\road_images\1093750438_5797095111_0\0_69.jpg
1093750438_622255125_0,1093750438,622255125,0,0,10.30152945,123.8994457,151.30335177352396,data\road_images\1093750438_622255125_0\0_151.jpg
1093750528_1093750543_0,1093750528,1093750543,0,0,10.307249615905429,123.9037525657521,164.94575858816893,data\road_images\1093750528_1093750543_0\0_165.jpg
1093750528_1463271485_0,1093750528,1463271485,0,0,10.307850297234758,123.9033001043738,293.8480783254931,data\road_images\1093750528_1463271485_0\0_294.jpg
1093750528_5359783338_0,1093750528,5359783338,0,0,10.307794187002585,123.90388600559923,83.92370325720975,data\road_images\1093750528_5359783338_0\0_84.jpg
1093750543_1093750528_0,1093750543,1093750528,0,0,10.307249615905429,123.9037525657521,344.9458107451819,data\road_images\1093750543_1093750528_0\0_345.jpg
1093750543_1093750560_0,1093750543,1093750560,0,0,10.306765204799193,123.90348666299644,264.33728257731036,data\road_images\1093750543_1093750560_0\0_264.jpg
1093750543_648756016_0,1093750543,648756016,0,0,10.306593877538628,123.90393002233917,124.59457252764446,data\road_images\1093750543_648756016_0\0_125.jpg
1093750560_5938046299_0,1093750560,5938046299,0,0,10.3064871,123.90324065,156.80692537023674,data\road_images\1093750560_5938046299_0\0_157.jpg
1093750560_1093750543_0,1093750560,1093750543,0,0,10.306765204799193,123.90348666299644,84.3371683212178,data\road_images\1093750560_1093750543_0\0_84.jpg
1093750560_1093752788_0,1093750560,1093752788,0,0,10.306097194930219,123.902776501214,158.6733620932971,data\road_images\1093750560_1093752788_0\0_159.jpg
1093750603_5359783335_0,1093750603,5359783335,0,0,10.3061291,123.9048689,311.5005135323121,data\road_images\1093750603_5359783335_0\0_312.jpg
1093750603_1093750626_0,1093750603,1093750626,0,0,10.3060015,123.90499765,139.9795727326873,data\road_images\1093750603_1093750626_0\0_140.jpg
1093750603_2559428252_0,1093750603,2559428252,0,0,10.305880464531715,123.90481208032743,216.0014693352234,data\road_images\1093750603_2559428252_0\0_216.jpg
1093750603_8386759451_0,1093750603,8386759451,0,0,10.306422640519893,123.90521251284633,36.000099533806974,data\road_images\1093750603_8386759451_0\0_36.jpg
1093750607_317000954_0,1093750607,317000954,0,0,10.305812249999999,123.90610799999999,357.2279372010076,data\road_images\1093750607_317000954_0\0_357.jpg
1093750607_622267604_0,1093750607,622267604,0,0,10.30529084872744,123.90613362400019,177.22932363879158,data\road_images\1093750607_622267604_0\0_177.jpg
1093750607_1093750626_0,1093750607,1093750626,0,0,10.305715759947441,123.90554614504686,283.5654708089476,data\road_images\1093750607_1093750626_0\0_284.jpg
1093750626_1093750603_0,1093750626,1093750603,0,0,10.3060015,123.90499765,319.9795911776892,data\road_images\1093750626_1093750603_0\0_320.jpg
1093750626_1093750607_0,1093750626,1093750607,0,0,10.305715759947441,123.90554614504686,103.56528029608114,data\road_images\1093750626_1093750607_0\0_104.jpg
1093750626_8386759452_0,1093750626,8386759452,0,0,10.30631291979792,123.90532238459915,35.72774464802944,data\road_images\1093750626_8386759452_0\0_36.jpg
1093750626_1093750629_0,1093750626,1093750629,0,0,10.30518075106316,123.90448943579266,215.8530558981521,data\road_images\1093750626_1093750629_0\0_216.jpg
1093750629_1093750631_0,1093750629,1093750631,0,0,10.30442745,123.9040303,85.15374566090622,data\road_images\1093750629_1093750631_0\0_85.jpg
1093750629_1093750626_0,1093750629,1093750626,0,0,10.30518075106316,123.90448943579266,35.85285593360538,data\road_images\1093750629_1093750626_0\0_36.jpg
1093750629_1093751349_0,1093750629,1093751349,0,0,10.30342059412654,123.90319812038844,215.53397406862146,data\road_images\1093750629_1093751349_0\0_216.jpg
1093750631_5812739199_0,1093750631,5812739199,0,0,10.3044588,123.90434095,83.67289237803465,data\road_images\1093750631_5812739199_0\0_84.jpg
1093750631_1093750629_0,1093750631,1093750629,0,0,10.30442745,123.9040303,265.15378104274555,data\road_images\1093750631_1093750629_0\0_265.jpg
1093750631_1093750663_0,1093750631,1093750663,0,0,10.30396964282518,123.90418534034411,173.23386664897362,data\road_images\1093750631_1093750663_0\0_173.jpg
1093750633_1093750635_0,1093750633,1093750635,0,0,10.30452665,123.90500945,84.76649864662681,data\road_images\1093750633_1093750635_0\0_85.jpg
1093750633_5812739199_0,1093750633,5812739199,0,0,10.304496499999999,123.9046948,264.0383003629792,data\road_images\1093750633_5812739199_0\0_264.jpg
1093750633_8374966944_0,1093750633,8374966944,0,0,10.305004047222447,123.9047988647599,5.016346341360986,data\road_images\1093750633_8374966944_0\0_5.jpg
1093750635_5812739187_0,1093750635,5812739187,0,0,10.3045533,123.90526510000001,82.26856449226295,data\road_images\1093750635_5812739187_0\0_82.jpg
1093750635_1093750633_0,1093750635,1093750633,0,0,10.30452665,123.90500945,264.7665603780581,data\road_images\1093750635_1093750633_0\0_265.jpg
1093750635_8374966945_0,1093750635,8374966945,0,0,10.305006029031444,123.90515458114584,11.036443308116816,data\road_images\1093750635_8374966945_0\0_11.jpg
1093750656_1093750659_0,1093750656,1093750659,0,0,10.3046347,123.90596515,84.56723764136575,data\road_images\1093750656_1093750659_0\0_85.jpg
1093750656_5812739184_0,1093750656,5812739184,0,0,10.3047623,123.9057552,356.1142868877889,data\road_images\1093750656_5812739184_0\0_356.jpg
1093750656_5812739190_0,1093750656,5812739190,0,0,10.304496799999999,123.90577365,176.05737972430836,data\road_images\1093750656_5812739190_0\0_176.jpg
1093750656_5812739187_0,1093750656,5812739187,0,0,10.304588690769267,123.90555694435928,262.83331044944964,data\road_images\1093750656_5812739187_0\0_263.jpg
1093750659_1093750656_0,1093750659,1093750656,0,0,10.3046347,123.90596515,264.56730914053645,data\road_images\1093750659_1093750656_0\0_265.jpg
1093750659_1093750920_0,1093750659,1093750920,0,0,10.30437015,123.90620995,171.12580823936707,data\road_images\1093750659_1093750920_0\0_171.jpg
1093750659_622267604_0,1093750659,622267604,0,0,10.304773398484372,123.90615906904043,357.2305558967301,data\road_images\1093750659_622267604_0\0_357.jpg
1093750663_5812739195_0,1093750663,5812739195,0,0,10.303500750000001,123.9042102,264.7292749945586,data\road_images\1093750663_5812739195_0\0_265.jpg
1093750663_1093750743_0,1093750663,1093750743,0,0,10.3035142,123.90435880000001,84.74776390474182,data\road_images\1093750663_1093750743_0\0_85.jpg
1093750663_1093750631_0,1093750663,1093750631,0,0,10.30396964282518,123.90418534034411,353.23388675400014,data\road_images\1093750663_1093750631_0\0_353.jpg
1093750719_1093750889_0,1093750719,1093750889,0,0,10.3035635,123.9063379,171.11763459691304,data\road_images\1093750719_1093750889_0\0_171.jpg
1093750719_5812739197_0,1093750719,5812739197,0,0,10.303611375052975,123.9054340022555,264.7489896458608,data\road_images\1093750719_5812739197_0\0_265.jpg
1093750719_1093750920_0,1093750719,1093750920,0,0,10.303889102653912,123.90628626675596,351.1368317605165,data\road_images\1093750719_1093750920_0\0_351.jpg
1093750743_1093750663_0,1093750743,1093750663,0,0,10.3035142,123.90435880000001,264.7478058295532,data\road_images\1093750743_1093750663_0\0_265.jpg
1093750743_5812739197_0,1093750743,5812739197,0,0,10.30352815,123.9045132,84.7702956088873,data\road_images\1093750743_5812739197_0\0_85.jpg
1093750743_5812739200_0,1093750743,5812739200,0,0,10.30373575,123.9044588,355.4134996143497,data\road_images\1093750743_5812739200_0\0_355.jpg
1093750746_5812739195_0,1093750746,5812739195,0,0,10.3034751,123.90392675,84.74689984732885,data\road_images\1093750746_5812739195_0\0_85.jpg
1093750766_1093750773_0,1093750766,1093750773,0,0,10.3012816,123.90684915,91.02486274507493,data\road_images\1093750766_1093750773_0\0_91.jpg
1093750766_317000951_0,1093750766,317000951,0,0,10.30160459709433,123.90655666032724,3.269152406729802,data\road_images\1093750766_317000951_0\0_3.jpg
1093750766_482223981_0,1093750766,482223981,0,0,10.30078049628089,123.9064695740801,187.28960503462872,data\road_images\1093750766_482223981_0\0_187.jpg
1093750770_5813474006_0,1093750770,5813474006,0,0,10.301216,123.9094333,271.5430920830314,data\road_images\1093750770_5813474006_0\0_272.jpg
1093750770_1093751860_0,1093750770,1093751860,0,0,10.300454223743785,123.90946356972954,209.0750192495817,data\road_images\1093750770_1093751860_0\0_209.jpg
1093750770_316985224_0,1093750770,316985224,0,0,10.301438649443643,123.91006437011278,36.58039472423121,data\road_images\1093750770_316985224_0\0_37.jpg
1093750773_5813474006_0,1093750773,5813474006,0,0,10.30125215,123.90806825,91.5410528328947,data\road_images\1093750773_5813474006_0\0_92.jpg
1093750773_1093750766_0,1093750773,1093750766,0,0,10.3012816,123.90684915,271.0249765310872,data\road_images\1093750773_1093750766_0\0_271.jpg
1093750773_1093750805_0,1093750773,1093750805,0,0,10.301622708579803,123.90721650627303,12.683859160164957,data\road_images\1093750773_1093750805_0\0_13.jpg
1093750805_317000951_0,1093750805,317000951,0,0,10.3019406,123.90694565,267.2580845865422,data\road_images\1093750805_317000951_0\0_267.jpg
1093750805_1093750811_0,1093750805,1093750811,0,0,10.302395778886783,123.90746118013074,17.430070788674243,data\road_images\1093750805_1093750811_0\0_17.jpg
1093750805_1093750773_0,1093750805,1093750773,0,0,10.301622708579803,123.90721650627303,192.6838870755374,data\road_images\1093750805_1093750773_0\0_193.jpg
1093750805_665829342_0,1093750805,665829342,0,0,10.3019467449922,123.90793448270466,91.41983935246714,data\road_images\1093750805_665829342_0\0_91.jpg
1093750811_1093750837_0,1093750811,1093750837,0,0,10.303144632436508,123.90769249953199,17.162638743849243,data\road_images\1093750811_1093750837_0\0_17.jpg
1093750811_1093750805_0,1093750811,1093750805,0,0,10.302395778886783,123.90746118013074,197.43012065019877,data\road_images\1093750811_1093750805_0\0_197.jpg
1093750811_622267606_0,1093750811,622267606,0,0,10.302840185002315,123.90703060479412,267.83295699432665,data\road_images\1093750811_622267606_0\0_268.jpg
1093750837_5770391697_0,1093750837,5770391697,0,0,10.30549387892345,123.90843497718359,20.2318136855298,data\road_images\1093750837_5770391697_0\0_20.jpg
1093750837_1093750811_0,1093750837,1093750811,0,0,10.303144632436508,123.90769249953199,197.1626736029116,data\road_images\1093750837_1093750811_0\0_197.jpg
1093750837_1093750884_0,1093750837,1093750884,0,0,10.303578628266274,123.90749401339636,280.61904199427414,data\road_images\1093750837_1093750884_0\0_281.jpg
1093750884_1093750889_0,1093750884,1093750889,0,0,10.303502649999999,123.90676160000001,260.42529869617726,data\road_images\1093750884_1093750889_0\0_260.jpg
1093750884_1093750837_0,1093750884,1093750837,0,0,10.303578628266274,123.90749401339636,100.61892893526237,data\road_images\1093750884_1093750837_0\0_101.jpg
1093750884_1093750920_0,1093750884,1093750920,0,0,10.304198598994109,123.90698535615142,300.01578854665934,data\road_images\1093750884_1093750920_0\0_300.jpg
1093750889_1093750884_0,1093750889,1093750884,0,0,10.303502649999999,123.90676160000001,80.42515439004558,data\road_images\1093750889_1093750884_0\0_80.jpg
1093750889_1093750719_0,1093750889,1093750719,0,0,10.3035635,123.9063379,351.1176418587895,data\road_images\1093750889_1093750719_0\0_351.jpg
1093750889_622267606_0,1093750889,622267606,0,0,10.303112651864721,123.90640946175853,171.12849963342364,data\road_images\1093750889_622267606_0\0_171.jpg
1093750920_1093750659_0,1093750920,1093750659,0,0,10.30437015,123.90620995,351.12582432044445,data\road_images\1093750920_1093750659_0\0_351.jpg
1093750920_1093750719_0,1093750920,1093750719,0,0,10.303889102653912,123.90628626675596,171.13682054546553,data\road_images\1093750920_1093750719_0\0_171.jpg
1093750920_1093750884_0,1093750920,1093750884,0,0,10.304198598994109,123.90698535615142,120.01562575902653,data\road_images\1093750920_1093750884_0\0_120.jpg
1093750967_1093750971_0,1093750967,1093750971,0,0,10.305004700000001,123.9071772,88.06622101100686,data\road_images\1093750967_1093750971_0\0_88.jpg
1093750967_1107238355_0,1093750967,1107238355,0,0,10.3047992,123.9069854,168.74722428881637,data\road_images\1093750967_1107238355_0\0_169.jpg
1093750967_622267604_0,1093750967,622267604,0,0,10.304949796137684,123.90654878217991,262.4287483069454,data\road_images\1093750967_622267604_0\0_262.jpg
1093750971_1093750967_0,1093750971,1093750967,0,0,10.305004700000001,123.9071772,268.06630394353186,data\road_images\1093750971_1093750967_0\0_268.jpg
1093751349_1093750629_0,1093751349,1093750629,0,0,10.30342059412654,123.90319812038844,35.53371370080197,data\road_images\1093751349_1093750629_0\0_36.jpg
1093751349_5940241015_0,1093751349,5940241015,0,0,10.302370784799022,123.90305323787119,82.33485802587978,data\road_images\1093751349_5940241015_0\0_82.jpg
1093751349_912971844_0,1093751349,912971844,0,0,10.30221329123578,123.90231014242272,219.74492491703475,data\road_images\1093751349_912971844_0\0_220.jpg
1093751639_1484307316_0,1093751639,1484307316,0,0,10.307943577170557,123.90293044081528,112.97099792788379,data\road_images\1093751639_1484307316_0\0_113.jpg
1093751860_506570949_0,1093751860,506570949,0,0,10.299084384312849,123.90871193150217,208.7381106603558,data\road_images\1093751860_506570949_0\0_209.jpg
1093751860_2231564475_0,1093751860,2231564475,0,0,10.299889124515646,123.90790148925107,264.5567210332033,data\road_images\1093751860_2231564475_0\0_265.jpg
1093751860_1093750770_0,1093751860,1093750770,0,0,10.300454223743785,123.90946356972954,29.07486688562898,data\road_images\1093751860_1093750770_0\0_29.jpg
1093752053_601834856_0,1093752053,601834856,0,0,10.29526915,123.90051385,293.1915721400874,data\road_images\1093752053_601834856_0\0_293.jpg
1093752053_317773499_0,1093752053,317773499,0,0,10.295133799999999,123.90083005,114.096779700046,data\road_images\1093752053_317773499_0\0_114.jpg
1093752053_8699726892_0,1093752053,8699726892,0,0,10.2954498,123.9009814,44.06998382213601,data\road_images\1093752053_8699726892_0\0_44.jpg
1093752068_1093752073_0,1093752068,1093752073,0,0,10.2955892,123.90462335000001,28.088306307058133,data\road_images\1093752068_1093752073_0\0_28.jpg
1093752068_922246557_0,1093752068,922246557,0,0,10.295081118532204,123.90481045931978,117.06910641004254,data\road_images\1093752068_922246557_0\0_117.jpg
1093752068_956664766_0,1093752068,956664766,0,0,10.29490075,123.90426885,205.75269372679543,data\road_images\1093752068_956664766_0\0_206.jpg
1093752068_1093752138_0,1093752068,1093752138,0,0,10.295361,123.9042537,297.0585395226761,data\road_images\1093752068_1093752138_0\0_297.jpg
1093752073_1093752140_0,1093752073,1093752140,0,0,10.29600385,123.90459915,294.351096483808,data\road_images\1093752073_1093752140_0\0_294.jpg
1093752073_1093752079_0,1093752073,1093752079,0,0,10.29630675,123.9049924,25.78545017318629,data\road_images\1093752073_1093752079_0\0_26.jpg
1093752073_660720836_0,1093752073,660720836,0,0,10.295763642072565,123.9051267963435,115.12015576559861,data\road_images\1093752073_660720836_0\0_115.jpg
1093752073_1093752068_0,1093752073,1093752068,0,0,10.2955892,123.90462335000001,208.0883693796499,data\road_images\1093752073_1093752068_0\0_208.jpg
1093752079_1093752143_0,1093752079,1093752143,0,0,10.29679135,123.9050021,297.1662719623968,data\road_images\1093752079_1093752143_0\0_297.jpg
1093752079_1093752097_0,1093752079,1093752097,0,0,10.297078532956046,123.90536911550375,24.91071156541318,data\road_images\1093752079_1093752097_0\0_25.jpg
1093752079_497829304_0,1093752079,497829304,0,0,10.296583890530664,123.9054315955812,115.37903156871948,data\road_images\1093752079_497829304_0\0_115.jpg
1093752079_1093752073_0,1093752079,1093752073,0,0,10.29630675,123.9049924,205.78551902333624,data\road_images\1093752079_1093752073_0\0_206.jpg
1093752097_1093752079_0,1093752097,1093752079,0,0,10.297078532956046,123.90536911550375,204.910775934043,data\road_images\1093752097_1093752079_0\0_205.jpg
1093752138_1093752140_0,1093752138,1093752140,0,0,10.29577565,123.9042295,27.637886277773532,data\road_images\1093752138_1093752140_0\0_28.jpg
1093752138_1093752068_0,1093752138,1093752068,0,0,10.295361,123.9042537,117.05847046418774,data\road_images\1093752138_1093752068_0\0_117.jpg
1093752138_317773508_0,1093752138,317773508,0,0,10.29555535,123.90385599999999,295.79601511440285,data\road_images\1093752138_317773508_0\0_296.jpg
1093752140_1093752143_0,1093752140,1093752143,0,0,10.29648845,123.90460885,27.63761152998677,data\road_images\1093752140_1093752143_0\0_28.jpg
1093752140_1093752138_0,1093752140,1093752138,0,0,10.29577565,123.9042295,207.63794668835104,data\road_images\1093752140_1093752138_0\0_208.jpg
1093752140_1093752384_0,1093752140,1093752384,0,0,10.2961688,123.9042033,291.48630908979044,data\road_images\1093752140_1093752384_0\0_291.jpg
1093752140_1093752073_0,1093752140,1093752073,0,0,10.29600385,123.90459915,114.35102475797424,data\road_images\1093752140_1093752073_0\0_114.jpg
1093752143_1093752352_0,1093752143,1093752352,0,0,10.296975549999999,123.90459505000001,292.61068573788583,data\road_images\1093752143_1093752352_0\0_293.jpg
1093752143_1093752140_0,1093752143,1093752140,0,0,10.29648845,123.90460885,207.63768672672396,data\road_images\1093752143_1093752140_0\0_208.jpg
1093752143_5804490651_0,1093752143,5804490651,0,0,10.297381097452238,123.90507136771977,21.96561845955449,data\road_images\1093752143_5804490651_0\0_22.jpg
1093752143_1093752079_0,1093752143,1093752079,0,0,10.29679135,123.9050021,117.16620657678652,data\road_images\1093752143_1093752079_0\0_117.jpg
1093752166_5804490651_0,1093752166,5804490651,0,0,10.2982058,123.9052925,189.89139569616302,data\road_images\1093752166_5804490651_0\0_190.jpg
1093752166_497829280_0,1093752166,497829280,0,0,10.298428672734389,123.90570089531607,102.69253987229706,data\road_images\1093752166_497829280_0\0_103.jpg
1093752166_5804558238_0,1093752166,5804558238,0,0,10.2985592,123.90497145,279.01829863180046,data\road_images\1093752166_5804558238_0\0_279.jpg
1093752273_317773524_0,1093752273,317773524,0,0,10.2998209,123.90352784999999,261.10440845775383,data\road_images\1093752273_317773524_0\0_261.jpg
1093752273_482224018_0,1093752273,482224018,0,0,10.30008045,123.9038056,351.89309901343466,data\road_images\1093752273_482224018_0\0_352.jpg
1093752273_665833183_0,1093752273,665833183,0,0,10.299670299999999,123.903865,171.88759988474635,data\road_images\1093752273_665833183_0\0_172.jpg
1093752296_2179444245_0,1093752296,2179444245,0,0,10.297881749999998,123.90295705,264.3096097489822,data\road_images\1093752296_2179444245_0\0_264.jpg
1093752296_5807246177_0,1093752296,5807246177,0,0,10.2979028,123.90317145,84.28593814233454,data\road_images\1093752296_5807246177_0\0_84.jpg
1093752296_1093752325_0,1093752296,1093752325,0,0,10.29834933970412,123.9030726503191,8.487208449262994,data\road_images\1093752296_1093752325_0\0_8.jpg
1093752325_1093752296_0,1093752325,1093752296,0,0,10.29834933970412,123.9030726503191,188.48723074228408,data\road_images\1093752325_1093752296_0\0_188.jpg
1093752352_1093752384_0,1093752352,1093752384,0,0,10.296655889708592,123.90418952334804,203.44770955663554,data\road_images\1093752352_1093752384_0\0_203.jpg
1093752352_317773511_0,1093752352,317773511,0,0,10.29714240742479,123.90409569854249,284.0458714681537,data\road_images\1093752352_317773511_0\0_284.jpg
1093752352_1093752143_0,1093752352,1093752143,0,0,10.296975549999999,123.90459505000001,112.61060560406213,data\road_images\1093752352_1093752143_0\0_113.jpg
1093752384_1093752406_0,1093752384,1093752406,0,0,10.296302050000001,123.9038558,291.0429893402862,data\road_images\1093752384_1093752406_0\0_291.jpg
1093752384_1093752140_0,1093752384,1093752140,0,0,10.2961688,123.9042033,111.48623931112422,data\road_images\1093752384_1093752140_0\0_111.jpg
1093752384_317773508_0,1093752384,317773508,0,0,10.295914556597234,123.90386723867586,210.66227883306513,data\road_images\1093752384_317773508_0\0_211.jpg
1093752384_1093752352_0,1093752384,1093752352,0,0,10.296655889708592,123.90418952334804,23.447644708037558,data\road_images\1093752384_1093752352_0\0_23.jpg
1093752406_1093752384_0,1093752406,1093752384,0,0,10.296302050000001,123.9038558,111.04293489672114,data\road_images\1093752406_1093752384_0\0_111.jpg
1093752406_317773508_0,1093752406,317773508,0,0,10.296003122436824,123.90364567092793,184.13846516872343,data\road_images\1093752406_317773508_0\0_184.jpg
1093752406_317773511_0,1093752406,317773511,0,0,10.296781451390578,123.90376133986825,7.68604656762335,data\road_images\1093752406_317773511_0\0_8.jpg
1093752455_5812707844_0,1093752455,5812707844,0,0,10.30102975,123.9052028,266.7521891866399,data\road_images\1093752455_5812707844_0\0_267.jpg
1093752455_1093752457_0,1093752455,1093752457,0,0,10.3012366,123.9054286,1.3329838215117888,data\road_images\1093752455_1093752457_0\0_1.jpg
1093752455_1093752566_0,1093752455,1093752566,0,0,10.300843050000001,123.9054165,182.12307995298167,data\road_images\1093752455_1093752566_0\0_182.jpg
1093752457_1093752515_0,1093752457,1093752515,0,0,10.301443299999999,123.9056267,86.3333470889458,data\road_images\1093752457_1093752515_0\0_86.jpg
1093752457_1093752459_0,1093752457,1093752459,0,0,10.30164605,123.90543149999999,359.5541722130233,data\road_images\1093752457_1093752459_0\0_360.jpg
1093752457_1093752455_0,1093752457,1093752455,0,0,10.3012366,123.9054286,181.3329854666906,data\road_images\1093752457_1093752455_0\0_181.jpg
1093752457_5770771915_0,1093752457,5770771915,0,0,10.30141730070896,123.90517439720445,266.8866243732955,data\road_images\1093752457_5770771915_0\0_267.jpg
1093752459_1093752457_0,1093752459,1093752457,0,0,10.30164605,123.90543149999999,179.5541716050002,data\road_images\1093752459_1093752457_0\0_180.jpg
1093752459_1093752599_0,1093752459,1093752599,0,0,10.302066,123.9054159,356.18335498861717,data\road_images\1093752459_1093752599_0\0_356.jpg
1093752459_317000951_0,1093752459,317000951,0,0,10.30189271951413,123.90599876523503,86.84090599639921,data\road_images\1093752459_317000951_0\0_87.jpg
1093752459_5812739191_0,1093752459,5812739191,0,0,10.301812315311766,123.90473447204309,266.1501401401157,data\road_images\1093752459_5812739191_0\0_266.jpg
1093752466_5770771915_0,1093752466,5770771915,0,0,10.301383763767076,123.9046602852294,85.33329124777606,data\road_images\1093752466_5770771915_0\0_85.jpg
1093752466_1214783234_0,1093752466,1214783234,0,0,10.301358075656818,123.90395626921394,308.39002816713787,data\road_images\1093752466_1214783234_0\0_308.jpg
1093752466_1093752531_0,1093752466,1093752531,0,0,10.301170467525763,123.90441619391423,180.0588283495705,data\road_images\1093752466_1093752531_0\0_180.jpg
1093752515_1093752457_0,1093752515,1093752457,0,0,10.301443299999999,123.9056267,266.3334162949006,data\road_images\1093752515_1093752457_0\0_266.jpg
1093752531_5823514667_0,1093752531,5823514667,0,0,10.30096795,123.90426925,265.21741213749414,data\road_images\1093752531_5823514667_0\0_265.jpg
1093752531_5812707844_0,1093752531,5812707844,0,0,10.300998611777644,123.90469312768155,86.13965737405914,data\road_images\1093752531_5812707844_0\0_86.jpg
1093752531_1093752466_0,1093752531,1093752466,0,0,10.301170467525763,123.90441619391423,0.05882827804163071,data\road_images\1093752531_1093752466_0\0_0.jpg
1093752566_1093752455_0,1093752566,1093752455,0,0,10.300843050000001,123.9054165,2.1230772707351093,data\road_images\1093752566_1093752455_0\0_2.jpg
1093752599_1093752607_0,1093752599,1093752607,0,0,10.30238065,123.90539765,357.7647619885311,data\road_images\1093752599_1093752607_0\0_358.jpg
1093752599_1093752459_0,1093752599,1093752459,0,0,10.302066,123.9054159,176.18335001693572,data\road_images\1093752599_1093752459_0\0_176.jpg
1093752599_1093752632_0,1093752599,1093752632,0,0,10.3022833,123.9055848,86.08764494117133,data\road_images\1093752599_1093752632_0\0_86.jpg
1093752599_1093752618_0,1093752599,1093752618,0,0,10.302226078935087,123.9047529094864,279.7367377051815,data\road_images\1093752599_1093752618_0\0_280.jpg
1093752607_1093752599_0,1093752607,1093752599,0,0,10.30238065,123.90539765,177.7647604325989,data\road_images\1093752607_1093752599_0\0_178.jpg
1093752607_1093752617_0,1093752607,1093752617,0,0,10.30250605,123.90559425000001,85.44528156048534,data\road_images\1093752607_1093752617_0\0_85.jpg
1093752607_1093752618_0,1093752607,1093752618,0,0,10.302453575890954,123.90495766214396,265.28648185092857,data\road_images\1093752607_1093752618_0\0_265.jpg
1093752617_1093752607_0,1093752617,1093752607,0,0,10.30250605,123.90559425000001,265.44535343834434,data\road_images\1093752617_1093752607_0\0_265.jpg
1093752618_1093752635_0,1093752618,1093752635,0,0,10.302516950000001,123.90458475,32.46492566347138,data\road_images\1093752618_1093752635_0\0_32.jpg
1093752618_1093752607_0,1093752618,1093752607,0,0,10.302453575890954,123.90495766214396,85.28632598796253,data\road_images\1093752618_1093752607_0\0_85.jpg
1093752618_1093752599_0,1093752618,1093752599,0,0,10.302226078935087,123.9047529094864,99.73658028807387,data\road_images\1093752618_1093752599_0\0_100.jpg
1093752632_1093752599_0,1093752632,1093752599,0,0,10.3022833,123.9055848,266.08771032541927,data\road_images\1093752632_1093752599_0\0_266.jpg
1093752635_1093752636_0,1093752635,1093752636,0,0,10.30263545,123.90466155,32.79320010337216,data\road_images\1093752635_1093752636_0\0_33.jpg
1093752635_1093752618_0,1093752635,1093752618,0,0,10.302516950000001,123.90458475,212.4649481799418,data\road_images\1093752635_1093752618_0\0_212.jpg
1093752635_1093752648_0,1093752635,1093752648,0,0,10.30268395,123.9045051,296.4013596951421,data\road_images\1093752635_1093752648_0\0_296.jpg
1093752636_1093752637_0,1093752636,1093752637,0,0,10.30272445,123.9047207,33.300279464540665,data\road_images\1093752636_1093752637_0\0_33.jpg
1093752636_1093752635_0,1093752636,1093752635,0,0,10.30263545,123.90466155,212.79320505765006,data\road_images\1093752636_1093752635_0\0_213.jpg
1093752636_1093752641_0,1093752636,1093752641,0,0,10.30265595,123.90480635,90.28903531960611,data\road_images\1093752636_1093752641_0\0_90.jpg
1093752637_1093752636_0,1093752637,1093752636,0,0,10.30272445,123.9047207,213.30029566821563,data\road_images\1093752637_1093752636_0\0_213.jpg
1093752641_1093752636_0,1093752641,1093752636,0,0,10.30265595,123.90480635,270.28908215963696,data\road_images\1093752641_1093752636_0\0_270.jpg
1093752648_1093752635_0,1093752648,1093752635,0,0,10.30268395,123.9045051,116.40130868759047,data\road_images\1093752648_1093752635_0\0_116.jpg
1093752676_281446259_0,1093752676,281446259,0,0,10.2922589,123.90207825,23.33339122271593,data\road_images\1093752676_281446259_0\0_23.jpg
1093752680_8316094780_0,1093752680,8316094780,0,0,10.298531350000001,123.90714879999999,4.55497099434217,data\road_images\1093752680_8316094780_0\0_5.jpg
1093752680_5804491367_0,1093752680,5804491367,0,0,10.2983995,123.90696639999999,263.0820453713165,data\road_images\1093752680_5804491367_0\0_263.jpg
1093752680_506570949_0,1093752680,506570949,0,0,10.298489013473581,123.9077516872886,87.2028620691492,data\road_images\1093752680_506570949_0\0_87.jpg
1093752691_665833184_0,1093752691,665833184,0,0,10.29993125,123.9063527,10.180282220810739,data\road_images\1093752691_665833184_0\0_10.jpg
1093752691_2231564475_0,1093752691,2231564475,0,0,10.299700810987911,123.90668497771024,117.79493674055169,data\road_images\1093752691_2231564475_0\0_118.jpg
1093752691_5804491360_0,1093752691,5804491360,0,0,10.299265037613466,123.90622637020931,190.69768307942746,data\road_images\1093752691_5804491360_0\0_191.jpg
1093752705_5797815856_0,1093752705,5797815856,0,0,10.30255365,123.9113582,139.93882577741158,data\road_images\1093752705_5797815856_0\0_140.jpg
1093752705_1093752713_0,1093752705,1093752713,0,0,10.303529261647192,123.91053283156894,320.3920431668077,data\road_images\1093752705_1093752713_0\0_320.jpg
1093752705_316985224_0,1093752705,316985224,0,0,10.302127034965524,123.91078525856099,229.36786049309086,data\road_images\1093752705_316985224_0\0_229.jpg
1093752713_5634224325_0,1093752713,5634224325,0,0,10.305154128677446,123.91021488150274,41.95536553703107,data\road_images\1093752713_5634224325_0\0_42.jpg
1093752713_324580518_0,1093752713,324580518,0,0,10.30320481026983,123.90930801239472,196.27448407857796,data\road_images\1093752713_324580518_0\0_196.jpg
1093752713_1093752705_0,1093752713,1093752705,0,0,10.303529261647192,123.91053283156894,140.39175777325283,data\road_images\1093752713_1093752705_0\0_140.jpg
1093752713_1093752729_0,1093752713,1093752729,0,0,10.304660495640022,123.90945829718251,303.299089389296,data\road_images\1093752713_1093752729_0\0_303.jpg
1093752729_1093752713_0,1093752729,1093752713,0,0,10.304660495640022,123.90945829718251,123.29898946559865,data\road_images\1093752729_1093752713_0\0_123.jpg
1093752729_666178210_0,1093752729,666178210,0,0,10.30577299836221,123.90958885815785,35.17592519270892,data\road_images\1093752729_666178210_0\0_35.jpg
1093752729_665829342_0,1093752729,665829342,0,0,10.30337277496798,123.90867787782612,192.08344375603505,data\road_images\1093752729_665829342_0\0_192.jpg
1093752788_5938046303_0,1093752788,5938046303,0,0,10.306173999999999,123.9033595,158.03953971402825,data\road_images\1093752788_5938046303_0\0_158.jpg
1093752788_5938046299_0,1093752788,5938046299,0,0,10.30626685,123.90332805,342.4594305736946,data\road_images\1093752788_5938046299_0\0_342.jpg
1093752788_1093750560_0,1093752788,1093750560,0,0,10.306097194930219,123.902776501214,338.67339336719425,data\road_images\1093752788_1093750560_0\0_339.jpg
1093752869_281446238_0,1093752869,281446238,0,0,10.30222195,123.8982405,180.75506962254605,data\road_images\1093752869_281446238_0\0_181.jpg
1093752869_1093752874_0,1093752869,1093752874,0,0,10.30261435,123.89852690000001,69.98425782069921,data\road_images\1093752869_1093752874_0\0_70.jpg
1093752869_324580478_0,1093752869,324580478,0,0,10.302718950307092,123.8982304045117,356.17181257040255,data\road_images\1093752869_324580478_0\0_356.jpg
1093752874_666069189_0,1093752874,666069189,0,0,10.30289835,123.89870379999999,330.3808574976938,data\road_images\1093752874_666069189_0\0_330.jpg
1093752874_1093752869_0,1093752874,1093752869,0,0,10.30261435,123.89852690000001,249.98435886943003,data\road_images\1093752874_1093752869_0\0_250.jpg
1093752874_1093752883_0,1093752874,1093752883,0,0,10.302862552016943,123.89920742054322,72.00086289325384,data\road_images\1093752874_1093752883_0\0_72.jpg
1093752874_1093750438_0,1093752874,1093750438,0,0,10.3023427,123.89900505,152.69661220575267,data\road_images\1093752874_1093750438_0\0_153.jpg
1093752883_1093752898_0,1093752883,1093752898,0,0,10.302752850000001,123.89966064999999,168.86782537430372,data\road_images\1093752883_1093752898_0\0_169.jpg
1093752883_5796546984_0,1093752883,5796546984,0,0,10.303076466042153,123.89980412406757,22.16771445777539,data\road_images\1093752883_5796546984_0\0_22.jpg
1093752883_1093752874_0,1093752883,1093752874,0,0,10.302862552016943,123.89920742054322,252.00100724400346,data\road_images\1093752883_1093752874_0\0_252.jpg
1093752898_1093752883_0,1093752898,1093752883,0,0,10.302752850000001,123.89966064999999,348.8678411666921,data\road_images\1093752898_1093752883_0\0_349.jpg
1097698474_960110034_0,1097698474,960110034,0,0,10.30958351410394,123.89249512719041,157.9703168770394,data\road_images\1097698474_960110034_0\0_158.jpg
1097698474_281418189_0,1097698474,281418189,0,0,10.31008430118761,123.892495101249,21.822797283684622,data\road_images\1097698474_281418189_0\0_22.jpg
1097698474_321793690_0,1097698474,321793690,0,0,10.310387291383202,123.89220219047911,340.5481419304452,data\road_images\1097698474_321793690_0\0_341.jpg
1097698510_369910573_0,1097698510,369910573,0,0,10.3099974,123.90200955,269.14940408010466,data\road_images\1097698510_369910573_0\0_269.jpg
1097698510_5788163952_0,1097698510,5788163952,0,0,10.3092616,123.90223325,186.39621739893892,data\road_images\1097698510_5788163952_0\0_186.jpg
1097698510_1674652514_0,1097698510,1674652514,0,0,10.310337678701085,123.90235287127176,6.031120507626554,data\road_images\1097698510_1674652514_0\0_6.jpg
1097698521_5046185021_0,1097698521,5046185021,0,0,10.31059699652287,123.90340946788818,206.84335435749193,data\road_images\1097698521_5046185021_0\0_207.jpg
1097698521_666178190_0,1097698521,666178190,0,0,10.310729048938358,123.90373002303646,115.57040766228681,data\road_images\1097698521_666178190_0\0_116.jpg
1097698521_369910531_0,1097698521,369910531,0,0,10.311128164221907,123.90270745353244,288.4982800933526,data\road_images\1097698521_369910531_0\0_288.jpg
1097698561_369910573_0,1097698561,369910573,0,0,10.3102854,123.90173150000001,185.76210289737728,data\road_images\1097698561_369910573_0\0_186.jpg
1097698561_369910531_0,1097698561,369910531,0,0,10.310974144421552,123.90181539656709,7.765123685250785,data\road_images\1097698561_369910531_0\0_8.jpg
1097698561_5793164912_0,1097698561,5793164912,0,0,10.31047774927649,123.9009586513727,263.0097223018938,data\road_images\1097698561_5793164912_0\0_263.jpg
1097698592_5792422794_0,1097698592,5792422794,0,0,10.30891465,123.8917643,341.2131769578249,data\road_images\1097698592_5792422794_0\0_341.jpg
1097698592_533699485_0,1097698592,533699485,0,0,10.309090780921245,123.89230999970327,72.30176676778967,data\road_images\1097698592_533699485_0\0_72.jpg
1097698592_456863344_0,1097698592,456863344,0,0,10.3087244624813,123.89131326300907,250.9209644845085,data\road_images\1097698592_456863344_0\0_251.jpg
1097698615_321793511_0,1097698615,321793511,0,0,10.31196475,123.8901557,340.84896648638806,data\road_images\1097698615_321793511_0\0_341.jpg
1097698715_960110032_0,1097698715,960110032,0,0,10.3091765,123.89063535,160.81787160902843,data\road_images\1097698715_960110032_0\0_161.jpg
1097698715_456863472_0,1097698715,456863472,0,0,10.310068660894503,123.89032008076829,340.8404803651772,data\road_images\1097698715_456863472_0\0_341.jpg
1097698715_5792574076_0,1097698715,5792574076,0,0,10.309221966335553,123.88979105031459,237.80024261273724,data\road_images\1097698715_5792574076_0\0_238.jpg
1097698723_321793593_0,1097698723,321793593,0,0,10.3120941,123.89059424999999,340.82924835604297,data\road_images\1097698723_321793593_0\0_341.jpg
1097698727_1099182014_0,1097698727,1099182014,0,0,10.3142766,123.89483455,341.83386260200956,data\road_images\1097698727_1099182014_0\0_342.jpg
1097698727_321793517_0,1097698727,321793517,0,0,10.313887016334235,123.89470158054218,245.13755209665317,data\road_images\1097698727_321793517_0\0_245.jpg
1097698728_10677734241_0,1097698728,10677734241,0,0,10.316023999999999,123.89424654999999,160.5560639835387,data\road_images\1097698728_10677734241_0\0_161.jpg
1097698732_10677734241_0,1097698732,10677734241,0,0,10.315870149999999,123.89447535,251.5975690891035,data\road_images\1097698732_10677734241_0\0_252.jpg
1097698733_1097698738_0,1097698733,1097698738,0,0,10.313431399999999,123.8933708,70.3689085813786,data\road_images\1097698733_1097698738_0\0_70.jpg
1097698733_321793683_0,1097698733,321793683,0,0,10.31327445,123.89292355,250.3699740379963,data\road_images\1097698733_321793683_0\0_250.jpg
1097698733_1097698736_0,1097698733,1097698736,0,0,10.313898609489506,123.8929304241123,338.8337636437614,data\road_images\1097698733_1097698736_0\0_339.jpg
1097698733_2127386404_0,1097698733,2127386404,0,0,10.31251754668232,123.89343679049603,161.04504740603147,data\road_images\1097698733_2127386404_0\0_161.jpg
1097698736_1097698733_0,1097698736,1097698733,0,0,10.313898609489506,123.8929304241123,158.83368665618093,data\road_images\1097698736_1097698733_0\0_159.jpg
1097698738_1097698739_0,1097698738,1097698739,0,0,10.314126250000001,123.89337845,340.81626244255955,data\road_images\1097698738_1097698739_0\0_341.jpg
1097698738_1097698740_0,1097698738,1097698740,0,0,10.313587649999999,123.89381595,70.36119810935674,data\road_images\1097698738_1097698740_0\0_70.jpg
1097698738_1097698733_0,1097698738,1097698733,0,0,10.313431399999999,123.8933708,250.3689892892549,data\road_images\1097698738_1097698733_0\0_250.jpg
1097698739_1097698738_0,1097698739,1097698738,0,0,10.314126250000001,123.89337845,160.81618446856078,data\road_images\1097698739_1097698738_0\0_161.jpg
1097698740_1097698742_0,1097698740,1097698742,0,0,10.31408905,123.89388174999999,340.35285473405804,data\road_images\1097698740_1097698742_0\0_340.jpg
1097698740_321793517_0,1097698740,321793517,0,0,10.3137301,123.89424890000001,72.70779414496911,data\road_images\1097698740_321793517_0\0_73.jpg
1097698740_1097698738_0,1097698740,1097698738,0,0,10.313587649999999,123.89381595,250.36127679547235,data\road_images\1097698740_1097698738_0\0_250.jpg
1097698740_1097698741_0,1097698740,1097698741,0,0,10.31349595,123.8940986,159.8720456173354,data\road_images\1097698740_1097698741_0\0_160.jpg
1097698741_1097698740_0,1097698741,1097698740,0,0,10.31349595,123.8940986,339.8720681398651,data\road_images\1097698741_1097698740_0\0_340.jpg
1097698742_1097698740_0,1097698742,1097698740,0,0,10.31408905,123.89388174999999,160.352799606345,data\road_images\1097698742_1097698740_0\0_160.jpg
1099182014_10677734241_0,1099182014,10677734241,0,0,10.315183099999999,123.89453219999999,341.8326815338536,data\road_images\1099182014_10677734241_0\0_342.jpg
1099182014_1099182021_0,1099182014,1099182021,0,0,10.315049014865636,123.89576993827369,20.351502841751653,data\road_images\1099182014_1099182021_0\0_20.jpg
1099182014_1097698727_0,1099182014,1097698727,0,0,10.3142766,123.89483455,161.83383031974824,data\road_images\1099182014_1097698727_0\0_162.jpg
1099182021_1099182024_0,1099182021,1099182024,0,0,10.316222799999998,123.89540675,70.66435191700441,data\road_images\1099182021_1099182024_0\0_71.jpg
1099182021_1099182023_0,1099182021,1099182023,0,0,10.3161807,123.8952816,251.30243189167288,data\road_images\1099182021_1099182023_0\0_251.jpg
1099182021_1099182014_0,1099182021,1099182014,0,0,10.315049014865636,123.89576993827369,200.35161517004167,data\road_images\1099182021_1099182014_0\0_200.jpg
1099182023_1099182021_0,1099182023,1099182021,0,0,10.3161807,123.8952816,71.3023996209705,data\road_images\1099182023_1099182021_0\0_71.jpg
1099182024_5836534012_0,1099182024,5836534012,0,0,10.31630345,123.89564949999999,71.45508815375211,data\road_images\1099182024_5836534012_0\0_71.jpg
1099182024_1099182021_0,1099182024,1099182021,0,0,10.316222799999998,123.89540675,250.6643644706578,data\road_images\1099182024_1099182021_0\0_251.jpg
1099182024_2126433826_0,1099182024,2126433826,0,0,10.31625745,123.8954327,338.34573481086403,data\road_images\1099182024_2126433826_0\0_338.jpg
1099182030_1099182033_0,1099182030,1099182033,0,0,10.31544795,123.89653915,66.82117483791558,data\road_images\1099182030_1099182033_0\0_67.jpg
1099182030_5867337160_0,1099182030,5867337160,0,0,10.314701526442523,123.89615288921122,180.54741645746228,data\road_images\1099182030_5867337160_0\0_181.jpg
1099182030_5836534012_0,1099182030,5836534012,0,0,10.315903694769792,123.89612888693068,335.28482166961413,data\road_images\1099182030_5836534012_0\0_335.jpg
1099182033_1099182034_0,1099182033,1099182034,0,0,10.31562445,123.89696860000001,67.80911303029114,data\road_images\1099182033_1099182034_0\0_68.jpg
1099182033_1099182030_0,1099182033,1099182030,0,0,10.31544795,123.89653915,246.82124952682375,data\road_images\1099182033_1099182030_0\0_247.jpg
1099182033_1099182049_0,1099182033,1099182049,0,0,10.316129416012267,123.89690030153331,65.3829851661256,data\road_images\1099182033_1099182049_0\0_65.jpg
1099182034_1099182033_0,1099182034,1099182033,0,0,10.31562445,123.89696860000001,247.80919214350024,data\road_images\1099182034_1099182033_0\0_248.jpg
1099182034_1099182055_0,1099182034,1099182055,0,0,10.31578372864208,123.89783886344145,123.47371920051523,data\road_images\1099182034_1099182055_0\0_123.jpg
1099182034_2787195106_0,1099182034,2787195106,0,0,10.315134077042249,123.89738191290449,143.4066635549641,data\road_images\1099182034_2787195106_0\0_143.jpg
1099182049_1099182033_0,1099182049,1099182033,0,0,10.316129416012267,123.89690030153331,245.38313417207797,data\road_images\1099182049_1099182033_0\0_245.jpg
1099182055_1099182034_0,1099182055,1099182034,0,0,10.31578372864208,123.89783886344145,303.4738798415476,data\road_images\1099182055_1099182034_0\0_303.jpg
1099182083_1099182088_0,1099182083,1099182088,0,0,10.317040419550827,123.89727633544057,344.5398335103539,data\road_images\1099182083_1099182088_0\0_345.jpg
1099182088_1099182096_0,1099182088,1099182096,0,0,10.3171782,123.89703865000001,252.534165625711,data\road_images\1099182088_1099182096_0\0_253.jpg
1099182088_1099182090_0,1099182088,1099182090,0,0,10.31759009351597,123.897176735964,351.11406249998663,data\road_images\1099182088_1099182090_0\0_351.jpg
1099182088_1099182083_0,1099182088,1099182083,0,0,10.317040419550827,123.89727633544057,164.53981393528738,data\road_images\1099182088_1099182083_0\0_165.jpg
1099182090_1099182466_0,1099182090,1099182466,0,0,10.31809431168454,123.89789926284008,78.11974119373843,data\road_images\1099182090_1099182466_0\0_78.jpg
1099182090_12947041938_0,1099182090,12947041938,0,0,10.317724770000872,123.89592215026596,260.0126304724864,data\road_images\1099182090_12947041938_0\0_260.jpg
1099182090_1099182088_0,1099182090,1099182088,0,0,10.31759009351597,123.897176735964,171.1140423686561,data\road_images\1099182090_1099182088_0\0_171.jpg
1099182096_1099182088_0,1099182096,1099182088,0,0,10.3171782,123.89703865000001,72.53410059545308,data\road_images\1099182096_1099182088_0\0_73.jpg
1099182182_1099182183_0,1099182182,1099182183,0,0,10.318319206009923,123.89330197628468,76.47048388200403,data\road_images\1099182182_1099182183_0\0_76.jpg
1099182182_960111235_0,1099182182,960111235,0,0,10.317706759653321,123.89306497184594,166.37987501690043,data\road_images\1099182182_960111235_0\0_166.jpg
1099182182_1099182249_0,1099182182,1099182249,0,0,10.318956865990518,123.8927715515677,349.6287036500426,data\road_images\1099182182_1099182249_0\0_350.jpg
1099182183_1099182182_0,1099182183,1099182182,0,0,10.318319206009923,123.89330197628468,256.4705901883276,data\road_images\1099182183_1099182182_0\0_256.jpg
1099182189_1332943590_0,1099182189,1332943590,0,0,10.3169112,123.89285699999999,160.21046080612302,data\road_images\1099182189_1332943590_0\0_160.jpg
1099182189_5140122543_0,1099182189,5140122543,0,0,10.318229187501725,123.89254164031688,345.16568589120254,data\road_images\1099182189_5140122543_0\0_345.jpg
1099182189_1099182202_0,1099182189,1099182202,0,0,10.316881076082547,123.89262922236219,251.90067090303745,data\road_images\1099182189_1099182202_0\0_252.jpg
1099182189_960111235_0,1099182189,960111235,0,0,10.317026174925742,123.89306624154828,70.97199458431368,data\road_images\1099182189_960111235_0\0_71.jpg
1099182202_5799338600_0,1099182202,5799338600,0,0,10.316771750000001,123.89243155,158.88735316937596,data\road_images\1099182202_5799338600_0\0_159.jpg
1099182202_960111220_0,1099182202,960111220,0,0,10.316735099999999,123.89219514999999,250.2498897362926,data\road_images\1099182202_960111220_0\0_250.jpg
1099182202_5799338559_0,1099182202,5799338559,0,0,10.317646079284408,123.8921139809482,320.86649402096646,data\road_images\1099182202_5799338559_0\0_321.jpg
1099182202_1099182189_0,1099182202,1099182189,0,0,10.316881076082547,123.89262922236219,71.90059437691883,data\road_images\1099182202_1099182189_0\0_72.jpg
1099182214_317003686_0,1099182214,317003686,0,0,10.318757231905161,123.89182562778343,351.74982521015676,data\road_images\1099182214_317003686_0\0_352.jpg
1099182214_317003682_0,1099182214,317003682,0,0,10.318477183439867,123.89156395283267,227.04964299466278,data\road_images\1099182214_317003682_0\0_227.jpg
1099182220_317003686_0,1099182220,317003686,0,0,10.319208494933442,123.89178671470552,168.69949307371076,data\road_images\1099182220_317003686_0\0_169.jpg
1099182229_8341533298_0,1099182229,8341533298,0,0,10.322073150000001,123.8906571,57.1149639832185,data\road_images\1099182229_8341533298_0\0_57.jpg
1099182229_322100258_0,1099182229,322100258,0,0,10.32275009088016,123.89051215060759,356.78934884454975,data\road_images\1099182229_322100258_0\0_357.jpg
1099182229_317003686_0,1099182229,317003686,0,0,10.320332674886652,123.89084908017487,160.58986719548,data\road_images\1099182229_317003686_0\0_161.jpg
1099182245_8341533298_0,1099182245,8341533298,0,0,10.322220459380315,123.89141809802375,261.4477479534674,data\road_images\1099182245_8341533298_0\0_261.jpg
1099182249_1099182312_0,1099182249,1099182312,0,0,10.31972985,123.89270305,342.7319964677265,data\road_images\1099182249_1099182312_0\0_343.jpg
1099182249_1099182250_0,1099182249,1099182250,0,0,10.319575,123.89295715,77.79809793176616,data\road_images\1099182249_1099182250_0\0_78.jpg
1099182249_1099182182_0,1099182249,1099182182,0,0,10.318956865990518,123.8927715515677,169.62866268367407,data\road_images\1099182249_1099182182_0\0_170.jpg
1099182250_1099182249_0,1099182250,1099182249,0,0,10.319575,123.89295715,257.79816681033003,data\road_images\1099182250_1099182249_0\0_258.jpg
1099182250_5871801450_0,1099182250,5871801450,0,0,10.319540262614206,123.89361185258174,95.7832980872139,data\road_images\1099182250_5871801450_0\0_96.jpg
1099182250_1104252729_0,1099182250,1104252729,0,0,10.319991797659322,123.8932259140791,4.503722821643748,data\road_images\1099182250_1104252729_0\0_5.jpg
1099182256_5871801460_0,1099182256,5871801460,0,0,10.31959598665276,123.89454844039435,102.90929337064563,data\road_images\1099182256_5871801460_0\0_103.jpg
1099182256_5871801450_0,1099182256,5871801450,0,0,10.319528318718845,123.8941746240152,266.20810395456704,data\road_images\1099182256_5871801450_0\0_266.jpg
1099182256_1104252757_0,1099182256,1104252757,0,0,10.319876219173674,123.89475255984118,58.08175562939232,data\road_images\1099182256_1104252757_0\0_58.jpg
1099182256_8317934461_0,1099182256,8317934461,0,0,10.319259570004643,123.89423899148764,184.06753410350697,data\road_images\1099182256_8317934461_0\0_184.jpg
1099182274_1099182276_0,1099182274,1099182276,0,0,10.321702250000001,123.89364649999999,57.25137308267119,data\road_images\1099182274_1099182276_0\0_57.jpg
1099182274_1099182298_0,1099182274,1099182298,0,0,10.32178125,123.89343215,335.7679276626654,data\road_images\1099182274_1099182298_0\0_336.jpg
1099182274_1104252729_0,1099182274,1104252729,0,0,10.321071361208686,123.89315824589669,193.38156145524363,data\road_images\1099182274_1104252729_0\0_193.jpg
1099182274_11405019059_0,1099182274,11405019059,0,0,10.321141339784306,123.8936318098637,172.7999703788803,data\road_images\1099182274_11405019059_0\0_173.jpg
1099182276_1099182274_0,1099182276,1099182274,0,0,10.321702250000001,123.89364649999999,237.25142260655673,data\road_images\1099182276_1099182274_0\0_237.jpg
1099182276_1099182276_0,1099182276,1099182276,0,0,10.32303363110626,123.89392440436451,0.0,data\road_images\1099182276_1099182276_0\0_0.jpg
1099182276_1099182276_1,1099182276,1099182276,1,0,10.32303363110626,123.89392440436451,0.0,data\road_images\1099182276_1099182276_1\0_0.jpg
1099182298_1099182274_0,1099182298,1099182274,0,0,10.32178125,123.89343215,155.76790037406784,data\road_images\1099182298_1099182274_0\0_156.jpg
1099182312_1099182249_0,1099182312,1099182249,0,0,10.31972985,123.89270305,162.73197430802168,data\road_images\1099182312_1099182249_0\0_163.jpg
1099182312_1099182316_0,1099182312,1099182316,0,0,10.320673340351798,123.892227395311,334.1320012421043,data\road_images\1099182312_1099182316_0\0_334.jpg
1099182312_1099182327_0,1099182312,1099182327,0,0,10.320445534691643,123.89267647579425,1.5939587590580118,data\road_images\1099182312_1099182327_0\0_2.jpg
1099182316_5799338564_0,1099182316,5799338564,0,0,10.32137075,123.8921627,100.40372258382729,data\road_images\1099182316_5799338564_0\0_100.jpg
1099182316_1099182320_0,1099182316,1099182320,0,0,10.321605655309352,123.8920565384951,37.29945861299524,data\road_images\1099182316_1099182320_0\0_37.jpg
1099182316_1099182312_0,1099182316,1099182312,0,0,10.320673340351798,123.892227395311,154.13186954367893,data\road_images\1099182316_1099182312_0\0_154.jpg
1099182320_1099182316_0,1099182320,1099182316,0,0,10.321605655309352,123.8920565384951,217.29951154067643,data\road_images\1099182320_1099182316_0\0_217.jpg
1099182327_1099182312_0,1099182327,1099182312,0,0,10.320445534691643,123.89267647579425,181.5939643128229,data\road_images\1099182327_1099182312_0\0_182.jpg
1099182378_4759260970_0,1099182378,4759260970,0,0,10.31798083328743,123.88953626298728,163.5265361634854,data\road_images\1099182378_4759260970_0\0_164.jpg
1099182378_5913050500_0,1099182378,5913050500,0,0,10.318827984184882,123.89035167430303,41.56859139507259,data\road_images\1099182378_5913050500_0\0_42.jpg
1099182378_5799338150_0,1099182378,5799338150,0,0,10.318739026428874,123.88958248163267,14.668324560149927,data\road_images\1099182378_5799338150_0\0_15.jpg
1099182418_10880476771_0,1099182418,10880476771,0,0,10.313333158635555,123.89952004863126,337.45941612970495,data\road_images\1099182418_10880476771_0\0_337.jpg
1099182418_456852919_0,1099182418,456852919,0,0,10.312821308720766,123.89950030685345,260.4466620162716,data\road_images\1099182418_456852919_0\0_260.jpg
1099182418_280332570_0,1099182418,280332570,0,0,10.312927799544758,123.90014815753123,86.1786644563661,data\road_images\1099182418_280332570_0\0_86.jpg
1099182423_8865044740_0,1099182423,8865044740,0,0,10.315495649999999,123.90150665,241.72328645068302,data\road_images\1099182423_8865044740_0\0_242.jpg
1099182423_8865044738_0,1099182423,8865044738,0,0,10.315564349999999,123.90149295,319.3425500258846,data\road_images\1099182423_8865044738_0\0_319.jpg
1099182423_280332598_0,1099182423,280332598,0,0,10.31540245,123.9015891,155.55532628007632,data\road_images\1099182423_280332598_0\0_156.jpg
1099182427_8865044740_0,1099182427,8865044740,0,0,10.315372204937713,123.90081654900439,87.35164191237612,data\road_images\1099182427_8865044740_0\0_87.jpg
1099182449_5815513272_0,1099182449,5815513272,0,0,10.316695124914244,123.89934820194883,150.07961764549282,data\road_images\1099182449_5815513272_0\0_150.jpg
1099182449_2126271267_0,1099182449,2126271267,0,0,10.317093806452183,123.89988580341345,76.77085074120254,data\road_images\1099182449_2126271267_0\0_77.jpg
1099182449_1099182452_0,1099182449,1099182452,0,0,10.3170125,123.89913825,317.30886962400643,data\road_images\1099182449_1099182452_0\0_317.jpg
1099182452_1099182449_0,1099182452,1099182449,0,0,10.3170125,123.89913825,137.30885534994695,data\road_images\1099182452_1099182449_0\0_137.jpg
1099182452_1099182485_0,1099182452,1099182485,0,0,10.31687895,123.89878535,240.2472585242428,data\road_images\1099182452_1099182485_0\0_240.jpg
1099182452_1099182456_0,1099182452,1099182456,0,0,10.317212999999999,123.8990556,345.0771748154676,data\road_images\1099182452_1099182456_0\0_345.jpg
1099182456_1099182452_0,1099182456,1099182452,0,0,10.317212999999999,123.8990556,165.07715948468046,data\road_images\1099182456_1099182452_0\0_165.jpg
1099182456_1099182481_0,1099182456,1099182481,0,0,10.317183400000001,123.89866205,241.4696200126462,data\road_images\1099182456_1099182481_0\0_241.jpg
1099182456_1099182461_0,1099182456,1099182461,0,0,10.3174999,123.8989477,333.5783182097711,data\road_images\1099182456_1099182461_0\0_334.jpg
1099182461_1099182456_0,1099182461,1099182456,0,0,10.3174999,123.8989477,153.5782948905994,data\road_images\1099182461_1099182456_0\0_154.jpg
1099182461_1099182478_0,1099182461,1099182478,0,0,10.3174499,123.89852139999999,243.27783968589176,data\road_images\1099182461_1099182478_0\0_243.jpg
1099182461_1099182466_0,1099182461,1099182466,0,0,10.317931456240684,123.89872899865182,343.19845748384455,data\road_images\1099182461_1099182466_0\0_343.jpg
1099182466_1099182461_0,1099182466,1099182461,0,0,10.317931456240684,123.89872899865182,163.19842232447627,data\road_images\1099182466_1099182461_0\0_163.jpg
1099182466_1099182507_0,1099182466,1099182507,0,0,10.318339368888548,123.89898829555966,76.56947719075112,data\road_images\1099182466_1099182507_0\0_77.jpg
1099182466_1099182090_0,1099182466,1099182090,0,0,10.31809431168454,123.89789926284008,258.12002392383584,data\road_images\1099182466_1099182090_0\0_258.jpg
1099182478_1099182461_0,1099182478,1099182461,0,0,10.3174499,123.89852139999999,63.27771030263273,data\road_images\1099182478_1099182461_0\0_63.jpg
1099182478_1099182481_0,1099182478,1099182481,0,0,10.3171334,123.89823575,151.62305140200021,data\road_images\1099182478_1099182481_0\0_152.jpg
1099182478_5815513280_0,1099182478,5815513280,0,0,10.317136417167998,123.89788831668443,243.23443598699603,data\road_images\1099182478_5815513280_0\0_243.jpg
1099182481_1099182484_0,1099182481,1099182484,0,0,10.31686215,123.89804575,242.90731294039188,data\road_images\1099182481_1099182484_0\0_243.jpg
1099182481_1099182456_0,1099182481,1099182456,0,0,10.317183400000001,123.89866205,61.4694943758044,data\road_images\1099182481_1099182456_0\0_61.jpg
1099182481_1099182478_0,1099182481,1099182478,0,0,10.3171334,123.89823575,331.62307846360073,data\road_images\1099182481_1099182478_0\0_332.jpg
1099182481_1099182485_0,1099182481,1099182485,0,0,10.31684935,123.8983918,151.59596257928877,data\road_images\1099182481_1099182485_0\0_152.jpg
1099182484_1099182481_0,1099182484,1099182481,0,0,10.31686215,123.89804575,62.90721782469916,data\road_images\1099182484_1099182481_0\0_63.jpg
1099182485_1099182452_0,1099182485,1099182452,0,0,10.31687895,123.89878535,60.24714639471756,data\road_images\1099182485_1099182452_0\0_60.jpg
1099182485_1099182481_0,1099182485,1099182481,0,0,10.31684935,123.8983918,331.59599141292625,data\road_images\1099182485_1099182481_0\0_332.jpg
1099182485_2796375027_0,1099182485,2796375027,0,0,10.31656717815461,123.89820293380149,243.05963410789113,data\road_images\1099182485_2796375027_0\0_243.jpg
1099182500_2787250589_0,1099182500,2787250589,0,0,10.317702950000001,123.89967525,253.91599998596735,data\road_images\1099182500_2787250589_0\0_254.jpg
1099182500_281440732_0,1099182500,281440732,0,0,10.3177099,123.9003763,152.3153426669694,data\road_images\1099182500_281440732_0\0_152.jpg
1099182500_280324156_0,1099182500,280324156,0,0,10.318222759838042,123.90011079515338,333.81660472182216,data\road_images\1099182500_280324156_0\0_334.jpg
1099182507_280324156_0,1099182507,280324156,0,0,10.318496547600201,123.8996138917111,75.82863795459332,data\road_images\1099182507_280324156_0\0_76.jpg
1099182507_1099182466_0,1099182507,1099182466,0,0,10.318339368888548,123.89898829555966,256.56958537749773,data\road_images\1099182507_1099182466_0\0_257.jpg
1099182507_1099182510_0,1099182507,1099182510,0,0,10.319047587702586,123.8990937475443,342.747139058797,data\road_images\1099182507_1099182510_0\0_343.jpg
1099182510_1099182507_0,1099182510,1099182507,0,0,10.319047587702586,123.8990937475443,162.74706713840817,data\road_images\1099182510_1099182507_0\0_163.jpg
1099182510_1099182514_0,1099182510,1099182514,0,0,10.31963948099902,123.89876733709602,246.47600562051747,data\road_images\1099182510_1099182514_0\0_246.jpg
1099182510_316824560_0,1099182510,316824560,0,0,10.319795841131285,123.89909636189452,61.81867708322545,data\road_images\1099182510_316824560_0\0_62.jpg
1099182514_1099182510_0,1099182514,1099182510,0,0,10.31963948099902,123.89876733709602,66.47596328992148,data\road_images\1099182514_1099182510_0\0_66.jpg
1099182523_8314658216_0,1099182523,8314658216,0,0,10.319194932488314,123.89537813809585,58.774802764737956,data\road_images\1099182523_8314658216_0\0_59.jpg
1099182523_12947041938_0,1099182523,12947041938,0,0,10.318066226233178,123.89505795090366,188.07330104814218,data\road_images\1099182523_12947041938_0\0_188.jpg
1099182523_1099182531_0,1099182523,1099182531,0,0,10.318591112283928,123.89442804407587,218.6441391616854,data\road_images\1099182523_1099182531_0\0_219.jpg
1099182531_1099182523_0,1099182531,1099182523,0,0,10.318591112283928,123.89442804407587,38.644059346270296,data\road_images\1099182531_1099182523_0\0_39.jpg
1101215283_5359783321_0,1101215283,5359783321,0,0,10.3084196,123.9042719,83.92051651006813,data\road_images\1101215283_5359783321_0\0_84.jpg
1101215283_324580145_0,1101215283,324580145,0,0,10.308348850000002,123.90360085,263.8592432734245,data\road_images\1101215283_324580145_0\0_264.jpg
1101215283_1101215347_0,1101215283,1101215347,0,0,10.309311434491846,123.90390169529663,353.9400000425315,data\road_images\1101215283_1101215347_0\0_354.jpg
1101215316_5359783321_0,1101215316,5359783321,0,0,10.308715258067526,123.90552080426761,275.3679576879757,data\road_images\1101215316_5359783321_0\0_275.jpg
1101215316_960098117_0,1101215316,960098117,0,0,10.307553125067367,123.90609265009715,219.04899873100308,data\road_images\1101215316_960098117_0\0_219.jpg
1101215316_666178195_0,1101215316,666178195,0,0,10.308407858665568,123.90682253976567,39.79811970635848,data\road_images\1101215316_666178195_0\0_40.jpg
1101215347_666178190_0,1101215347,666178190,0,0,10.310431934709955,123.90387249736784,17.61995420292152,data\road_images\1101215347_666178190_0\0_18.jpg
1101215347_324580145_0,1101215347,324580145,0,0,10.309281522480923,123.90346335255693,197.38131812385166,data\road_images\1101215347_324580145_0\0_197.jpg
1101215347_1101215283_0,1101215347,1101215283,0,0,10.309311434491846,123.90390169529663,173.939964500658,data\road_images\1101215347_1101215283_0\0_174.jpg
1101215444_5815607639_0,1101215444,5815607639,0,0,10.3143901,123.9039973,337.9597620447291,data\road_images\1101215444_5815607639_0\0_338.jpg
1101215444_648756010_0,1101215444,648756010,0,0,10.313967949999999,123.9041765,153.14965938499938,data\road_images\1101215444_648756010_0\0_153.jpg
1101215444_648756006_0,1101215444,648756006,0,0,10.31393320976062,123.9039245080615,246.78518295171443,data\road_images\1101215444_648756006_0\0_247.jpg
1101215444_1684158493_0,1101215444,1684158493,0,0,10.314522039809528,123.90508480561131,41.84569614112223,data\road_images\1101215444_1684158493_0\0_42.jpg
1101215458_1101215578_0,1101215458,1101215578,0,0,10.3120513,123.904567,156.18882531968586,data\road_images\1101215458_1101215578_0\0_156.jpg
1101215458_1101215502_0,1101215458,1101215502,0,0,10.3127634,123.90448485,66.10493558450236,data\road_images\1101215458_1101215502_0\0_66.jpg
1101215458_648756009_0,1101215458,648756009,0,0,10.313200125575559,123.90402668744585,333.5262219753149,data\road_images\1101215458_648756009_0\0_334.jpg
1101215502_1101215458_0,1101215502,1101215458,0,0,10.3127634,123.90448485,246.105006638136,data\road_images\1101215502_1101215458_0\0_246.jpg
1101215502_648757168_0,1101215502,648757168,0,0,10.31241478707095,123.90487587079673,156.4665366441767,data\road_images\1101215502_648757168_0\0_156.jpg
1101215502_648756010_0,1101215502,648756010,0,0,10.313382284203522,123.90444356490325,336.1090369785943,data\road_images\1101215502_648756010_0\0_336.jpg
1101215569_1101215578_0,1101215569,1101215578,0,0,10.310721658315392,123.904989220771,348.79727059496884,data\road_images\1101215569_1101215578_0\0_349.jpg
1101215569_280324097_0,1101215569,280324097,0,0,10.310306629116132,123.90464405716291,300.4429385826016,data\road_images\1101215569_280324097_0\0_300.jpg
1101215569_2201548378_0,1101215569,2201548378,0,0,10.309495011492789,123.90602626961088,121.13770824203073,data\road_images\1101215569_2201548378_0\0_121.jpg
1101215578_1101215458_0,1101215578,1101215458,0,0,10.3120513,123.904567,336.1889257796411,data\road_images\1101215578_1101215458_0\0_336.jpg
1101215578_648757169_0,1101215578,648757169,0,0,10.31150835,123.90504684999999,67.13894743518551,data\road_images\1101215578_648757169_0\0_67.jpg
1101215578_1101215569_0,1101215578,1101215569,0,0,10.310721658315392,123.904989220771,168.79721983445233,data\road_images\1101215578_1101215569_0\0_169.jpg
1101216176_666178206_0,1101216176,666178206,0,0,10.3084400387576,123.90773583840976,301.7954536130991,data\road_images\1101216176_666178206_0\0_302.jpg
1101216176_1101216192_0,1101216176,1101216192,0,0,10.308613480317913,123.9086451408095,55.34618850620387,data\road_images\1101216176_1101216192_0\0_55.jpg
1101216176_280324090_0,1101216176,280324090,0,0,10.307665846933501,123.90901829579889,121.53707518561146,data\road_images\1101216176_280324090_0\0_122.jpg
1101216192_1101216176_0,1101216192,1101216176,0,0,10.308613480317913,123.9086451408095,235.34635614432813,data\road_images\1101216192_1101216176_0\0_235.jpg
1101216195_8316065446_0,1101216195,8316065446,0,0,10.307420685407692,123.90838559536128,207.20253750590655,data\road_images\1101216195_8316065446_0\0_207.jpg
1101216195_5770391697_0,1101216195,5770391697,0,0,10.30761148143748,123.90893623876102,121.60609593719789,data\road_images\1101216195_5770391697_0\0_122.jpg
1101216195_666178197_0,1101216195,666178197,0,0,10.30818439733394,123.90799298874894,302.0180279260545,data\road_images\1101216195_666178197_0\0_302.jpg
1101216206_8316065446_0,1101216206,8316065446,0,0,10.3069267,123.90812975,26.99970560634199,data\road_images\1101216206_8316065446_0\0_27.jpg
1101216245_1101216247_0,1101216245,1101216247,0,0,10.317710949739585,123.90206219263364,333.85489617504527,data\road_images\1101216245_1101216247_0\0_334.jpg
1101216245_456852871_0,1101216245,456852871,0,0,10.316822946016007,123.90215858722961,202.14028839800133,data\road_images\1101216245_456852871_0\0_202.jpg
1101216245_648112573_0,1101216245,648112573,0,0,10.317432640958868,123.90243536943004,24.603768086503806,data\road_images\1101216245_648112573_0\0_25.jpg
1101216247_1101216255_0,1101216247,1101216255,0,0,10.3187112,123.90155585,332.854659853769,data\road_images\1101216247_1101216255_0\0_333.jpg
1101216247_281440730_0,1101216247,281440730,0,0,10.318377550000001,123.90208394999999,61.885910320373455,data\road_images\1101216247_281440730_0\0_62.jpg
1101216247_1101216245_0,1101216247,1101216245,0,0,10.317710949739585,123.90206219263364,153.85480339796663,data\road_images\1101216247_1101216245_0\0_154.jpg
1101216247_1101216290_0,1101216247,1101216290,0,0,10.318084599999999,123.9015286,241.7156977944001,data\road_images\1101216247_1101216290_0\0_242.jpg
1101216255_281440726_0,1101216255,281440726,0,0,10.3193376,123.90159650000001,62.86066474504992,data\road_images\1101216255_281440726_0\0_63.jpg
1101216255_1101216292_0,1101216255,1101216292,0,0,10.31905225,123.9010023,245.0765912386198,data\road_images\1101216255_1101216292_0\0_245.jpg
1101216255_1101216258_0,1101216255,1101216258,0,0,10.31987285,123.90095310000001,333.02846036717943,data\road_images\1101216255_1101216258_0\0_333.jpg
1101216255_1101216247_0,1101216255,1101216247,0,0,10.3187112,123.90155585,152.8545702740911,data\road_images\1101216255_1101216247_0\0_153.jpg
1101216258_1101216259_0,1101216258,1101216259,0,0,10.32075115,123.9004972,332.6689730037595,data\road_images\1101216258_1101216259_0\0_333.jpg
1101216258_1101216305_0,1101216258,1101216305,0,0,10.3204124,123.9003193,242.77195086872445,data\road_images\1101216258_1101216305_0\0_243.jpg
1101216258_470965743_0,1101216258,470965743,0,0,10.320694,123.9008867,63.685055187725936,data\road_images\1101216258_470965743_0\0_64.jpg
1101216258_1101216255_0,1101216258,1101216255,0,0,10.31987285,123.90095310000001,153.02833399939698,data\road_images\1101216258_1101216255_0\0_153.jpg
1101216259_1101216317_0,1101216259,1101216317,0,0,10.32081135,123.9001126,243.79598353820757,data\road_images\1101216259_1101216317_0\0_244.jpg
1101216259_1101216330_0,1101216259,1101216330,0,0,10.32109445,123.90068395,62.760697760788446,data\road_images\1101216259_1101216330_0\0_63.jpg
1101216259_1101216258_0,1101216259,1101216258,0,0,10.32075115,123.9004972,152.66893602548112,data\road_images\1101216259_1101216258_0\0_153.jpg
1101216290_1101216247_0,1101216290,1101216247,0,0,10.318084599999999,123.9015286,61.7155984584266,data\road_images\1101216290_1101216247_0\0_62.jpg
1101216290_456852871_0,1101216290,456852871,0,0,10.31718893958439,123.90162873415143,153.32400826395656,data\road_images\1101216290_456852871_0\0_153.jpg
1101216290_281440732_0,1101216290,281440732,0,0,10.3177405,123.90085825,242.96838451241214,data\road_images\1101216290_281440732_0\0_243.jpg
1101216290_1101216292_0,1101216290,1101216292,0,0,10.31842565,123.90097505,330.87777057179113,data\road_images\1101216290_1101216292_0\0_331.jpg
1101216292_1101216255_0,1101216292,1101216255,0,0,10.31905225,123.9010023,65.07648250713856,data\road_images\1101216292_1101216255_0\0_65.jpg
1101216292_1101216290_0,1101216292,1101216290,0,0,10.31842565,123.90097505,150.8776716087997,data\road_images\1101216292_1101216290_0\0_151.jpg
1101216292_280324156_0,1101216292,280324156,0,0,10.318737207195994,123.90032146666398,245.39924282408174,data\road_images\1101216292_280324156_0\0_245.jpg
1101216292_1101216305_0,1101216292,1101216305,0,0,10.319591800000001,123.9003685,334.40211279897886,data\road_images\1101216292_1101216305_0\0_334.jpg
1101216305_1101216292_0,1101216305,1101216292,0,0,10.319591800000001,123.9003685,154.4019944599961,data\road_images\1101216305_1101216292_0\0_154.jpg
1101216305_316824560_0,1101216305,316824560,0,0,10.3200865,123.89967285,242.942333123374,data\road_images\1101216305_316824560_0\0_243.jpg
1101216305_1101216317_0,1101216305,1101216317,0,0,10.3204726,123.89993469999999,333.3048529155307,data\road_images\1101216305_1101216317_0\0_333.jpg
1101216305_1101216258_0,1101216305,1101216258,0,0,10.3204124,123.9003193,62.77185014900044,data\road_images\1101216305_1101216258_0\0_63.jpg
1101216317_1101216259_0,1101216317,1101216259,0,0,10.32081135,123.9001126,63.795882707183864,data\road_images\1101216317_1101216259_0\0_64.jpg
1101216317_1101216305_0,1101216317,1101216305,0,0,10.3204726,123.89993469999999,153.3048158308069,data\road_images\1101216317_1101216305_0\0_153.jpg
1101216317_1101216319_0,1101216317,1101216319,0,0,10.320791677872538,123.89977016751081,333.42133590574764,data\road_images\1101216317_1101216319_0\0_333.jpg
1101216319_1101216317_0,1101216319,1101216317,0,0,10.320791677872538,123.89977016751081,153.42131453207412,data\road_images\1101216319_1101216317_0\0_153.jpg
1101216330_1101216259_0,1101216330,1101216259,0,0,10.32109445,123.90068395,242.76080165828697,data\road_images\1101216330_1101216259_0\0_243.jpg
1101216330_2126359433_0,1101216330,2126359433,0,0,10.32157729956984,123.90003168819577,275.5328445865068,data\road_images\1101216330_2126359433_0\0_276.jpg
1101216330_470965743_0,1101216330,470965743,0,0,10.3210373,123.90107345,154.35459068896398,data\road_images\1101216330_470965743_0\0_154.jpg
1101216345_1101216347_0,1101216345,1101216347,0,0,10.32126915,123.9020021,62.672979703534565,data\road_images\1101216345_1101216347_0\0_63.jpg
1101216345_470965743_0,1101216345,470965743,0,0,10.320976850000001,123.90144125,241.45667410180454,data\road_images\1101216345_470965743_0\0_241.jpg
1101216345_282920167_0,1101216345,282920167,0,0,10.32044295,123.9020649,152.7004686881843,data\road_images\1101216345_282920167_0\0_153.jpg
1101216347_1101216345_0,1101216347,1101216345,0,0,10.32126915,123.9020021,242.67308455230994,data\road_images\1101216347_1101216345_0\0_243.jpg
1101216347_1105801869_0,1101216347,1105801869,0,0,10.32147035,123.90226555000001,331.3313157112348,data\road_images\1101216347_1105801869_0\0_331.jpg
1101216347_1101216373_0,1101216347,1101216373,0,0,10.320743,123.90265445,152.32663509184204,data\road_images\1101216347_1101216373_0\0_152.jpg
1101216358_470965749_0,1101216358,470965749,0,0,10.319317717102276,123.90327388751815,189.8998847415336,data\road_images\1101216358_470965749_0\0_190.jpg
1101216358_1101216373_0,1101216358,1101216373,0,0,10.3197586,123.90316005,335.1266071707714,data\road_images\1101216358_1101216373_0\0_335.jpg
1101216358_6351694901_0,1101216358,6351694901,0,0,10.319943102206805,123.90353400191205,24.684867360764656,data\road_images\1101216358_6351694901_0\0_25.jpg
1101216373_282920167_0,1101216373,282920167,0,0,10.319916800000001,123.90271725,242.62080243539378,data\road_images\1101216373_282920167_0\0_243.jpg
1101216373_1101216358_0,1101216373,1101216358,0,0,10.3197586,123.90316005,155.1265549152049,data\road_images\1101216373_1101216358_0\0_155.jpg
1101216373_6351694901_0,1101216373,6351694901,0,0,10.320264891023339,123.90338487352153,63.63119955830115,data\road_images\1101216373_6351694901_0\0_64.jpg
1101216373_1101216347_0,1101216373,1101216347,0,0,10.320743,123.90265445,332.32676399633,data\road_images\1101216373_1101216347_0\0_332.jpg
1101216376_1101216378_0,1101216376,1101216378,0,0,10.3234594,123.9011898,335.6379579539577,data\road_images\1101216376_1101216378_0\0_336.jpg
1101216376_12679316134_0,1101216376,12679316134,0,0,10.3227449,123.90153635,153.56462189898514,data\road_images\1101216376_12679316134_0\0_154.jpg
1101216376_1101216394_0,1101216376,1101216394,0,0,10.323089249999999,123.9009102,263.50194112132436,data\road_images\1101216376_1101216394_0\0_264.jpg
1101216376_1101216409_0,1101216376,1101216409,0,0,10.323090212634208,123.90172262051237,113.8432294475333,data\road_images\1101216376_1101216409_0\0_114.jpg
1101216378_1101216388_0,1101216378,1101216388,0,0,10.3238557,123.90100835000001,336.24447527496363,data\road_images\1101216378_1101216388_0\0_336.jpg
1101216378_1101216376_0,1101216378,1101216376,0,0,10.3234594,123.9011898,155.6379048017618,data\road_images\1101216378_1101216376_0\0_156.jpg
1101216378_1101216419_0,1101216378,1101216419,0,0,10.32384235,123.90116185,62.83833189606912,data\road_images\1101216378_1101216419_0\0_63.jpg
1101216388_1101216390_0,1101216388,1101216390,0,0,10.32416325,123.90087085,336.26234321597826,data\road_images\1101216388_1101216390_0\0_336.jpg
1101216388_1101216378_0,1101216388,1101216378,0,0,10.3238557,123.90100835000001,156.24446339314852,data\road_images\1101216388_1101216378_0\0_156.jpg
1101216388_1101216415_0,1101216388,1101216415,0,0,10.32372215,123.9005329,244.4894530528495,data\road_images\1101216388_1101216415_0\0_244.jpg
1101216390_1102906715_0,1101216390,1102906715,0,0,10.324592249999998,123.9006618,332.22228509397036,data\road_images\1101216390_1102906715_0\0_332.jpg
1101216390_1101216388_0,1101216390,1101216388,0,0,10.32416325,123.90087085,156.26230581336245,data\road_images\1101216390_1101216388_0\0_156.jpg
1101216390_8314482192_0,1101216390,8314482192,0,0,10.32453445,123.90106349999999,64.75897279594523,data\road_images\1101216390_8314482192_0\0_65.jpg
1101216394_1101216376_0,1101216394,1101216376,0,0,10.323089249999999,123.9009102,83.50178776315465,data\road_images\1101216394_1101216376_0\0_84.jpg
1101216409_1101216376_0,1101216409,1101216376,0,0,10.323090212634208,123.90172262051237,293.84335271706976,data\road_images\1101216409_1101216376_0\0_294.jpg
1101216415_1101216388_0,1101216415,1101216388,0,0,10.32372215,123.9005329,64.48929452398357,data\road_images\1101216415_1101216388_0\0_64.jpg
1101216419_1101216378_0,1101216419,1101216378,0,0,10.32384235,123.90116185,242.838375032486,data\road_images\1101216419_1101216378_0\0_243.jpg
1101216425_8314482192_0,1101216425,8314482192,0,0,10.324757550000001,123.9015445,244.75647121769077,data\road_images\1101216425_8314482192_0\0_245.jpg
1101216425_1101216434_0,1101216425,1101216434,0,0,10.324538650000001,123.90222320000001,122.01111426838253,data\road_images\1101216425_1101216434_0\0_122.jpg
1101216425_11741007175_0,1101216425,11741007175,0,0,10.32524339664589,123.90183851221244,15.120712484965452,data\road_images\1101216425_11741007175_0\0_15.jpg
1101216434_1101216455_0,1101216434,1101216455,0,0,10.3240201,123.90259664999999,209.10188162665517,data\road_images\1101216434_1101216455_0\0_209.jpg
1101216434_1101216425_0,1101216434,1101216425,0,0,10.324538650000001,123.90222320000001,302.01129159221006,data\road_images\1101216434_1101216425_0\0_302.jpg
1101216434_1101216437_0,1101216434,1101216437,0,0,10.324013230234165,123.90307914751926,121.99604427278632,data\road_images\1101216434_1101216437_0\0_122.jpg
1101216434_1101216487_0,1101216434,1101216487,0,0,10.324463801850545,123.90284034653374,27.70578719379148,data\road_images\1101216434_1101216487_0\0_28.jpg
1101216437_1101216434_0,1101216437,1101216434,0,0,10.324013230234165,123.90307914751926,301.9961736118231,data\road_images\1101216437_1101216434_0\0_302.jpg
1101216442_1101216444_0,1101216442,1101216444,0,0,10.32338125,123.90423415000001,297.51831166431907,data\road_images\1101216442_1101216444_0\0_298.jpg
1101216444_1101216442_0,1101216444,1101216442,0,0,10.32338125,123.90423415000001,117.51822519854198,data\road_images\1101216444_1101216442_0\0_118.jpg
1101216444_12069069010_0,1101216444,12069069010,0,0,10.323609900000001,123.9037761,296.2104551573939,data\road_images\1101216444_12069069010_0\0_296.jpg
1101216444_1101216460_0,1101216444,1101216460,0,0,10.323285049999999,123.90388200000001,206.3938085998723,data\road_images\1101216444_1101216460_0\0_206.jpg
1101216455_8585656113_0,1101216455,8585656113,0,0,10.32404445,123.9020718,301.00737326514854,data\road_images\1101216455_8585656113_0\0_301.jpg
1101216455_1101216434_0,1101216455,1101216434,0,0,10.3240201,123.90259664999999,29.101838167121684,data\road_images\1101216455_1101216434_0\0_29.jpg
1101216455_1101216472_0,1101216455,1101216472,0,0,10.323564000000001,123.90235340000001,206.39896307911644,data\road_images\1101216455_1101216472_0\0_206.jpg
1101216455_1101216460_0,1101216455,1101216460,0,0,10.323394077586718,123.90309953267811,120.15596051124373,data\road_images\1101216455_1101216460_0\0_120.jpg
1101216460_1101216462_0,1101216460,1101216462,0,0,10.3229752,123.9039646,115.30329173417891,data\road_images\1101216460_1101216462_0\0_115.jpg
1101216460_1101216444_0,1101216460,1101216444,0,0,10.323285049999999,123.90388200000001,26.39376885286805,data\road_images\1101216460_1101216444_0\0_26.jpg
1101216460_1101216455_0,1101216460,1101216455,0,0,10.323394077586718,123.90309953267811,300.1561927067002,data\road_images\1101216460_1101216455_0\0_300.jpg
1101216460_1101216472_0,1101216460,1101216472,0,0,10.322998571067734,123.90297311749782,279.62936153394793,data\road_images\1101216460_1101216472_0\0_280.jpg
1101216462_1101216460_0,1101216462,1101216460,0,0,10.3229752,123.9039646,295.30336108321296,data\road_images\1101216462_1101216460_0\0_295.jpg
1101216469_1101216472_0,1101216469,1101216472,0,0,10.32352485,123.90189810000001,121.71664895953734,data\road_images\1101216469_1101216472_0\0_122.jpg
1101216472_1101216469_0,1101216472,1101216469,0,0,10.32352485,123.90189810000001,301.7167684183661,data\road_images\1101216472_1101216469_0\0_302.jpg
1101216472_1101216455_0,1101216472,1101216455,0,0,10.323564000000001,123.90235340000001,26.398919352684572,data\road_images\1101216472_1101216455_0\0_26.jpg
1101216472_1101216460_0,1101216472,1101216460,0,0,10.322998571067734,123.90297311749782,99.62908561896154,data\road_images\1101216472_1101216460_0\0_100.jpg
1101216487_1101216489_0,1101216487,1101216489,0,0,10.3249174,123.9030874,28.667812445647996,data\road_images\1101216487_1101216489_0\0_29.jpg
1101216487_1101216511_0,1101216487,1101216511,0,0,10.324558249999999,123.9031888,121.25567807628642,data\road_images\1101216487_1101216511_0\0_121.jpg
1101216487_1101216434_0,1101216487,1101216434,0,0,10.324463801850545,123.90284034653374,207.7058310853657,data\road_images\1101216487_1101216434_0\0_208.jpg
1101216487_1101216509_0,1101216487,1101216509,0,0,10.324945204740878,123.90256658550086,302.42278175555356,data\road_images\1101216487_1101216509_0\0_302.jpg
1101216489_1101216491_0,1101216489,1101216491,0,0,10.32536715,123.90333455,28.126244783327138,data\road_images\1101216489_1101216491_0\0_28.jpg
1101216489_1101216487_0,1101216489,1101216487,0,0,10.3249174,123.9030874,208.6678571097816,data\road_images\1101216489_1101216487_0\0_209.jpg
1101216489_1101216516_0,1101216489,1101216516,0,0,10.324953449999999,123.90351435,122.31471618082378,data\road_images\1101216489_1101216516_0\0_122.jpg
1101216489_1101216515_0,1101216489,1101216515,0,0,10.32550125,123.9026359,302.39769982969267,data\road_images\1101216489_1101216515_0\0_302.jpg
1101216491_1101216498_0,1101216491,1101216498,0,0,10.325765350000001,123.9035457,26.787633098596302,data\road_images\1101216491_1101216498_0\0_27.jpg
1101216491_1101216489_0,1101216491,1101216489,0,0,10.32536715,123.90333455,208.12628871451756,data\road_images\1101216491_1101216489_0\0_208.jpg
1101216491_5827165285_0,1101216491,5827165285,0,0,10.3255261,123.90356495,122.11604521848722,data\road_images\1101216491_5827165285_0\0_122.jpg
1101216491_5827165287_0,1101216491,5827165287,0,0,10.3256476,123.9033703,302.7369919891542,data\road_images\1101216491_5827165287_0\0_303.jpg
1101216498_1101216491_0,1101216498,1101216491,0,0,10.325765350000001,123.9035457,206.78766486088702,data\road_images\1101216498_1101216491_0\0_207.jpg
1101216509_1101216487_0,1101216509,1101216487,0,0,10.324945204740878,123.90256658550086,122.42263903426931,data\road_images\1101216509_1101216487_0\0_122.jpg
1101216511_1101216487_0,1101216511,1101216487,0,0,10.324558249999999,123.9031888,301.255759085567,data\road_images\1101216511_1101216487_0\0_301.jpg
1101216515_1101216489_0,1101216515,1101216489,0,0,10.32550125,123.9026359,122.39749330922223,data\road_images\1101216515_1101216489_0\0_122.jpg
1101216516_1101216489_0,1101216516,1101216489,0,0,10.324953449999999,123.90351435,302.3148245616414,data\road_images\1101216516_1101216489_0\0_302.jpg
1101216530_5827165287_0,1101216530,5827165287,0,0,10.326042436307354,123.9027264835823,121.25126982175897,data\road_images\1101216530_5827165287_0\0_121.jpg
1101216534_5827165285_0,1101216534,5827165285,0,0,10.32533415,123.90387575,302.12090922369885,data\road_images\1101216534_5827165285_0\0_302.jpg
1102906715_5815513346_0,1102906715,5815513346,0,0,10.3250085,123.9004307,330.6009816246599,data\road_images\1102906715_5815513346_0\0_331.jpg
1102906715_1101216390_0,1102906715,1101216390,0,0,10.324592249999998,123.9006618,152.2222475644278,data\road_images\1102906715_1101216390_0\0_152.jpg
1102906715_1102906717_0,1102906715,1102906717,0,0,10.324560049999999,123.90024595,233.35048221118123,data\road_images\1102906715_1102906717_0\0_233.jpg
1102906717_1102906715_0,1102906717,1102906715,0,0,10.324560049999999,123.90024595,53.3503706800912,data\road_images\1102906717_1102906715_0\0_53.jpg
1102906723_5815513346_0,1102906723,5815513346,0,0,10.325363373224832,123.90021152484675,138.48406107779556,data\road_images\1102906723_5815513346_0\0_138.jpg
1102906723_8374897641_0,1102906723,8374897641,0,0,10.325528505402946,123.90077782479642,77.44913040443276,data\road_images\1102906723_8374897641_0\0_77.jpg
1102906723_316824559_0,1102906723,316824559,0,0,10.325444842255708,123.89909451875184,266.78420453700926,data\road_images\1102906723_316824559_0\0_267.jpg
1102906875_444383152_0,1102906875,444383152,0,0,10.321930049999999,123.91061725,239.2107871979272,data\road_images\1102906875_444383152_0\0_239.jpg
1102906875_5825380285_0,1102906875,5825380285,0,0,10.322885146110739,123.91063928075957,329.8484406830904,data\road_images\1102906875_5825380285_0\0_330.jpg
1104252706_5871250839_0,1104252706,5871250839,0,0,10.321420752748445,123.8961235362219,268.38967573530005,data\road_images\1104252706_5871250839_0\0_268.jpg
1104252711_5871250840_0,1104252711,5871250840,0,0,10.322023625313399,123.89623429215544,260.3054554892873,data\road_images\1104252711_5871250840_0\0_260.jpg
1104252713_8314578403_0,1104252713,8314578403,0,0,10.321922,123.89518964999999,264.4621942833519,data\road_images\1104252713_8314578403_0\0_264.jpg
1104252713_1104252733_0,1104252713,1104252733,0,0,10.3216575,123.89542965000001,176.91739141538255,data\road_images\1104252713_1104252733_0\0_177.jpg
1104252713_5871250840_0,1104252713,5871250840,0,0,10.321963971269525,123.89562897521144,84.62659658112,data\road_images\1104252713_5871250840_0\0_85.jpg
1104252715_8314578403_0,1104252715,8314578403,0,0,10.321878850000001,123.89474315,84.31674895316627,data\road_images\1104252715_8314578403_0\0_84.jpg
1104252715_1104252717_0,1104252715,1104252717,0,0,10.321568599999999,123.8945117,181.8164742152456,data\road_images\1104252715_1104252717_0\0_182.jpg
1104252715_1104252716_0,1104252715,1104252716,0,0,10.32213775,123.89451595,358.98581532615646,data\road_images\1104252715_1104252716_0\0_359.jpg
1104252716_1104252715_0,1104252716,1104252715,0,0,10.32213775,123.89451595,178.98581351641292,data\road_images\1104252716_1104252715_0\0_179.jpg
1104252717_1104252715_0,1104252717,1104252715,0,0,10.321568599999999,123.8945117,1.8164708826320748,data\road_images\1104252717_1104252715_0\0_2.jpg
1104252717_1104252728_0,1104252717,1104252728,0,0,10.320534258215636,123.89437435615702,223.52812313699363,data\road_images\1104252717_1104252728_0\0_224.jpg
1104252717_1104252733_0,1104252717,1104252733,0,0,10.321321139749772,123.89497430884032,84.36664528550136,data\road_images\1104252717_1104252733_0\0_84.jpg
1104252728_11405019058_0,1104252728,11405019058,0,0,10.3203535,123.89355665,275.3185102416447,data\road_images\1104252728_11405019058_0\0_275.jpg
1104252728_5871801450_0,1104252728,5871801450,0,0,10.319936250000001,123.89384115,150.49247158219987,data\road_images\1104252728_5871801450_0\0_150.jpg
1104252728_1104252717_0,1104252728,1104252717,0,0,10.320534258215636,123.89437435615702,43.52796210836294,data\road_images\1104252728_1104252717_0\0_44.jpg
1104252729_11405019058_0,1104252729,11405019058,0,0,10.32037155,123.89336035,95.34612024553417,data\road_images\1104252729_11405019058_0\0_95.jpg
1104252729_1099182274_0,1104252729,1099182274,0,0,10.321071361208686,123.89315824589669,13.381508190152203,data\road_images\1104252729_1099182274_0\0_13.jpg
1104252729_1099182250_0,1104252729,1099182250,0,0,10.319991797659322,123.8932259140791,184.5037338570172,data\road_images\1104252729_1099182250_0\0_185.jpg
1104252733_5793555419_0,1104252733,5793555419,0,0,10.3213954,123.8956478,83.18746642542305,data\road_images\1104252733_5793555419_0\0_83.jpg
1104252733_1104252713_0,1104252733,1104252713,0,0,10.3216575,123.89542965000001,356.91739702353783,data\road_images\1104252733_1104252713_0\0_357.jpg
1104252733_1104252717_0,1104252733,1104252717,0,0,10.321321139749772,123.89497430884032,264.36681422344526,data\road_images\1104252733_1104252717_0\0_264.jpg
1104252757_1099182256_0,1104252757,1099182256,0,0,10.319876219173674,123.89475255984118,238.08193857030005,data\road_images\1104252757_1099182256_0\0_238.jpg
1104252757_5793555419_0,1104252757,5793555419,0,0,10.320800033549595,123.89549972117439,23.608685651233372,data\road_images\1104252757_5793555419_0\0_24.jpg
1104252757_8375356264_0,1104252757,8375356264,0,0,10.320220163722365,123.89547104260464,63.800657877817,data\road_images\1104252757_8375356264_0\0_64.jpg
1104252801_1104252869_0,1104252801,1104252869,0,0,10.327243150000001,123.88991635,81.86282566912354,data\road_images\1104252801_1104252869_0\0_82.jpg
1104252801_1104252874_0,1104252801,1104252874,0,0,10.327195546129602,123.88928769190895,254.843042143424,data\road_images\1104252801_1104252874_0\0_255.jpg
1104252801_1104252892_0,1104252801,1104252892,0,0,10.327397126184998,123.8896018707021,350.2158805744434,data\road_images\1104252801_1104252892_0\0_350.jpg
1104252801_322100288_0,1104252801,322100288,0,0,10.326420198953198,123.88978375841782,169.63107977194272,data\road_images\1104252801_322100288_0\0_170.jpg
1104252802_1104252803_0,1104252802,1104252803,0,0,10.32371405,123.8914486,357.3046311279219,data\road_images\1104252802_1104252803_0\0_357.jpg
1104252802_322100252_0,1104252802,322100252,0,0,10.32347865,123.89193865,87.61860586060021,data\road_images\1104252802_322100252_0\0_88.jpg
1104252802_322100258_0,1104252802,322100258,0,0,10.323451879332419,123.89101114708241,268.59460422846735,data\road_images\1104252802_322100258_0\0_269.jpg
1104252803_1104252802_0,1104252803,1104252802,0,0,10.32371405,123.8914486,177.3046267552122,data\road_images\1104252803_1104252802_0\0_177.jpg
1104252804_1104252805_0,1104252804,1104252805,0,0,10.32401855,123.8907578,74.01210830707913,data\road_images\1104252804_1104252805_0\0_74.jpg
1104252804_1104252806_0,1104252804,1104252806,0,0,10.324081575463362,123.89051559606312,333.4721353599123,data\road_images\1104252804_1104252806_0\0_333.jpg
1104252804_322100258_0,1104252804,322100258,0,0,10.323703097243527,123.8906152285107,181.24604067091073,data\road_images\1104252804_322100258_0\0_181.jpg
1104252805_1104252804_0,1104252805,1104252804,0,0,10.32401855,123.8907578,254.01217436545107,data\road_images\1104252805_1104252804_0\0_254.jpg
1104252806_322100217_0,1104252806,322100217,0,0,10.324826987309827,123.89112387088443,68.31332822325646,data\road_images\1104252806_322100217_0\0_68.jpg
1104252806_322100281_0,1104252806,322100281,0,0,10.324727221401908,123.89018253661187,339.6876135690599,data\road_images\1104252806_322100281_0\0_340.jpg
1104252806_1104252804_0,1104252806,1104252804,0,0,10.324081575463362,123.89051559606312,153.47211448143184,data\road_images\1104252806_1104252804_0\0_153.jpg
1104252818_322100217_0,1104252818,322100217,0,0,10.32492345,123.8922587,242.5934324529593,data\road_images\1104252818_322100217_0\0_243.jpg
1104252818_1104252819_0,1104252818,1104252819,0,0,10.32509019870141,123.8925894133483,59.530811691624706,data\road_images\1104252818_1104252819_0\0_60.jpg
1104252818_1104252852_0,1104252818,1104252852,0,0,10.324286772849,123.8927200173077,163.12890131561153,data\road_images\1104252818_1104252852_0\0_163.jpg
1104252819_1104252818_0,1104252819,1104252818,0,0,10.32509019870141,123.8925894133483,239.53086071175483,data\road_images\1104252819_1104252818_0\0_240.jpg
1104252830_1104252849_0,1104252830,1104252849,0,0,10.3264922,123.89276785,256.050603829255,data\road_images\1104252830_1104252849_0\0_256.jpg
1104252830_1104252832_0,1104252830,1104252832,0,0,10.32687475070036,123.8932155457643,348.8501790195529,data\road_images\1104252830_1104252832_0\0_349.jpg
1104252830_5834602510_0,1104252830,5834602510,0,0,10.325484887086324,123.89341839369312,166.91512103759658,data\road_images\1104252830_5834602510_0\0_167.jpg
1104252832_5871135663_0,1104252832,5871135663,0,0,10.32705655,123.8928239,255.48573843418302,data\road_images\1104252832_5871135663_0\0_255.jpg
1104252832_1104252830_0,1104252832,1104252830,0,0,10.32687475070036,123.8932155457643,168.85016005348325,data\road_images\1104252832_1104252830_0\0_169.jpg
1104252832_8314778566_0,1104252832,8314778566,0,0,10.327268959493548,123.8932431258306,37.96282774042572,data\road_images\1104252832_8314778566_0\0_38.jpg
1104252846_1104252851_0,1104252846,1104252851,0,0,10.3254324,123.89082594999999,178.3964533986723,data\road_images\1104252846_1104252851_0\0_178.jpg
1104252846_8209136367_0,1104252846,8209136367,0,0,10.326107737724971,123.89106907034957,29.152775043404972,data\road_images\1104252846_8209136367_0\0_29.jpg
1104252846_322100281_0,1104252846,322100281,0,0,10.325429635786707,123.89042959822537,252.9070229474611,data\road_images\1104252846_322100281_0\0_253.jpg
1104252846_322100204_0,1104252846,322100204,0,0,10.325556330347695,123.89166642704873,61.60032490732527,data\road_images\1104252846_322100204_0\0_62.jpg
1104252849_1104252830_0,1104252849,1104252830,0,0,10.3264922,123.89276785,76.05043115085374,data\road_images\1104252849_1104252830_0\0_76.jpg
1104252849_322100204_0,1104252849,322100204,0,0,10.3263532,123.89229595,155.75642559992218,data\road_images\1104252849_322100204_0\0_156.jpg
1104252849_322100198_0,1104252849,322100198,0,0,10.326628280909825,123.89221287976657,344.81568566120825,data\road_images\1104252849_322100198_0\0_345.jpg
1104252851_1104252846_0,1104252851,1104252846,0,0,10.3254324,123.89082594999999,358.39645452786823,data\road_images\1104252851_1104252846_0\0_358.jpg
1104252852_1104252856_0,1104252852,1104252856,0,0,10.323487998149261,123.89408203185462,96.35901657730136,data\road_images\1104252852_1104252856_0\0_96.jpg
1104252852_1104252818_0,1104252852,1104252818,0,0,10.324286772849,123.8927200173077,343.12898329042525,data\road_images\1104252852_1104252818_0\0_343.jpg
1104252852_322100252_0,1104252852,322100252,0,0,10.32351275196587,123.89266071366497,265.5429447151772,data\road_images\1104252852_322100252_0\0_266.jpg
1104252856_1104252852_0,1104252856,1104252852,0,0,10.323487998149261,123.89408203185462,276.35943711564306,data\road_images\1104252856_1104252852_0\0_276.jpg
1104252865_322100288_0,1104252865,322100288,0,0,10.325906,123.8901106,214.45229308843173,data\road_images\1104252865_322100288_0\0_214.jpg
1104252865_1104252869_0,1104252865,1104252869,0,0,10.327127760707954,123.89094625951735,355.07825851564803,data\road_images\1104252865_1104252869_0\0_355.jpg
1104252865_1104252869_1,1104252865,1104252869,1,0,10.326729703366999,123.89024202952848,355.07825851564803,data\road_images\1104252865_1104252869_1\0_355.jpg
1104252869_1104252801_0,1104252869,1104252801,0,0,10.327243150000001,123.88991635,261.8629285164634,data\road_images\1104252869_1104252801_0\0_262.jpg
1104252869_1104252865_0,1104252869,1104252865,0,0,10.327127760707954,123.89094625951735,175.0782411631577,data\road_images\1104252869_1104252865_0\0_175.jpg
1104252869_1104252865_1,1104252869,1104252865,1,0,10.326729703366999,123.89024202952848,175.0782411631577,data\road_images\1104252869_1104252865_1\0_175.jpg
1104252874_1104252880_0,1104252874,1104252880,0,0,10.32693862041125,123.88876195273808,248.53928844238334,data\road_images\1104252874_1104252880_0\0_249.jpg
1104252874_1104252801_0,1104252874,1104252801,0,0,10.327195546129602,123.88928769190895,74.84292725078336,data\road_images\1104252874_1104252801_0\0_75.jpg
1104252874_13026149343_0,1104252874,13026149343,0,0,10.32630075959492,123.88923036529681,163.2757622306683,data\road_images\1104252874_13026149343_0\0_163.jpg
1104252880_5846464946_0,1104252880,5846464946,0,0,10.32619045678634,123.88782798960789,187.93431502611674,data\road_images\1104252880_5846464946_0\0_188.jpg
1104252880_1104252874_0,1104252880,1104252874,0,0,10.32693862041125,123.88876195273808,68.53920644679755,data\road_images\1104252880_1104252874_0\0_69.jpg
1104252880_1104252884_0,1104252880,1104252884,0,0,10.3261492126197,123.88877464531612,159.56625783902518,data\road_images\1104252880_1104252884_0\0_160.jpg
1104252884_1104252880_0,1104252884,1104252880,0,0,10.3261492126197,123.88877464531612,339.5663525554291,data\road_images\1104252884_1104252880_0\0_340.jpg
1104252892_1104252948_0,1104252892,1104252948,0,0,10.327698649999999,123.88953330000001,345.629290044617,data\road_images\1104252892_1104252948_0\0_346.jpg
1104252892_1104252801_0,1104252892,1104252801,0,0,10.327397126184998,123.8896018707021,170.2158684197518,data\road_images\1104252892_1104252801_0\0_170.jpg
1104252948_1104252892_0,1104252948,1104252892,0,0,10.327698649999999,123.88953330000001,165.629279861638,data\road_images\1104252948_1104252892_0\0_166.jpg
1105801761_1105801766_0,1105801761,1105801766,0,0,10.31890155,123.9104477,50.662941512809994,data\road_images\1105801761_1105801766_0\0_51.jpg
1105801761_1105801765_0,1105801761,1105801765,0,0,10.318818863510327,123.90932351821094,342.6021437601325,data\road_images\1105801761_1105801765_0\0_343.jpg
1105801765_1105801808_0,1105801765,1105801808,0,0,10.319530499999999,123.90909855,332.17920962414433,data\road_images\1105801765_1105801808_0\0_332.jpg
1105801765_937431034_0,1105801765,937431034,0,0,10.320041783774807,123.90993938330243,56.09512696232531,data\road_images\1105801765_937431034_0\0_56.jpg
1105801765_1105801761_0,1105801765,1105801761,0,0,10.318818863510327,123.90932351821094,162.6020693155764,data\road_images\1105801765_1105801761_0\0_163.jpg
1105801765_12116282671_0,1105801765,12116282671,0,0,10.319010307984893,123.90858655206206,226.397251804981,data\road_images\1105801765_12116282671_0\0_226.jpg
1105801766_1681036966_0,1105801766,1681036966,0,0,10.319652300000001,123.9113792,51.09428580435821,data\road_images\1105801766_1681036966_0\0_51.jpg
1105801766_1105801761_0,1105801766,1105801761,0,0,10.31890155,123.9104477,230.6632656606427,data\road_images\1105801766_1105801761_0\0_231.jpg
1105801766_5824092956_0,1105801766,5824092956,0,0,10.319793068610924,123.91125433377697,328.75691118622973,data\road_images\1105801766_5824092956_0\0_329.jpg
1105801779_5825209220_0,1105801779,5825209220,0,0,10.3236198,123.90896325,236.0009333016151,data\road_images\1105801779_5825209220_0\0_236.jpg
1105801779_1105801780_0,1105801779,1105801780,0,0,10.324010594843505,123.90956418279406,58.55288302091469,data\road_images\1105801779_1105801780_0\0_59.jpg
1105801779_5905339932_0,1105801779,5905339932,0,0,10.324677037717713,123.90836278989734,328.7463918966447,data\road_images\1105801779_5905339932_0\0_329.jpg
1105801779_444383152_0,1105801779,444383152,0,0,10.322657104793722,123.90958741103846,149.02033669979312,data\road_images\1105801779_444383152_0\0_149.jpg
1105801780_1105801779_0,1105801780,1105801779,0,0,10.324010594843505,123.90956418279406,238.55308986982988,data\road_images\1105801780_1105801779_0\0_239.jpg
1105801799_470965746_0,1105801799,470965746,0,0,10.322173801867098,123.90496737094547,213.0632402496756,data\road_images\1105801799_470965746_0\0_213.jpg
1105801799_6353466090_0,1105801799,6353466090,0,0,10.323182548030344,123.90563040080315,32.73088687710242,data\road_images\1105801799_6353466090_0\0_33.jpg
1105801799_1105801801_0,1105801799,1105801801,0,0,10.321897090894891,123.90612386979511,119.12705967750514,data\road_images\1105801799_1105801801_0\0_119.jpg
1105801801_1105801799_0,1105801801,1105801799,0,0,10.321897090894891,123.90612386979511,299.1274111717638,data\road_images\1105801801_1105801799_0\0_299.jpg
1105801801_1105801821_0,1105801801,1105801821,0,0,10.321217269042846,123.90684021276867,237.8618768626767,data\road_images\1105801801_1105801821_0\0_238.jpg
1105801801_1105801803_0,1105801801,1105801803,0,0,10.32106149615493,123.90770971380657,118.33450998509244,data\road_images\1105801801_1105801803_0\0_118.jpg
1105801803_1105801801_0,1105801803,1105801801,0,0,10.32106149615493,123.90770971380657,298.33472322577325,data\road_images\1105801803_1105801801_0\0_298.jpg
1105801803_1105801827_0,1105801803,1105801827,0,0,10.32046766247097,123.90799291684161,228.49128568681743,data\road_images\1105801803_1105801827_0\0_228.jpg
1105801803_1105801807_0,1105801803,1105801807,0,0,10.32038067368676,123.90858961343264,145.64388088355508,data\road_images\1105801803_1105801807_0\0_146.jpg
1105801807_1105801803_0,1105801807,1105801803,0,0,10.32038067368676,123.90858961343264,325.6439750278453,data\road_images\1105801807_1105801803_0\0_326.jpg
1105801807_5888127034_0,1105801807,5888127034,0,0,10.319808507456239,123.90857126920616,235.87215191517143,data\road_images\1105801807_5888127034_0\0_236.jpg
1105801807_1105801808_0,1105801807,1105801808,0,0,10.319780664805435,123.90894466827154,148.7960274739193,data\road_images\1105801807_1105801808_0\0_149.jpg
1105801808_1105801765_0,1105801808,1105801765,0,0,10.319530499999999,123.90909855,152.17919932340192,data\road_images\1105801808_1105801765_0\0_152.jpg
1105801808_1105801833_0,1105801808,1105801833,0,0,10.319274110329392,123.90870196969115,228.5415368059494,data\road_images\1105801808_1105801833_0\0_229.jpg
1105801808_1105801807_0,1105801808,1105801807,0,0,10.319780664805435,123.90894466827154,328.79607123823746,data\road_images\1105801808_1105801807_0\0_329.jpg
1105801808_5824047869_0,1105801808,5824047869,0,0,10.31975810814632,123.90929301825273,54.50185845458236,data\road_images\1105801808_5824047869_0\0_55.jpg
1105801821_1105801801_0,1105801821,1105801801,0,0,10.321217269042846,123.90684021276867,57.86178163569997,data\road_images\1105801821_1105801801_0\0_58.jpg
1105801821_1105801827_0,1105801821,1105801827,0,0,10.320639663639636,123.9071457230434,127.66600057210911,data\road_images\1105801821_1105801827_0\0_128.jpg
1105801821_1105801822_0,1105801821,1105801822,0,0,10.321156101458977,123.90635547634018,296.3788444095245,data\road_images\1105801821_1105801822_0\0_296.jpg
1105801822_1105801821_0,1105801822,1105801821,0,0,10.321156101458977,123.90635547634018,116.37876358807347,data\road_images\1105801822_1105801821_0\0_116.jpg
1105801827_5888127034_0,1105801827,5888127034,0,0,10.31992530284757,123.90800344527628,132.09170174430983,data\road_images\1105801827_5888127034_0\0_132.jpg
1105801827_1105801821_0,1105801827,1105801821,0,0,10.320639663639636,123.9071457230434,307.6661986115377,data\road_images\1105801827_1105801821_0\0_308.jpg
1105801827_1105801803_0,1105801827,1105801803,0,0,10.32046766247097,123.90799291684161,48.49117527439563,data\road_images\1105801827_1105801803_0\0_48.jpg
1105801827_1105801830_0,1105801827,1105801830,0,0,10.320011158222844,123.90747452067302,223.9141630765388,data\road_images\1105801827_1105801830_0\0_224.jpg
1105801830_5824823726_0,1105801830,5824823726,0,0,10.31971305,123.9072322,213.6900531997695,data\road_images\1105801830_5824823726_0\0_214.jpg
1105801830_1105801827_0,1105801830,1105801827,0,0,10.320011158222844,123.90747452067302,43.91409252907442,data\road_images\1105801830_1105801827_0\0_44.jpg
1105801830_1105801832_0,1105801830,1105801832,0,0,10.319541043754153,123.90759094650844,127.52458963786432,data\road_images\1105801830_1105801832_0\0_128.jpg
1105801832_5888127034_0,1105801832,5888127034,0,0,10.319483855870574,123.9081150819706,50.553782381122005,data\road_images\1105801832_5888127034_0\0_51.jpg
1105801832_1105801830_0,1105801832,1105801830,0,0,10.319541043754153,123.90759094650844,307.52470265609406,data\road_images\1105801832_1105801830_0\0_308.jpg
1105801832_1105801833_0,1105801832,1105801833,0,0,10.31914237666754,123.90813671017855,131.5165177629308,data\road_images\1105801832_1105801833_0\0_132.jpg
1105801833_12116282672_0,1105801833,12116282672,0,0,10.318770628656317,123.90816612736322,221.78944127847078,data\road_images\1105801833_12116282672_0\0_222.jpg
1105801833_1105801832_0,1105801833,1105801832,0,0,10.31914237666754,123.90813671017855,311.5165935353165,data\road_images\1105801833_1105801832_0\0_312.jpg
1105801833_1105801808_0,1105801833,1105801808,0,0,10.319274110329392,123.90870196969115,48.54140675537809,data\road_images\1105801833_1105801808_0\0_49.jpg
1105801869_1101216347_0,1105801869,1101216347,0,0,10.32147035,123.90226555000001,151.3313052653615,data\road_images\1105801869_1101216347_0\0_151.jpg
1105801869_12679316134_0,1105801869,12679316134,0,0,10.321932517138041,123.90197637732102,329.25004495084744,data\road_images\1105801869_12679316134_0\0_329.jpg
1105801869_8314541289_0,1105801869,8314541289,0,0,10.321594018912176,123.90245755641811,74.07234014655,data\road_images\1105801869_8314541289_0\0_74.jpg
1105801872_1105801873_0,1105801872,1105801873,0,0,10.31499578024994,123.90831789124908,153.29854609485903,data\road_images\1105801872_1105801873_0\0_153.jpg
1105801872_1105801874_0,1105801872,1105801874,0,0,10.315629802466272,123.90842688757161,51.81811417377878,data\road_images\1105801872_1105801874_0\0_52.jpg
1105801872_280332338_0,1105801872,280332338,0,0,10.31540146419738,123.90792258447865,262.7957588343254,data\road_images\1105801872_280332338_0\0_263.jpg
1105801873_1105801875_0,1105801873,1105801875,0,0,10.314424815274673,123.90866205695586,84.45452894774894,data\road_images\1105801873_1105801875_0\0_84.jpg
1105801873_1105801872_0,1105801873,1105801872,0,0,10.31499578024994,123.90831789124908,333.2986259018276,data\road_images\1105801873_1105801872_0\0_333.jpg
1105801874_648743337_0,1105801874,648743337,0,0,10.31601114400294,123.908799521473,40.812749119017155,data\road_images\1105801874_648743337_0\0_41.jpg
1105801874_1105801872_0,1105801874,1105801872,0,0,10.315629802466272,123.90842688757161,231.81821901996253,data\road_images\1105801874_1105801872_0\0_232.jpg
1105801874_1105801875_0,1105801874,1105801875,0,0,10.315238612879742,123.90872024177769,178.03853862373194,data\road_images\1105801874_1105801875_0\0_178.jpg
1105801875_1105801874_0,1105801875,1105801874,0,0,10.315238612879742,123.90872024177769,358.03854677113696,data\road_images\1105801875_1105801874_0\0_358.jpg
1105801875_1105801873_0,1105801875,1105801873,0,0,10.314627385437353,123.90864086036993,264.4545621264368,data\road_images\1105801875_1105801873_0\0_264.jpg
1105801939_1105801941_0,1105801939,1105801941,0,0,10.31489525,123.9065297,149.13197820709422,data\road_images\1105801939_1105801941_0\0_149.jpg
1105801939_996264574_0,1105801939,996264574,0,0,10.31478000529884,123.90612598638334,215.82567313795667,data\road_images\1105801939_996264574_0\0_216.jpg
1105801939_1105801944_0,1105801939,1105801944,0,0,10.315195279930196,123.90688013792457,89.07519666957131,data\road_images\1105801939_1105801944_0\0_89.jpg
1105801940_996264810_0,1105801940,996264810,0,0,10.3143405,123.9063429,245.07806393538684,data\road_images\1105801940_996264810_0\0_245.jpg
1105801940_996264757_0,1105801940,996264757,0,0,10.31473415,123.90715245000001,62.367524008439375,data\road_images\1105801940_996264757_0\0_62.jpg
1105801940_1105801942_0,1105801940,1105801942,0,0,10.31442745,123.90680065000001,150.74704755930696,data\road_images\1105801940_1105801942_0\0_151.jpg
1105801940_1105801941_0,1105801940,1105801941,0,0,10.3146284,123.90668705,331.07839837856966,data\road_images\1105801940_1105801941_0\0_331.jpg
1105801941_1105801940_0,1105801941,1105801940,0,0,10.3146284,123.90668705,151.07837748306088,data\road_images\1105801941_1105801940_0\0_151.jpg
1105801941_1105801939_0,1105801941,1105801939,0,0,10.31489525,123.9065297,329.132013660568,data\road_images\1105801941_1105801939_0\0_329.jpg
1105801941_996264574_0,1105801941,996264574,0,0,10.314568099999999,123.90628964999999,243.79137452215605,data\road_images\1105801941_996264574_0\0_244.jpg
1105801941_1105801944_0,1105801941,1105801944,0,0,10.314902499999999,123.90698625,64.18052702477337,data\road_images\1105801941_1105801944_0\0_64.jpg
1105801942_996264345_0,1105801942,996264345,0,0,10.31413035,123.9064405,243.9186132913237,data\road_images\1105801942_996264345_0\0_244.jpg
1105801942_1105801943_0,1105801942,1105801943,0,0,10.3142351,123.90690649999999,152.418551442237,data\road_images\1105801942_1105801943_0\0_152.jpg
1105801942_1105801940_0,1105801942,1105801940,0,0,10.31442745,123.90680065000001,330.7470673442692,data\road_images\1105801942_1105801940_0\0_331.jpg
1105801942_996264511_0,1105801942,996264511,0,0,10.314540114732313,123.90730052215599,64.28373875012483,data\road_images\1105801942_996264511_0\0_64.jpg
1105801943_996264171_0,1105801943,996264171,0,0,10.3139308,123.9065385,243.09303412806977,data\road_images\1105801943_996264171_0\0_243.jpg
1105801943_996265001_0,1105801943,996265001,0,0,10.31433985,123.9073985,65.26623071090529,data\road_images\1105801943_996265001_0\0_65.jpg
1105801943_1105801942_0,1105801943,1105801942,0,0,10.3142351,123.90690649999999,332.4185695618366,data\road_images\1105801943_1105801942_0\0_332.jpg
1105801944_1105801941_0,1105801944,1105801941,0,0,10.314902499999999,123.90698625,244.1806550693065,data\road_images\1105801944_1105801941_0\0_244.jpg
1105801944_1105801939_0,1105801944,1105801939,0,0,10.315195279930196,123.90688013792457,269.0753601700952,data\road_images\1105801944_1105801939_0\0_269.jpg
1105801944_996264757_0,1105801944,996264757,0,0,10.31500825,123.90745165000001,121.27472888037312,data\road_images\1105801944_996264757_0\0_121.jpg
1107238355_1093750967_0,1107238355,1093750967,0,0,10.3047992,123.9069854,348.7472385995784,data\road_images\1107238355_1093750967_0\0_349.jpg
1107238500_940959696_0,1107238500,940959696,0,0,10.294564803320217,123.90765993757118,208.62337776088089,data\road_images\1107238500_940959696_0\0_209.jpg
1107238500_3396924731_0,1107238500,3396924731,0,0,10.295954774550975,123.90782297038001,299.25585725222703,data\road_images\1107238500_3396924731_0\0_299.jpg
1107238500_660720837_0,1107238500,660720837,0,0,10.296089480581923,123.90850316372436,28.731364620109332,data\road_images\1107238500_660720837_0\0_29.jpg
1107238500_1107238502_0,1107238500,1107238502,0,0,10.295521113861106,123.90860992273883,119.47001929879139,data\road_images\1107238500_1107238502_0\0_119.jpg
1107238502_1107238500_0,1107238502,1107238500,0,0,10.295521113861106,123.90860992273883,299.4701348625134,data\road_images\1107238502_1107238500_0\0_299.jpg
1118274667_1138644725_0,1118274667,1138644725,0,0,10.32666065,123.8822246,334.2282411752707,data\road_images\1118274667_1138644725_0\0_334.jpg
1118274667_1138644709_0,1118274667,1138644709,0,0,10.32644805,123.8823289,154.24517003851088,data\road_images\1118274667_1138644709_0\0_154.jpg
1118274667_1118274682_0,1118274667,1118274682,0,0,10.32642735,123.8820181,245.72613734580364,data\road_images\1118274667_1118274682_0\0_246.jpg
1118274668_5846532860_0,1118274668,5846532860,0,0,10.327804586341,123.87912633448295,291.26412990211026,data\road_images\1118274668_5846532860_0\0_291.jpg
1118274668_8315232969_0,1118274668,8315232969,0,0,10.3278164,123.87962058643576,83.92717037158081,data\road_images\1118274668_8315232969_0\0_84.jpg
1118274668_1118274672_0,1118274668,1118274672,0,0,10.327454502703468,123.87918714290934,159.93093464131618,data\road_images\1118274668_1118274672_0\0_160.jpg
1118274672_1138645174_0,1118274672,1138645174,0,0,10.3269287,123.87936655,174.24063364359858,data\road_images\1118274672_1138645174_0\0_174.jpg
1118274672_6301937943_0,1118274672,6301937943,0,0,10.32747565,123.8793264,2.643243901776259,data\road_images\1118274672_6301937943_0\0_3.jpg
1118274672_5846532863_0,1118274672,5846532863,0,0,10.327369149999999,123.87952154999999,89.98541520956121,data\road_images\1118274672_5846532863_0\0_90.jpg
1118274672_1118274668_0,1118274672,1118274668,0,0,10.327454502703468,123.87918714290934,339.9309569969335,data\road_images\1118274672_1118274668_0\0_340.jpg
1118274676_1138645174_0,1118274676,1138645174,0,0,10.326112646906294,123.87948442292912,348.4216528130653,data\road_images\1118274676_1138645174_0\0_348.jpg
1118274676_1118274677_0,1118274676,1118274677,0,0,10.325702978754913,123.87941844301803,256.1321888651173,data\road_images\1118274676_1118274677_0\0_256.jpg
1118274676_1118274680_0,1118274676,1118274680,0,0,10.325821018808394,123.87995448167767,78.35580002784621,data\road_images\1118274676_1118274680_0\0_78.jpg
1118274677_5846508301_0,1118274677,5846508301,0,0,10.325622899999999,123.87905925,258.0275168626289,data\road_images\1118274677_5846508301_0\0_258.jpg
1118274677_1138645176_0,1118274677,1138645176,0,0,10.326056138628038,123.87920690162963,339.30991226366996,data\road_images\1118274677_1138645176_0\0_339.jpg
1118274677_5846495011_0,1118274677,5846495011,0,0,10.325384149692471,123.879354935973,163.67562203062903,data\road_images\1118274677_5846495011_0\0_164.jpg
1118274677_1118274676_0,1118274677,1118274676,0,0,10.325702978754913,123.87941844301803,76.132135360922,data\road_images\1118274677_1118274676_0\0_76.jpg
1118274680_5848742700_0,1118274680,5848742700,0,0,10.32590285,123.88039325,82.51152143701898,data\road_images\1118274680_5848742700_0\0_83.jpg
1118274680_1138894097_0,1118274680,1138894097,0,0,10.325409633050585,123.88049219920514,163.20488696641974,data\road_images\1118274680_1138894097_0\0_163.jpg
1118274680_1118274676_0,1118274680,1118274676,0,0,10.325821018808394,123.87995448167767,258.3559389251907,data\road_images\1118274680_1118274676_0\0_258.jpg
1118274682_1118274667_0,1118274682,1118274667,0,0,10.32642735,123.8820181,65.72604284201049,data\road_images\1118274682_1118274667_0\0_66.jpg
1118274682_1138645160_0,1118274682,1138645160,0,0,10.326787496470505,123.88155568785031,307.30685926781877,data\road_images\1118274682_1138645160_0\0_307.jpg
1118274682_1138645163_0,1118274682,1138645163,0,0,10.326233541809563,123.88156941590603,247.16510081525598,data\road_images\1118274682_1138645163_0\0_247.jpg
1118274693_1138894813_0,1118274693,1138894813,0,0,10.3232491,123.8858189,84.4782478424907,data\road_images\1118274693_1138894813_0\0_84.jpg
1118274693_1138894938_0,1118274693,1138894938,0,0,10.323204559086713,123.88513070880171,262.95771505225673,data\road_images\1118274693_1138894938_0\0_263.jpg
1118274693_1138894919_0,1118274693,1138894919,0,0,10.323536449612195,123.88549010208449,347.11831530288254,data\road_images\1118274693_1138894919_0\0_347.jpg
1118274693_1138894801_0,1118274693,1138894801,0,0,10.322722634525169,123.88566042759503,165.7516686550889,data\road_images\1118274693_1138894801_0\0_166.jpg
1123112546_1123112547_0,1123112546,1123112547,0,0,10.29633212367838,123.88617655259746,281.89364745369113,data\road_images\1123112546_1123112547_0\0_282.jpg
1123112546_1093748832_0,1123112546,1093748832,0,0,10.29566231226087,123.88657063324803,170.41775106957311,data\road_images\1123112546_1093748832_0\0_170.jpg
1123112546_1093748823_0,1123112546,1093748823,0,0,10.29652709027563,123.88718502093828,76.74454938094601,data\road_images\1123112546_1093748823_0\0_77.jpg
1123112547_1143376357_0,1123112547,1143376357,0,0,10.29632735,123.88560565,247.52726998374038,data\road_images\1123112547_1143376357_0\0_248.jpg
1123112547_1123112546_0,1123112547,1123112546,0,0,10.29633212367838,123.88617655259746,101.89355542027602,data\road_images\1123112547_1123112546_0\0_102.jpg
1123112547_324580728_0,1123112547,324580728,0,0,10.29658369937212,123.88587910559096,333.68278988498133,data\road_images\1123112547_324580728_0\0_334.jpg
1129145558_10743602367_0,1129145558,10743602367,0,0,10.30560485,123.8946161,69.65992749045614,data\road_images\1129145558_10743602367_0\0_70.jpg
1129145558_1129145566_0,1129145558,1129145566,0,0,10.304678369200287,123.89491208195172,160.66188624017582,data\road_images\1129145558_1129145566_0\0_161.jpg
1129145558_11507657537_0,1129145558,11507657537,0,0,10.305283199222112,123.89398645320128,245.24760828713482,data\road_images\1129145558_11507657537_0\0_245.jpg
1129145558_1129145560_0,1129145558,1129145560,0,0,10.305834301939607,123.89450564409327,341.3383304903535,data\road_images\1129145558_1129145560_0\0_341.jpg
1129145560_1129145558_0,1129145560,1129145558,0,0,10.305834301939607,123.89450564409327,161.33830104307344,data\road_images\1129145560_1129145558_0\0_161.jpg
1129145560_5792574056_0,1129145560,5792574056,0,0,10.30596818386883,123.89415599083907,247.80775077204788,data\road_images\1129145560_5792574056_0\0_248.jpg
1129145560_1129145562_0,1129145560,1129145562,0,0,10.306579979522994,123.89422987740446,339.4886363990687,data\road_images\1129145560_1129145562_0\0_339.jpg
1129145562_5792422770_0,1129145562,5792422770,0,0,10.30709565,123.89407525,75.79691331035798,data\road_images\1129145562_5792422770_0\0_76.jpg
1129145562_960110043_0,1129145562,960110043,0,0,10.3068947431185,123.89330189480165,260.04405923773766,data\road_images\1129145562_960110043_0\0_260.jpg
1129145562_1129145560_0,1129145562,1129145560,0,0,10.306579979522994,123.89422987740446,159.48856751672827,data\road_images\1129145562_1129145560_0\0_159.jpg
1129145562_912971863_0,1129145562,912971863,0,0,10.30819156105365,123.89361290309203,335.1468709140043,data\road_images\1129145562_912971863_0\0_335.jpg
1129145566_1681093481_0,1129145566,1681093481,0,0,10.3037743,123.89527035,70.17609646371926,data\road_images\1129145566_1681093481_0\0_70.jpg
1129145566_1129145567_0,1129145566,1129145567,0,0,10.302934538472456,123.8955221416183,161.51684675233696,data\road_images\1129145566_1129145567_0\0_162.jpg
1129145566_1093749420_0,1129145566,1093749420,0,0,10.303729569217907,123.89483219441068,274.5950514648546,data\road_images\1129145566_1093749420_0\0_275.jpg
1129145566_1129145558_0,1129145566,1129145558,0,0,10.304678369200287,123.89491208195172,340.66200305049136,data\road_images\1129145566_1129145558_0\0_341.jpg
1129145567_5792422774_0,1129145567,5792422774,0,0,10.30212105,123.89584195,67.3731213857941,data\road_images\1129145567_5792422774_0\0_67.jpg
1129145567_5796546992_0,1129145567,5796546992,0,0,10.30096744609629,123.89621089051673,160.5879701773681,data\road_images\1129145567_5796546992_0\0_161.jpg
1129145567_1093749659_0,1129145567,1093749659,0,0,10.301978676484651,123.89549438916927,247.39358990147707,data\road_images\1129145567_1093749659_0\0_247.jpg
1129145567_1129145566_0,1129145567,1129145566,0,0,10.302934538472456,123.8955221416183,341.51694751789785,data\road_images\1129145567_1129145566_0\0_342.jpg
1129145570_8594919533_0,1129145570,8594919533,0,0,10.297691,123.8974291,129.3794673499587,data\road_images\1129145570_8594919533_0\0_129.jpg
1129145570_281418213_0,1129145570,281418213,0,0,10.29751751807554,123.89669944469355,253.39173390794076,data\road_images\1129145570_281418213_0\0_253.jpg
1129145570_960097955_0,1129145570,960097955,0,0,10.29773664425505,123.89744140940589,70.9822748554526,data\road_images\1129145570_960097955_0\0_71.jpg
1129145570_5797116231_0,1129145570,5797116231,0,0,10.298490039204882,123.89712181924887,340.92546493945105,data\road_images\1129145570_5797116231_0\0_341.jpg
1138643581_1138645192_0,1138643581,1138645192,0,0,10.327475772299364,123.87836585691873,174.15746526748455,data\road_images\1138643581_1138645192_0\0_174.jpg
1138643840_6351417371_0,1138643840,6351417371,0,0,10.318188988326934,123.87670161442544,311.824345310233,data\road_images\1138643840_6351417371_0\0_312.jpg
1138643840_10880391052_0,1138643840,10880391052,0,0,10.317903175881643,123.87762540892798,50.98270919926131,data\road_images\1138643840_10880391052_0\0_51.jpg
1138643840_5857023314_0,1138643840,5857023314,0,0,10.317562259529547,123.87719413267176,233.22836511180867,data\road_images\1138643840_5857023314_0\0_233.jpg
1138644701_1138644709_0,1138644701,1138644709,0,0,10.326592594156761,123.88307331471944,250.89194210611822,data\road_images\1138644701_1138644709_0\0_251.jpg
1138644709_1118274667_0,1138644709,1118274667,0,0,10.32644805,123.8823289,334.2451869603689,data\road_images\1138644709_1118274667_0\0_334.jpg
1138644709_1138645260_0,1138644709,1138645260,0,0,10.32625435,123.8824216,155.3286087142086,data\road_images\1138644709_1138645260_0\0_155.jpg
1138644709_1138644701_0,1138644709,1138644701,0,0,10.326592594156761,123.88307331471944,70.89169180701225,data\road_images\1138644709_1138644701_0\0_71.jpg
1138644725_1118274667_0,1138644725,1118274667,0,0,10.32666065,123.8822246,154.22822070381233,data\road_images\1138644725_1118274667_0\0_154.jpg
1138644725_1138644737_0,1138644725,1138644737,0,0,10.327107079659594,123.88274400323806,56.619201161384524,data\road_images\1138644725_1138644737_0\0_57.jpg
1138644725_324580572_0,1138644725,324580572,0,0,10.327092075357516,123.88202366675227,334.73402212377823,data\road_images\1138644725_324580572_0\0_335.jpg
1138644737_8315414764_0,1138644737,8315414764,0,0,10.3275972,123.88341585,53.44030021676542,data\road_images\1138644737_8315414764_0\0_53.jpg
1138644737_1138644725_0,1138644737,1138644725,0,0,10.327107079659594,123.88274400323806,236.6194007227516,data\road_images\1138644737_1138644725_0\0_237.jpg
1138644737_1138644755_0,1138644737,1138644755,0,0,10.327279336079334,123.883423207066,123.37072647691565,data\road_images\1138644737_1138644755_0\0_123.jpg
1138644740_8315414764_0,1138644740,8315414764,0,0,10.32774535,123.8836189,233.43318941793473,data\road_images\1138644740_8315414764_0\0_233.jpg
1138644755_1138644737_0,1138644755,1138644737,0,0,10.327279336079334,123.883423207066,303.3707862642381,data\road_images\1138644755_1138644737_0\0_303.jpg
1138644863_324580572_0,1138644863,324580572,0,0,10.3275483,123.88199145,219.62430658588636,data\road_images\1138644863_324580572_0\0_220.jpg
1138644863_1138644886_0,1138644863,1138644886,0,0,10.3275158,123.88228724999999,136.6162009121598,data\road_images\1138644863_1138644886_0\0_137.jpg
1138644863_1138644880_0,1138644863,1138644880,0,0,10.32798763041275,123.88239394679721,93.67610141972813,data\road_images\1138644863_1138644880_0\0_94.jpg
1138644880_1138644863_0,1138644880,1138644863,0,0,10.32798763041275,123.88239394679721,273.67620267579315,data\road_images\1138644880_1138644863_0\0_274.jpg
1138644886_1138644863_0,1138644886,1138644863,0,0,10.3275158,123.88228724999999,316.61626267216013,data\road_images\1138644886_1138644863_0\0_317.jpg
1138645160_1138645163_0,1138645160,1138645163,0,0,10.3264686,123.88125600000001,157.96380545038085,data\road_images\1138645160_1138645163_0\0_158.jpg
1138645160_1118274682_0,1138645160,1118274682,0,0,10.326787496470505,123.88155568785031,127.30674692673244,data\road_images\1138645160_1118274682_0\0_127.jpg
1138645160_6301937952_0,1138645160,6301937952,0,0,10.326895468311186,123.88106037180489,338.9624244060906,data\road_images\1138645160_6301937952_0\0_339.jpg
1138645163_1138645160_0,1138645163,1138645160,0,0,10.3264686,123.88125600000001,337.96385141180036,data\road_images\1138645163_1138645160_0\0_338.jpg
1138645163_1138645164_0,1138645163,1138645164,0,0,10.32607815,123.8811925,247.31065075687638,data\road_images\1138645163_1138645164_0\0_247.jpg
1138645163_1118274682_0,1138645163,1118274682,0,0,10.326233541809563,123.88156941590603,67.16503443814378,data\road_images\1138645163_1118274682_0\0_67.jpg
1138645164_1138645163_0,1138645164,1138645163,0,0,10.32607815,123.8811925,67.3105820324393,data\road_images\1138645164_1138645163_0\0_67.jpg
1138645164_6301937951_0,1138645164,6301937951,0,0,10.326448072244764,123.88081283269376,337.90340312340044,data\road_images\1138645164_6301937951_0\0_338.jpg
1138645164_5848742700_0,1138645164,5848742700,0,0,10.3259203769849,123.88072855104434,260.6816023600527,data\road_images\1138645164_5848742700_0\0_261.jpg
1138645174_1118274672_0,1138645174,1118274672,0,0,10.3269287,123.87936655,354.24064983118603,data\road_images\1138645174_1118274672_0\0_354.jpg
1138645174_1138645176_0,1138645174,1138645176,0,0,10.3264375,123.87920225,256.1508934065327,data\road_images\1138645174_1138645176_0\0_256.jpg
1138645174_1118274676_0,1138645174,1118274676,0,0,10.326112646906294,123.87948442292912,168.4216248499729,data\road_images\1138645174_1118274676_0\0_168.jpg
1138645176_1138645174_0,1138645176,1138645174,0,0,10.3264375,123.87920225,76.1508183161061,data\road_images\1138645176_1138645174_0\0_76.jpg
1138645176_1138645177_0,1138645176,1138645177,0,0,10.32641755,123.8789782,335.0336875674944,data\road_images\1138645176_1138645177_0\0_335.jpg
1138645176_1118274677_0,1138645176,1118274677,0,0,10.326056138628038,123.87920690162963,159.3098627191871,data\road_images\1138645176_1118274677_0\0_159.jpg
1138645177_1138645178_0,1138645177,1138645178,0,0,10.32638545,123.8786671,257.822052273917,data\road_images\1138645177_1138645178_0\0_258.jpg
1138645177_1138645183_0,1138645177,1138645183,0,0,10.326569450000001,123.87896185,359.18515660715025,data\road_images\1138645177_1138645183_0\0_359.jpg
1138645177_1138645176_0,1138645177,1138645176,0,0,10.32641755,123.8789782,155.0336823333688,data\road_images\1138645177_1138645176_0\0_155.jpg
1138645178_1138645177_0,1138645178,1138645177,0,0,10.32638545,123.8786671,77.8219459756719,data\road_images\1138645178_1138645177_0\0_78.jpg
1138645183_1138645177_0,1138645183,1138645177,0,0,10.326569450000001,123.87896185,179.1851559797442,data\road_images\1138645183_1138645177_0\0_179.jpg
1138645183_1138645192_0,1138645183,1138645192,0,0,10.327204809709526,123.87890264682922,311.9223856701007,data\road_images\1138645183_1138645192_0\0_312.jpg
1138645183_8393641106_0,1138645183,8393641106,0,0,10.326521895646996,123.87822620113151,241.12579401043067,data\road_images\1138645183_8393641106_0\0_241.jpg
1138645192_1138645195_0,1138645192,1138645195,0,0,10.3271933,123.8782809,269.84075138422673,data\road_images\1138645192_1138645195_0\0_270.jpg
1138645192_5848313474_0,1138645192,5848313474,0,0,10.327085449999998,123.87838325,183.82511681964547,data\road_images\1138645192_5848313474_0\0_184.jpg
1138645192_1138645183_0,1138645192,1138645183,0,0,10.327204809709526,123.87890264682922,131.9222835786744,data\road_images\1138645192_1138645183_0\0_132.jpg
1138645192_1138643581_0,1138645192,1138643581,0,0,10.327475772299364,123.87836585691873,354.15747577294155,data\road_images\1138645192_1138643581_0\0_354.jpg
1138645195_1138645192_0,1138645195,1138645192,0,0,10.3271933,123.8782809,89.8407120530037,data\road_images\1138645195_1138645192_0\0_90.jpg
1138645195_8315222213_0,1138645195,8315222213,0,0,10.327335500229363,123.87807184721225,340.212430456446,data\road_images\1138645195_8315222213_0\0_340.jpg
1138645195_1138645201_0,1138645195,1138645201,0,0,10.327098768388266,123.878137649191,207.12938280814612,data\road_images\1138645195_1138645201_0\0_207.jpg
1138645201_1138645195_0,1138645201,1138645195,0,0,10.327098768388266,123.878137649191,27.12936620821722,data\road_images\1138645201_1138645195_0\0_27.jpg
1138645260_1138645279_0,1138645260,1138645279,0,0,10.3264569,123.8833325,70.58901657990157,data\road_images\1138645260_1138645279_0\0_71.jpg
1138645260_1138644709_0,1138645260,1138644709,0,0,10.32625435,123.8824216,335.32862502599403,data\road_images\1138645260_1138644709_0\0_335.jpg
1138645260_1138894062_0,1138645260,1138894062,0,0,10.3260941,123.8824966,155.1965893315171,data\road_images\1138645260_1138894062_0\0_155.jpg
1138645279_1138645260_0,1138645279,1138645260,0,0,10.3264569,123.8833325,250.58932683710918,data\road_images\1138645279_1138645260_0\0_251.jpg
1138645284_1138645286_0,1138645284,1138645286,0,0,10.32655675,123.88700750000001,269.7974128836892,data\road_images\1138645284_1138645286_0\0_270.jpg
1138645286_1138645284_0,1138645286,1138645284,0,0,10.32655675,123.88700750000001,89.79721200690528,data\road_images\1138645286_1138645284_0\0_90.jpg
1138645286_1138645289_0,1138645286,1138645289,0,0,10.32632605,123.8864499,179.33470519087678,data\road_images\1138645286_1138645289_0\0_179.jpg
1138645286_8314688507_0,1138645286,8314688507,0,0,10.3267819,123.88644675,359.8883073577031,data\road_images\1138645286_8314688507_0\0_360.jpg
1138645289_1138894046_0,1138645289,1138894046,0,0,10.325920100000001,123.8864492,181.08142176551968,data\road_images\1138645289_1138894046_0\0_181.jpg
1138645289_1138645286_0,1138645289,1138645286,0,0,10.32632605,123.8864499,359.33470615884886,data\road_images\1138645289_1138645286_0\0_359.jpg
1138645289_8602557542_0,1138645289,8602557542,0,0,10.326101909356302,123.88700357886962,89.21757905453,data\road_images\1138645289_8602557542_0\0_89.jpg
1138645292_1138894834_0,1138645292,1138894834,0,0,10.324158679586752,123.88761778828199,72.74913675744767,data\road_images\1138645292_1138894834_0\0_73.jpg
1138645292_6223987697_0,1138645292,6223987697,0,0,10.323838154139759,123.8863416921646,256.4882248977195,data\road_images\1138645292_6223987697_0\0_256.jpg
1138645292_1138894045_0,1138645292,1138894045,0,0,10.324472508967732,123.88679639991504,346.73882272198097,data\road_images\1138645292_1138894045_0\0_347.jpg
1138893960_318377379_0,1138893960,318377379,0,0,10.3163897,123.88726299999999,250.9126683675533,data\road_images\1138893960_318377379_0\0_251.jpg
1138893960_318314966_0,1138893960,318314966,0,0,10.3165653,123.88777025,70.23067418914002,data\road_images\1138893960_318314966_0\0_70.jpg
1138893960_1138894995_0,1138893960,1138894995,0,0,10.31625995,123.8875805,172.25528491046043,data\road_images\1138893960_1138894995_0\0_172.jpg
1138893962_318377379_0,1138893962,318377379,0,0,10.3162015,123.88671969999999,70.26027193374034,data\road_images\1138893962_318377379_0\0_70.jpg
1138893962_5911986563_0,1138893962,5911986563,0,0,10.315663928786321,123.88650429990561,171.4864072062253,data\road_images\1138893962_5911986563_0\0_171.jpg
1138893962_318314964_0,1138893962,318314964,0,0,10.315922205015754,123.88593669820185,249.9787782939345,data\road_images\1138893962_318314964_0\0_250.jpg
1138893965_1138895129_0,1138893965,1138895129,0,0,10.315021347140492,123.88397112230867,187.1813411576511,data\road_images\1138893965_1138895129_0\0_187.jpg
1138893965_1138893966_0,1138893965,1138893966,0,0,10.315011401145659,123.88366393578774,248.12782829433164,data\road_images\1138893965_1138893966_0\0_248.jpg
1138893965_318314964_0,1138893965,318314964,0,0,10.315520700894414,123.88467002099435,67.76643682790029,data\road_images\1138893965_318314964_0\0_68.jpg
1138893966_1138895142_0,1138893966,1138895142,0,0,10.314831,123.88331255,189.52629337142568,data\road_images\1138893966_1138895142_0\0_190.jpg
1138893966_1138893969_0,1138893966,1138893969,0,0,10.314869219277448,123.88320985807216,255.04507861467164,data\road_images\1138893966_1138893969_0\0_255.jpg
1138893966_1138893965_0,1138893966,1138893965,0,0,10.315011401145659,123.88366393578774,68.12770923701237,data\road_images\1138893966_1138893965_0\0_68.jpg
1138893969_1138894652_0,1138893969,1138894652,0,0,10.3152246,123.8830459,352.7837672018211,data\road_images\1138893969_1138894652_0\0_353.jpg
1138893969_5793422984_0,1138893969,5793422984,0,0,10.3148009,123.88294855,255.1623930075302,data\road_images\1138893969_5793422984_0\0_255.jpg
1138893969_1138893966_0,1138893969,1138893966,0,0,10.314869219277448,123.88320985807216,75.04503766412927,data\road_images\1138893969_1138893966_0\0_75.jpg
1138893970_1138895209_0,1138893970,1138895209,0,0,10.31406225,123.8824258,169.63838455265454,data\road_images\1138893970_1138895209_0\0_170.jpg
1138893970_5793422984_0,1138893970,5793422984,0,0,10.31469465,123.88256125,73.96760084049794,data\road_images\1138893970_5793422984_0\0_74.jpg
1138893970_1138893972_0,1138893970,1138893972,0,0,10.31455616856719,123.88206120853334,254.57447278989247,data\road_images\1138893970_1138893972_0\0_255.jpg
1138893972_5856922952_0,1138893972,5856922952,0,0,10.31489315,123.8816561,340.6545494575633,data\road_images\1138893972_5856922952_0\0_341.jpg
1138893972_1138893973_0,1138893972,1138893973,0,0,10.3143633876362,123.88141408180856,249.5778606499576,data\road_images\1138893972_1138893973_0\0_250.jpg
1138893972_1138893970_0,1138893972,1138893970,0,0,10.31455616856719,123.88206120853334,74.57437979029407,data\road_images\1138893972_1138893970_0\0_75.jpg
1138893973_1138895240_0,1138893973,1138895240,0,0,10.314483734529313,123.88097487057195,350.1223443638786,data\road_images\1138893973_1138895240_0\0_350.jpg
1138893973_1138895241_0,1138893973,1138895241,0,0,10.314102040670125,123.88085103994963,238.13395526132675,data\road_images\1138893973_1138895241_0\0_238.jpg
1138893973_1138893972_0,1138893973,1138893972,0,0,10.3143633876362,123.88141408180856,69.5777242328736,data\road_images\1138893973_1138893972_0\0_70.jpg
1138894045_1138894046_0,1138894045,1138894046,0,0,10.32535215,123.88655365,344.80834473508986,data\road_images\1138894045_1138894046_0\0_345.jpg
1138894045_1138894050_0,1138894045,1138894050,0,0,10.32487455,123.88622425,258.5856721269988,data\road_images\1138894045_1138894050_0\0_259.jpg
1138894045_1138645292_0,1138894045,1138645292,0,0,10.324472508967732,123.88679639991504,166.73878038963744,data\road_images\1138894045_1138645292_0\0_167.jpg
1138894046_1138894045_0,1138894046,1138894045,0,0,10.32535215,123.88655365,164.80830607353926,data\road_images\1138894046_1138894045_0\0_165.jpg
1138894046_1138645289_0,1138894046,1138645289,0,0,10.325920100000001,123.8864492,1.0814205466452904,data\road_images\1138894046_1138645289_0\0_1.jpg
1138894046_5846464941_0,1138894046,5846464941,0,0,10.325683176554202,123.88701852081726,105.03462872623561,data\road_images\1138894046_5846464941_0\0_105.jpg
1138894050_1138894045_0,1138894050,1138894045,0,0,10.32487455,123.88622425,78.58551539095856,data\road_images\1138894050_1138894045_0\0_79.jpg
1138894050_1138894919_0,1138894050,1138894919,0,0,10.324136506243144,123.88594229019857,201.02173952262703,data\road_images\1138894050_1138894919_0\0_201.jpg
1138894050_1138894051_0,1138894050,1138894051,0,0,10.324737089260836,123.88551007812217,258.2981477222676,data\road_images\1138894050_1138894051_0\0_258.jpg
1138894051_1138894919_0,1138894051,1138894919,0,0,10.32426225,123.8853279,167.5751865648615,data\road_images\1138894051_1138894919_0\0_168.jpg
1138894051_1138894053_0,1138894051,1138894053,0,0,10.324629554021922,123.8850346990834,256.9545848781977,data\road_images\1138894051_1138894053_0\0_257.jpg
1138894051_1138894050_0,1138894051,1138894050,0,0,10.324737089260836,123.88551007812217,78.29804886073725,data\road_images\1138894051_1138894050_0\0_78.jpg
1138894053_1138894054_0,1138894053,1138894054,0,0,10.324516521239254,123.88449185565392,258.7019152686396,data\road_images\1138894053_1138894054_0\0_259.jpg
1138894053_1138894051_0,1138894053,1138894051,0,0,10.324629554021922,123.8850346990834,76.95451293735158,data\road_images\1138894053_1138894051_0\0_77.jpg
1138894053_1138894938_0,1138894053,1138894938,0,0,10.323707124280057,123.88502313422246,185.024641863749,data\road_images\1138894053_1138894938_0\0_185.jpg
1138894054_1138894956_0,1138894054,1138894956,0,0,10.324775299999999,123.88401329999999,337.6264917897553,data\road_images\1138894054_1138894956_0\0_338.jpg
1138894054_1138894056_0,1138894054,1138894056,0,0,10.324346867184554,123.88376723419343,251.52158449782343,data\road_images\1138894054_1138894056_0\0_252.jpg
1138894054_1138894053_0,1138894054,1138894053,0,0,10.324516521239254,123.88449185565392,78.70179262629512,data\road_images\1138894054_1138894053_0\0_79.jpg
1138894056_1138894076_0,1138894056,1138894076,0,0,10.32457935,123.88321214999999,334.1662836476389,data\road_images\1138894056_1138894076_0\0_334.jpg
1138894056_5846394096_0,1138894056,5846394096,0,0,10.32416125,123.88341775,154.33733494379555,data\road_images\1138894056_5846394096_0\0_154.jpg
1138894056_1138894054_0,1138894056,1138894054,0,0,10.324346867184554,123.88376723419343,71.52144974238342,data\road_images\1138894056_1138894054_0\0_72.jpg
1138894062_1138645260_0,1138894062,1138645260,0,0,10.3260941,123.8824966,335.196599906964,data\road_images\1138894062_1138645260_0\0_335.jpg
1138894062_1138894067_0,1138894062,1138894067,0,0,10.325944450000001,123.88256655,155.38263208423632,data\road_images\1138894062_1138894067_0\0_155.jpg
1138894062_1138894065_0,1138894062,1138894065,0,0,10.325831291515744,123.88202737441144,247.32239643665145,data\road_images\1138894062_1138894065_0\0_247.jpg
1138894065_1138894062_0,1138894065,1138894062,0,0,10.325831291515744,123.88202737441144,67.32221823064663,data\road_images\1138894065_1138894062_0\0_67.jpg
1138894067_1138894068_0,1138894067,1138894068,0,0,10.32620295,123.88357285,70.02628351725929,data\road_images\1138894067_1138894068_0\0_70.jpg
1138894067_1138894062_0,1138894067,1138894062,0,0,10.325944450000001,123.88256655,335.3826465856332,data\road_images\1138894067_1138894062_0\0_335.jpg
1138894067_1138894069_0,1138894067,1138894069,0,0,10.325771897500575,123.88264674460869,155.4720487721395,data\road_images\1138894067_1138894069_0\0_155.jpg
1138894068_1138894067_0,1138894068,1138894067,0,0,10.32620295,123.88357285,250.0266297786506,data\road_images\1138894068_1138894067_0\0_250.jpg
1138894069_1138894070_0,1138894069,1138894070,0,0,10.3260129,123.88363915,70.78209852760205,data\road_images\1138894069_1138894070_0\0_71.jpg
1138894069_1138894073_0,1138894069,1138894073,0,0,10.32539985,123.8828216,155.10114421752587,data\road_images\1138894069_1138894073_0\0_155.jpg
1138894069_1138894067_0,1138894069,1138894067,0,0,10.325771897500575,123.88264674460869,335.47206302211686,data\road_images\1138894069_1138894067_0\0_335.jpg
1138894070_1138894069_0,1138894070,1138894069,0,0,10.3260129,123.88363915,250.78244005049123,data\road_images\1138894070_1138894069_0\0_251.jpg
1138894073_1138894074_0,1138894073,1138894074,0,0,10.32543515,123.8838294,69.46209377624405,data\road_images\1138894073_1138894074_0\0_69.jpg
1138894073_1138894069_0,1138894073,1138894069,0,0,10.32539985,123.8828216,335.1011926477733,data\road_images\1138894073_1138894069_0\0_335.jpg
1138894073_1138894076_0,1138894073,1138894076,0,0,10.32503505,123.8829916,156.36265778934694,data\road_images\1138894073_1138894076_0\0_156.jpg
1138894074_1138894073_0,1138894074,1138894073,0,0,10.32543515,123.8838294,249.46240661996274,data\road_images\1138894074_1138894073_0\0_249.jpg
1138894076_1138894073_0,1138894076,1138894073,0,0,10.32503505,123.8829916,336.3626702996484,data\road_images\1138894076_1138894073_0\0_336.jpg
1138894076_1138894056_0,1138894076,1138894056,0,0,10.32457935,123.88321214999999,154.166217101626,data\road_images\1138894076_1138894056_0\0_154.jpg
1138894076_1138894081_0,1138894076,1138894081,0,0,10.324462393913052,123.8823635729181,230.23080313140835,data\road_images\1138894076_1138894081_0\0_230.jpg
1138894081_1138894086_0,1138894081,1138894086,0,0,10.3241513,123.8817066,350.45356140911673,data\road_images\1138894081_1138894086_0\0_350.jpg
1138894081_1138894082_0,1138894081,1138894082,0,0,10.323728144264715,123.88132340958168,246.71559855759236,data\road_images\1138894081_1138894082_0\0_247.jpg
1138894081_1138894076_0,1138894081,1138894076,0,0,10.324462393913052,123.8823635729181,50.230573978476,data\road_images\1138894081_1138894076_0\0_50.jpg
1138894081_3219802539_0,1138894081,3219802539,0,0,10.323575614921044,123.88181836085255,167.46414110050546,data\road_images\1138894081_3219802539_0\0_167.jpg
1138894082_1138894081_0,1138894082,1138894081,0,0,10.323728144264715,123.88132340958168,66.71544617565957,data\road_images\1138894082_1138894081_0\0_67.jpg
1138894082_1138894213_0,1138894082,1138894213,0,0,10.323249194675984,123.8809717284113,166.35476781320494,data\road_images\1138894082_1138894213_0\0_166.jpg
1138894082_1138894086_0,1138894082,1138894086,0,0,10.324104408519949,123.88100582833997,41.85136896541559,data\road_images\1138894082_1138894086_0\0_42.jpg
1138894086_1138894081_0,1138894086,1138894081,0,0,10.3241513,123.8817066,170.45354660581256,data\road_images\1138894086_1138894081_0\0_170.jpg
1138894086_1138894082_0,1138894086,1138894082,0,0,10.324104408519949,123.88100582833997,221.85150654789516,data\road_images\1138894086_1138894082_0\0_222.jpg
1138894086_5848742758_0,1138894086,5848742758,0,0,10.3253201166294,123.8812780159214,314.5414491492114,data\road_images\1138894086_5848742758_0\0_315.jpg
1138894087_1138894221_0,1138894087,1138894221,0,0,10.32263415685887,123.88239457965159,138.36433412241524,data\road_images\1138894087_1138894221_0\0_138.jpg
1138894087_1138894213_0,1138894087,1138894213,0,0,10.322582346422108,123.88137586614639,283.9868716550845,data\road_images\1138894087_1138894213_0\0_284.jpg
1138894087_3219802539_0,1138894087,3219802539,0,0,10.322980459796717,123.88194426769591,350.22663796123703,data\road_images\1138894087_3219802539_0\0_350.jpg
1138894097_5846494997_0,1138894097,5846494997,0,0,10.324775,123.8806759,167.0458933128615,data\road_images\1138894097_5846494997_0\0_167.jpg
1138894097_1118274680_0,1138894097,1118274680,0,0,10.325409633050585,123.88049219920514,343.20494055872456,data\road_images\1138894097_1118274680_0\0_343.jpg
1138894097_1138894109_0,1138894097,1138894109,0,0,10.324835560829246,123.88034864681943,253.3577146317542,data\road_images\1138894097_1138894109_0\0_253.jpg
1138894099_5846494997_0,1138894099,5846494997,0,0,10.324545,123.8807275,348.45225290151984,data\road_images\1138894099_5846494997_0\0_348.jpg
1138894099_6357875064_0,1138894099,6357875064,0,0,10.32450995,123.88084144999999,63.094911811646796,data\road_images\1138894099_6357875064_0\0_63.jpg
1138894099_1138894105_0,1138894099,1138894105,0,0,10.32403443534106,123.87981111993498,250.1849183432284,data\road_images\1138894099_1138894105_0\0_250.jpg
1138894105_5846492002_0,1138894105,5846492002,0,0,10.3239459,123.87873295,343.096996757504,data\road_images\1138894105_5846492002_0\0_343.jpg
1138894105_1138894099_0,1138894105,1138894099,0,0,10.32403443534106,123.87981111993498,70.1845676348293,data\road_images\1138894105_1138894099_0\0_70.jpg
1138894105_6357875080_0,1138894105,6357875080,0,0,10.323476721283132,123.8780689503236,229.42382428966383,data\road_images\1138894105_6357875080_0\0_229.jpg
1138894107_1138894112_0,1138894107,1138894112,0,0,10.324406750000001,123.88015,344.83874448817863,data\road_images\1138894107_1138894112_0\0_345.jpg
1138894109_1138894112_0,1138894109,1138894112,0,0,10.324605850000001,123.8800952,164.85250796773926,data\road_images\1138894109_1138894112_0\0_165.jpg
1138894109_1138894097_0,1138894109,1138894097,0,0,10.324835560829246,123.88034864681943,73.35760962158639,data\road_images\1138894109_1138894097_0\0_73.jpg
1138894109_6301937937_0,1138894109,6301937937,0,0,10.324774747835757,123.87994204933482,269.2187923985634,data\road_images\1138894109_6301937937_0\0_269.jpg
1138894112_1138894109_0,1138894112,1138894109,0,0,10.324605850000001,123.8800952,344.85252212655524,data\road_images\1138894112_1138894109_0\0_345.jpg
1138894112_1138894107_0,1138894112,1138894107,0,0,10.324406750000001,123.88015,164.8387390039975,data\road_images\1138894112_1138894107_0\0_165.jpg
1138894112_6301937938_0,1138894112,6301937938,0,0,10.32443005,123.88001084999999,255.17486546113022,data\road_images\1138894112_6301937938_0\0_255.jpg
1138894114_1306268006_0,1138894114,1306268006,0,0,10.32431815,123.87958065000001,75.20150382707311,data\road_images\1138894114_1306268006_0\0_75.jpg
1138894114_1138894119_0,1138894114,1138894119,0,0,10.324463699999999,123.879389,343.6394101462104,data\road_images\1138894114_1138894119_0\0_344.jpg
1138894114_1138894119_1,1138894114,1138894119,1,0,10.324402495491277,123.87913930111051,343.6394101462104,data\road_images\1138894114_1138894119_1\0_344.jpg
1138894119_1484307098_0,1138894119,1484307098,0,0,10.32467805,123.8794761,76.61711289251934,data\road_images\1138894119_1484307098_0\0_77.jpg
1138894119_1138894114_0,1138894119,1138894114,0,0,10.324463699999999,123.879389,163.63939075435007,data\road_images\1138894119_1138894114_0\0_164.jpg
1138894119_1138894114_1,1138894119,1138894114,1,0,10.324402495491277,123.87913930111051,163.63939075435007,data\road_images\1138894119_1138894114_1\0_164.jpg
1138894130_1138894138_0,1138894130,1138894138,0,0,10.32469105,123.87845615,87.3033746664604,data\road_images\1138894130_1138894138_0\0_87.jpg
1138894130_1138894131_0,1138894130,1138894131,0,0,10.32484765,123.87809035000001,319.11370072872376,data\road_images\1138894130_1138894131_0\0_319.jpg
1138894130_5846492002_0,1138894130,5846492002,0,0,10.3244473821675,123.87852241886692,142.09542810941446,data\road_images\1138894130_5846492002_0\0_142.jpg
1138894131_1138894130_0,1138894131,1138894130,0,0,10.32484765,123.87809035000001,139.11364812507713,data\road_images\1138894131_1138894130_0\0_139.jpg
1138894131_1138894150_0,1138894131,1138894150,0,0,10.32506149359213,123.87825429709268,83.91743558250317,data\road_images\1138894131_1138894150_0\0_84.jpg
1138894131_1138894136_0,1138894131,1138894136,0,0,10.325363402349431,123.87763179033121,318.164642957717,data\road_images\1138894131_1138894136_0\0_318.jpg
1138894136_1138894131_0,1138894136,1138894131,0,0,10.325363402349431,123.87763179033121,138.16453102377477,data\road_images\1138894136_1138894131_0\0_138.jpg
1138894136_1138894170_0,1138894136,1138894170,0,0,10.325811398233244,123.87716673510545,303.91430442051893,data\road_images\1138894136_1138894170_0\0_304.jpg
1138894136_1138894147_0,1138894136,1138894147,0,0,10.325514254761352,123.8778947536222,106.67824543266283,data\road_images\1138894136_1138894147_0\0_107.jpg
1138894138_1138894140_0,1138894138,1138894140,0,0,10.32471445,123.8787941,83.53749871501321,data\road_images\1138894138_1138894140_0\0_84.jpg
1138894138_1138894130_0,1138894138,1138894130,0,0,10.32469105,123.87845615,267.30345318548467,data\road_images\1138894138_1138894130_0\0_267.jpg
1138894138_1138894150_0,1138894138,1138894150,0,0,10.32489065,123.87862275,344.76389063990257,data\road_images\1138894138_1138894150_0\0_345.jpg
1138894140_1138894138_0,1138894140,1138894138,0,0,10.32471445,123.8787941,263.5375413354284,data\road_images\1138894140_1138894138_0\0_264.jpg
1138894147_1138894150_0,1138894147,1138894150,0,0,10.32522777639545,123.8785377199984,160.9307172580394,data\road_images\1138894147_1138894150_0\0_161.jpg
1138894147_1138894136_0,1138894147,1138894136,0,0,10.325514254761352,123.8778947536222,286.67845200741334,data\road_images\1138894147_1138894136_0\0_287.jpg
1138894147_5846508301_0,1138894147,5846508301,0,0,10.325519378631233,123.87863253312528,59.58925802027153,data\road_images\1138894147_5846508301_0\0_60.jpg
1138894150_1138894138_0,1138894150,1138894138,0,0,10.32489065,123.87862275,164.76387183870827,data\road_images\1138894150_1138894138_0\0_165.jpg
1138894150_1138894131_0,1138894150,1138894131,0,0,10.32506149359213,123.87825429709268,263.9175479074337,data\road_images\1138894150_1138894131_0\0_264.jpg
1138894150_1138894147_0,1138894150,1138894147,0,0,10.32522777639545,123.8785377199984,340.9307349484993,data\road_images\1138894150_1138894147_0\0_341.jpg
1138894170_1138894196_0,1138894170,1138894196,0,0,10.324614990882399,123.8774510615498,266.2380315724638,data\road_images\1138894170_1138894196_0\0_266.jpg
1138894170_1138894136_0,1138894170,1138894136,0,0,10.325811398233244,123.87716673510545,123.91424835233141,data\road_images\1138894170_1138894136_0\0_124.jpg
1138894170_1138894173_0,1138894170,1138894173,0,0,10.326179655648776,123.87654115113128,300.6622670208072,data\road_images\1138894170_1138894173_0\0_301.jpg
1138894173_1138894170_0,1138894173,1138894170,0,0,10.326179655648776,123.87654115113128,120.66210017331434,data\road_images\1138894173_1138894170_0\0_121.jpg
1138894196_1138894205_0,1138894196,1138894205,0,0,10.325435587613619,123.8761620021937,166.28933791001373,data\road_images\1138894196_1138894205_0\0_166.jpg
1138894196_8375269413_0,1138894196,8375269413,0,0,10.326007239061765,123.87589178398413,307.40244291701185,data\road_images\1138894196_8375269413_0\0_307.jpg
1138894196_1138894170_0,1138894196,1138894170,0,0,10.324614990882399,123.8774510615498,86.23786836852275,data\road_images\1138894196_1138894170_0\0_86.jpg
1138894205_1138894196_0,1138894205,1138894196,0,0,10.325435587613619,123.8761620021937,346.28937488702115,data\road_images\1138894205_1138894196_0\0_346.jpg
1138894213_1138894225_0,1138894213,1138894225,0,0,10.322911699999999,123.88081905,260.58677063570235,data\road_images\1138894213_1138894225_0\0_261.jpg
1138894213_1138894087_0,1138894213,1138894087,0,0,10.322582346422108,123.88137586614639,103.98670237020133,data\road_images\1138894213_1138894087_0\0_104.jpg
1138894213_1138894082_0,1138894213,1138894082,0,0,10.323249194675984,123.8809717284113,346.3547943887426,data\road_images\1138894213_1138894082_0\0_346.jpg
1138894221_1138894247_0,1138894221,1138894247,0,0,10.321974182931784,123.88218099208534,238.06694794091942,data\road_images\1138894221_1138894247_0\0_238.jpg
1138894221_1138894228_0,1138894221,1138894228,0,0,10.322799245470412,123.8830462637439,50.991147619928256,data\road_images\1138894221_1138894228_0\0_51.jpg
1138894221_1138894087_0,1138894221,1138894087,0,0,10.32263415685887,123.88239457965159,318.364425973875,data\road_images\1138894221_1138894087_0\0_318.jpg
1138894225_1138894213_0,1138894225,1138894213,0,0,10.322911699999999,123.88081905,80.58668933449604,data\road_images\1138894225_1138894213_0\0_81.jpg
1138894228_318314965_0,1138894228,318314965,0,0,10.323051,123.8838366,166.78102811714143,data\road_images\1138894228_318314965_0\0_167.jpg
1138894228_1138894221_0,1138894228,1138894221,0,0,10.322799245470412,123.8830462637439,230.99138074803892,data\road_images\1138894228_1138894221_0\0_231.jpg
1138894228_1138894951_0,1138894228,1138894951,0,0,10.323477829152568,123.88372108051044,342.210261360186,data\road_images\1138894228_1138894951_0\0_342.jpg
1138894247_1138894249_0,1138894247,1138894249,0,0,10.32160845,123.88164735000001,235.12258185545042,data\road_images\1138894247_1138894249_0\0_235.jpg
1138894247_8602536613_0,1138894247,8602536613,0,0,10.321746749999999,123.88188535,157.13796388121216,data\road_images\1138894247_8602536613_0\0_157.jpg
1138894247_1138894221_0,1138894247,1138894221,0,0,10.321974182931784,123.88218099208534,58.06683575677948,data\road_images\1138894247_1138894221_0\0_58.jpg
1138894249_1138894247_0,1138894249,1138894247,0,0,10.32160845,123.88164735000001,55.122499525327726,data\road_images\1138894249_1138894247_0\0_55.jpg
1138894249_1138894252_0,1138894249,1138894252,0,0,10.321213425240849,123.88106847986766,235.31119843412355,data\road_images\1138894249_1138894252_0\0_235.jpg
1138894249_5911894530_0,1138894249,5911894530,0,0,10.321009741835864,123.88164023540716,143.39629136050655,data\road_images\1138894249_5911894530_0\0_143.jpg
1138894249_5911930266_0,1138894249,5911930266,0,0,10.321978145090904,123.88122891586941,339.23275878928166,data\road_images\1138894249_5911930266_0\0_339.jpg
1138894252_1138894256_0,1138894252,1138894256,0,0,10.320863406582466,123.88054527287402,234.95152006627023,data\road_images\1138894252_1138894256_0\0_235.jpg
1138894252_1138894249_0,1138894252,1138894249,0,0,10.321213425240849,123.88106847986766,55.311073375983256,data\road_images\1138894252_1138894249_0\0_55.jpg
1138894252_5911894527_0,1138894252,5911894527,0,0,10.320398717043195,123.88087939112941,161.53556560422874,data\road_images\1138894252_5911894527_0\0_162.jpg
1138894252_1138894400_0,1138894252,1138894400,0,0,10.321458258794248,123.88060569731587,347.2918728702413,data\road_images\1138894252_1138894400_0\0_347.jpg
1138894256_1138894270_0,1138894256,1138894270,0,0,10.320641969771962,123.88023602083857,234.99048227990062,data\road_images\1138894256_1138894270_0\0_235.jpg
1138894256_1138894252_0,1138894256,1138894252,0,0,10.320863406582466,123.88054527287402,54.95145895449974,data\road_images\1138894256_1138894252_0\0_55.jpg
1138894256_1138894387_0,1138894256,1138894387,0,0,10.320505606221626,123.88041793223074,171.33730147954566,data\road_images\1138894256_1138894387_0\0_171.jpg
1138894270_1138894274_0,1138894270,1138894274,0,0,10.320350602084565,123.8797944522186,235.79198092222742,data\road_images\1138894270_1138894274_0\0_236.jpg
1138894270_1138894256_0,1138894270,1138894256,0,0,10.320641969771962,123.88023602083857,54.990431220076346,data\road_images\1138894270_1138894256_0\0_55.jpg
1138894270_5848398436_0,1138894270,5848398436,0,0,10.32107230060854,123.87942418956108,339.3271911005755,data\road_images\1138894270_5848398436_0\0_339.jpg
1138894274_5848354356_0,1138894274,5848354356,0,0,10.3200545,123.87934385,238.94894951742378,data\road_images\1138894274_5848354356_0\0_239.jpg
1138894274_1138894366_0,1138894274,1138894366,0,0,10.319730100000001,123.8797028,154.66563028419841,data\road_images\1138894274_1138894366_0\0_155.jpg
1138894274_1138894270_0,1138894274,1138894270,0,0,10.320350602084565,123.8797944522186,55.79187490032365,data\road_images\1138894274_1138894270_0\0_56.jpg
1138894278_5856989121_0,1138894278,5856989121,0,0,10.319378856726868,123.87817397434105,55.77959930114963,data\road_images\1138894278_5856989121_0\0_56.jpg
1138894278_1138895584_0,1138894278,1138895584,0,0,10.31894165083501,123.87800200688484,166.90043350777273,data\road_images\1138894278_1138895584_0\0_167.jpg
1138894278_1138895586_0,1138894278,1138895586,0,0,10.319298260543096,123.87789300893297,332.83764597048514,data\road_images\1138894278_1138895586_0\0_333.jpg
1138894366_1138894274_0,1138894366,1138894274,0,0,10.319730100000001,123.8797028,334.66570233473107,data\road_images\1138894366_1138894274_0\0_335.jpg
1138894366_1138894374_0,1138894366,1138894374,0,0,10.319484551317526,123.88034830224,18.323203982409666,data\road_images\1138894366_1138894374_0\0_18.jpg
1138894366_6351417373_0,1138894366,6351417373,0,0,10.319202214467852,123.87953053774204,284.48067073782124,data\road_images\1138894366_6351417373_0\0_284.jpg
1138894374_1138894366_0,1138894374,1138894366,0,0,10.319484551317526,123.88034830224,198.32324197784567,data\road_images\1138894374_1138894366_0\0_198.jpg
1138894387_1138894256_0,1138894387,1138894256,0,0,10.320505606221626,123.88041793223074,351.33731452197867,data\road_images\1138894387_1138894256_0\0_351.jpg
1138894400_1138894402_0,1138894400,1138894402,0,0,10.32196865,123.8806353,79.17391457856388,data\road_images\1138894400_1138894402_0\0_79.jpg
1138894400_1138894252_0,1138894400,1138894252,0,0,10.321458258794248,123.88060569731587,167.29183314810166,data\road_images\1138894400_1138894252_0\0_167.jpg
1138894400_5911931021_0,1138894400,5911931021,0,0,10.321999865210568,123.88032306891903,275.5599046206503,data\road_images\1138894400_5911931021_0\0_276.jpg
1138894402_5833764405_0,1138894402,5833764405,0,0,10.32177985,123.8808175,168.39648698381654,data\road_images\1138894402_5833764405_0\0_168.jpg
1138894402_1138894400_0,1138894402,1138894400,0,0,10.32196865,123.8806353,259.1739638168701,data\road_images\1138894402_1138894400_0\0_259.jpg
1138894402_8318464346_0,1138894402,8318464346,0,0,10.32238750761194,123.88057326301978,313.32989833120536,data\road_images\1138894402_8318464346_0\0_313.jpg
1138894416_1138894434_0,1138894416,1138894434,0,0,10.320440511713933,123.88259742021592,168.10236145813462,data\road_images\1138894416_1138894434_0\0_168.jpg
1138894418_1138894419_0,1138894418,1138894419,0,0,10.3215325,123.88376805,258.39653016263003,data\road_images\1138894418_1138894419_0\0_258.jpg
1138894418_5911884049_0,1138894418,5911884049,0,0,10.321791300000001,123.88410264999999,348.4403177305155,data\road_images\1138894418_5911884049_0\0_348.jpg
1138894418_1138894430_0,1138894418,1138894430,0,0,10.320995947035966,123.88427348633613,167.95517615908352,data\road_images\1138894418_1138894430_0\0_168.jpg
1138894419_1138894418_0,1138894419,1138894418,0,0,10.3215325,123.88376805,78.396396589961,data\road_images\1138894419_1138894418_0\0_78.jpg
1138894419_1138894419_0,1138894419,1138894419,0,0,10.321852851382543,123.88296535909343,0.0,data\road_images\1138894419_1138894419_0\0_0.jpg
1138894419_1138894419_1,1138894419,1138894419,1,0,10.321852851382543,123.88296535909343,0.0,data\road_images\1138894419_1138894419_1\0_0.jpg
1138894430_5846428564_0,1138894430,5846428564,0,0,10.320336300000001,123.8841468,259.39137007726373,data\road_images\1138894430_5846428564_0\0_259.jpg
1138894430_1138896017_0,1138894430,1138896017,0,0,10.32008385,123.8844719,167.85090164352403,data\road_images\1138894430_1138896017_0\0_168.jpg
1138894430_1138894418_0,1138894430,1138894418,0,0,10.320995947035966,123.88427348633613,347.95522370887136,data\road_images\1138894430_1138894418_0\0_348.jpg
1138894432_8318126986_0,1138894432,8318126986,0,0,10.32005865,123.88281685,76.49068446397712,data\road_images\1138894432_8318126986_0\0_76.jpg
1138894432_1138894434_0,1138894432,1138894434,0,0,10.320085599999999,123.88267959999999,346.70339735325365,data\road_images\1138894432_1138894434_0\0_347.jpg
1138894432_1138894435_0,1138894432,1138894435,0,0,10.319647888383173,123.88276457306239,167.4142910575723,data\road_images\1138894432_1138894435_0\0_167.jpg
1138894434_1138894432_0,1138894434,1138894432,0,0,10.320085599999999,123.88267959999999,166.7033925163048,data\road_images\1138894434_1138894432_0\0_167.jpg
1138894434_1138894416_0,1138894434,1138894416,0,0,10.320440511713933,123.88259742021592,348.10238444346635,data\road_images\1138894434_1138894416_0\0_348.jpg
1138894434_1138896011_0,1138894434,1138896011,0,0,10.319791837958094,123.88185910922482,286.89813595133313,data\road_images\1138894434_1138896011_0\0_287.jpg
1138894435_5856773897_0,1138894435,5856773897,0,0,10.31923485,123.88287629999999,163.61429810660525,data\road_images\1138894435_5856773897_0\0_164.jpg
1138894435_1138894432_0,1138894435,1138894432,0,0,10.319647888383173,123.88276457306239,347.4143217262867,data\road_images\1138894435_1138894432_0\0_347.jpg
1138894435_1138896031_0,1138894435,1138896031,0,0,10.318974594837314,123.8821162267857,256.2869243561169,data\road_images\1138894435_1138896031_0\0_256.jpg
1138894436_1138896017_0,1138894436,1138896017,0,0,10.3197041,123.8845551,347.7804488851337,data\road_images\1138894436_1138896017_0\0_348.jpg
1138894436_1138894441_0,1138894436,1138894441,0,0,10.31944395,123.88461155,168.02378177927017,data\road_images\1138894436_1138894441_0\0_168.jpg
1138894436_1138894441_1,1138894436,1138894441,1,0,10.319356519099395,123.88405511829932,168.02378177927017,data\road_images\1138894436_1138894441_1\0_168.jpg
1138894441_1138894436_0,1138894441,1138894436,0,0,10.31944395,123.88461155,348.02379573399156,data\road_images\1138894441_1138894436_0\0_348.jpg
1138894441_1138894436_1,1138894441,1138894436,1,0,10.319356519099395,123.88405511829932,348.02379573399156,data\road_images\1138894441_1138894436_1\0_348.jpg
1138894441_12293210075_0,1138894441,12293210075,0,0,10.318884945478816,123.88472743121076,168.72216657082345,data\road_images\1138894441_12293210075_0\0_169.jpg
1138894444_1138894692_0,1138894444,1138894692,0,0,10.31741035,123.88504975000001,166.8658411976295,data\road_images\1138894444_1138894692_0\0_167.jpg
1138894444_8318111174_0,1138894444,8318111174,0,0,10.317543096467151,123.8845951443702,263.07966950367233,data\road_images\1138894444_8318111174_0\0_263.jpg
1138894444_318314968_0,1138894444,318314968,0,0,10.3180286348426,123.88490494544449,347.6239984987036,data\road_images\1138894444_318314968_0\0_348.jpg
1138894445_8318111174_0,1138894445,8318111174,0,0,10.3174893,123.88416515,80.71420472484851,data\road_images\1138894445_8318111174_0\0_81.jpg
1138894445_1138894447_0,1138894445,1138894447,0,0,10.317424281158411,123.88374167794404,261.2237150543118,data\road_images\1138894445_1138894447_0\0_261.jpg
1138894445_1138894473_0,1138894445,1138894473,0,0,10.317720880823439,123.88388834412282,309.4898889360095,data\road_images\1138894445_1138894473_0\0_309.jpg
1138894447_4195133257_0,1138894447,4195133257,0,0,10.3173991,123.88332605,343.6865207837897,data\road_images\1138894447_4195133257_0\0_344.jpg
1138894447_1138894512_0,1138894447,1138894512,0,0,10.317389562303955,123.88270044047283,289.21865286002685,data\road_images\1138894447_1138894512_0\0_289.jpg
1138894447_1138894445_0,1138894447,1138894445,0,0,10.317424281158411,123.88374167794404,81.22357001794052,data\road_images\1138894447_1138894445_0\0_81.jpg
1138894473_1138894445_0,1138894473,1138894445,0,0,10.317720880823439,123.88388834412282,129.48978929908338,data\road_images\1138894473_1138894445_0\0_129.jpg
1138894512_1138894447_0,1138894512,1138894447,0,0,10.317389562303955,123.88270044047283,109.21844517126999,data\road_images\1138894512_1138894447_0\0_109.jpg
1138894512_1138894515_0,1138894512,1138894515,0,0,10.31799400181001,123.88183279748476,315.47204956591605,data\road_images\1138894512_1138894515_0\0_315.jpg
1138894512_5793437488_0,1138894512,5793437488,0,0,10.317948654990753,123.88137944163982,296.6586134156945,data\road_images\1138894512_5793437488_0\0_297.jpg
1138894515_1138894512_0,1138894515,1138894512,0,0,10.31799400181001,123.88183279748476,135.47194607493697,data\road_images\1138894515_1138894512_0\0_135.jpg
1138894590_1138894591_0,1138894590,1138894591,0,0,10.3161967,123.88029035,229.27230857575736,data\road_images\1138894590_1138894591_0\0_229.jpg
1138894591_1138894590_0,1138894591,1138894590,0,0,10.3161967,123.88029035,49.27230400784458,data\road_images\1138894591_1138894590_0\0_49.jpg
1138894591_1138895310_0,1138894591,1138895310,0,0,10.316415858962818,123.88006889432658,318.2768765258892,data\road_images\1138894591_1138895310_0\0_318.jpg
1138894591_1138895259_0,1138894591,1138895259,0,0,10.315982080134617,123.88035221070143,168.55806940701268,data\road_images\1138894591_1138895259_0\0_169.jpg
1138894632_1138894692_0,1138894632,1138894692,0,0,10.316899549999999,123.88517035000001,346.9542966765109,data\road_images\1138894632_1138894692_0\0_347.jpg
1138894632_1138894644_0,1138894632,1138894644,0,0,10.316027981113491,123.88432678481752,274.34992112979364,data\road_images\1138894632_1138894644_0\0_274.jpg
1138894632_318314964_0,1138894632,318314964,0,0,10.316151351209703,123.88532955621152,169.1518179192425,data\road_images\1138894632_318314964_0\0_169.jpg
1138894644_1138894632_0,1138894644,1138894632,0,0,10.316027981113491,123.88432678481752,94.34966387038867,data\road_images\1138894644_1138894632_0\0_94.jpg
1138894652_1138893969_0,1138894652,1138893969,0,0,10.3152246,123.8830459,172.78374943869983,data\road_images\1138894652_1138893969_0\0_173.jpg
1138894652_1138894654_0,1138894652,1138894654,0,0,10.316111819736847,123.88330678771493,358.3232060901108,data\road_images\1138894652_1138894654_0\0_358.jpg
1138894652_5767672626_0,1138894652,5767672626,0,0,10.316060961221995,123.88281262496943,338.2748532314696,data\road_images\1138894652_5767672626_0\0_338.jpg
1138894654_1138894652_0,1138894654,1138894652,0,0,10.316111819736847,123.88330678771493,178.3231991954782,data\road_images\1138894654_1138894652_0\0_178.jpg
1138894663_500129510_0,1138894663,500129510,0,0,10.310079257121089,123.87613804573907,199.55055092287975,data\road_images\1138894663_500129510_0\0_200.jpg
1138894663_8318772918_0,1138894663,8318772918,0,0,10.31106429360477,123.87680892385609,38.70217074048122,data\road_images\1138894663_8318772918_0\0_39.jpg
1138894663_8322978098_0,1138894663,8322978098,0,0,10.310630862313069,123.87579998003315,282.16020529346923,data\road_images\1138894663_8322978098_0\0_282.jpg
1138894670_318377392_0,1138894670,318377392,0,0,10.31712235,123.88702515,254.6153443654726,data\road_images\1138894670_318377392_0\0_255.jpg
1138894671_1138894674_0,1138894671,1138894674,0,0,10.3176806,123.88551855,348.0729877495742,data\road_images\1138894671_1138894674_0\0_348.jpg
1138894671_1138894692_0,1138894671,1138894692,0,0,10.3172992,123.88533905,254.0991790947532,data\road_images\1138894671_1138894692_0\0_254.jpg
1138894671_1138894672_0,1138894671,1138894672,0,0,10.317511495688636,123.88609982068319,74.01912021727321,data\road_images\1138894671_1138894672_0\0_74.jpg
1138894671_318377392_0,1138894671,318377392,0,0,10.316818371193095,123.88593961449676,105.28115007300642,data\road_images\1138894671_318377392_0\0_105.jpg
1138894672_1138894678_0,1138894672,1138894678,0,0,10.317960549999999,123.88652809999999,344.55882351000747,data\road_images\1138894672_1138894678_0\0_345.jpg
1138894672_318377392_0,1138894672,318377392,0,0,10.3173547,123.88668845000001,166.2564867327427,data\road_images\1138894672_318377392_0\0_166.jpg
1138894672_1138894673_0,1138894672,1138894673,0,0,10.3177989,123.88711725,74.12006692688897,data\road_images\1138894672_1138894673_0\0_74.jpg
1138894672_1138894671_0,1138894672,1138894671,0,0,10.317511495688636,123.88609982068319,254.0193042454586,data\road_images\1138894672_1138894671_0\0_254.jpg
1138894673_1138894704_0,1138894673,1138894704,0,0,10.3181105,123.88757584999999,345.2737428902695,data\road_images\1138894673_1138894704_0\0_345.jpg
1138894673_1138894695_0,1138894673,1138894695,0,0,10.31789835,123.88763234999999,165.498055387975,data\road_images\1138894673_1138894695_0\0_165.jpg
1138894673_1138894672_0,1138894673,1138894672,0,0,10.3177989,123.88711725,254.12024752139843,data\road_images\1138894673_1138894672_0\0_254.jpg
1138894674_318377394_0,1138894674,318377394,0,0,10.31830665,123.8853885,348.8251454861742,data\road_images\1138894674_318377394_0\0_349.jpg
1138894674_1138894671_0,1138894674,1138894671,0,0,10.3176806,123.88551855,168.07296373148301,data\road_images\1138894674_1138894671_0\0_168.jpg
1138894674_1138894678_0,1138894674,1138894678,0,0,10.3181281,123.8859473,74.50797817841544,data\road_images\1138894674_1138894678_0\0_75.jpg
1138894678_318377390_0,1138894678,318377390,0,0,10.3185713,123.88635055,343.5309016100259,data\road_images\1138894678_318377390_0\0_344.jpg
1138894678_1138894672_0,1138894678,1138894672,0,0,10.317960549999999,123.88652809999999,164.55879306120812,data\road_images\1138894678_1138894672_0\0_165.jpg
1138894678_1138894680_0,1138894678,1138894680,0,0,10.318407950000001,123.8869522,73.89122033043674,data\road_images\1138894678_1138894680_0\0_74.jpg
1138894678_1138894674_0,1138894678,1138894674,0,0,10.3181281,123.8859473,254.5081557873208,data\road_images\1138894678_1138894674_0\0_255.jpg
1138894680_5846440304_0,1138894680,5846440304,0,0,10.318823349999999,123.88738975,345.42623910553976,data\road_images\1138894680_5846440304_0\0_345.jpg
1138894680_1138894704_0,1138894680,1138894704,0,0,10.318416800000001,123.8874958,165.9669076023356,data\road_images\1138894680_1138894704_0\0_166.jpg
1138894680_1138894678_0,1138894680,1138894678,0,0,10.318407950000001,123.8869522,253.89140270874418,data\road_images\1138894680_1138894678_0\0_254.jpg
1138894687_318377390_0,1138894687,318377390,0,0,10.319440617509468,123.88610269824136,158.97205269329822,data\road_images\1138894687_318377390_0\0_159.jpg
1138894690_1138894691_0,1138894690,1138894691,0,0,10.3191001,123.88559295,347.42938115296755,data\road_images\1138894690_1138894691_0\0_347.jpg
1138894690_318377394_0,1138894690,318377394,0,0,10.318669100000001,123.88550255,254.3798180211198,data\road_images\1138894690_318377394_0\0_254.jpg
1138894690_318377390_0,1138894690,318377390,0,0,10.31879859268997,123.88596878817518,74.15554140033527,data\road_images\1138894690_318377390_0\0_74.jpg
1138894691_1138894690_0,1138894691,1138894690,0,0,10.3191001,123.88559295,167.429350109712,data\road_images\1138894691_1138894690_0\0_167.jpg
1138894692_1138894671_0,1138894692,1138894671,0,0,10.3172992,123.88533905,74.09909078085303,data\road_images\1138894692_1138894671_0\0_74.jpg
1138894692_1138894444_0,1138894692,1138894444,0,0,10.31741035,123.88504975000001,346.8658565108393,data\road_images\1138894692_1138894444_0\0_347.jpg
1138894692_1138894632_0,1138894692,1138894632,0,0,10.316899549999999,123.88517035000001,166.95426879179809,data\road_images\1138894692_1138894632_0\0_167.jpg
1138894695_1138894673_0,1138894695,1138894673,0,0,10.31789835,123.88763234999999,345.49805931059706,data\road_images\1138894695_1138894673_0\0_345.jpg
1138894695_318314966_0,1138894695,318314966,0,0,10.31724827828823,123.8878109281044,164.2362400911793,data\road_images\1138894695_318314966_0\0_164.jpg
1138894695_1138894702_0,1138894695,1138894702,0,0,10.318031228607515,123.8881910742223,42.56847587347494,data\road_images\1138894695_1138894702_0\0_43.jpg
1138894702_1138894695_0,1138894702,1138894695,0,0,10.318031228607515,123.8881910742223,222.56858396901578,data\road_images\1138894702_1138894695_0\0_223.jpg
1138894702_5793437517_0,1138894702,5793437517,0,0,10.31870262760041,123.8884209214096,37.24120139621073,data\road_images\1138894702_5793437517_0\0_37.jpg
1138894702_1138894704_0,1138894702,1138894704,0,0,10.318390912754037,123.8878889146139,252.51174955024925,data\road_images\1138894702_1138894704_0\0_253.jpg
1138894704_1138894680_0,1138894704,1138894680,0,0,10.318416800000001,123.8874958,345.9669199615149,data\road_images\1138894704_1138894680_0\0_346.jpg
1138894704_1138894673_0,1138894704,1138894673,0,0,10.3181105,123.88757584999999,165.273726573089,data\road_images\1138894704_1138894673_0\0_165.jpg
1138894704_1138894702_0,1138894704,1138894702,0,0,10.318390912754037,123.8878889146139,72.51162121211001,data\road_images\1138894704_1138894702_0\0_73.jpg
1138894717_2507910439_0,1138894717,2507910439,0,0,10.319317399129675,123.88810755965943,264.0673660996234,data\road_images\1138894717_2507910439_0\0_264.jpg
1138894721_1138894725_0,1138894721,1138894725,0,0,10.31976931993518,123.88820513063048,281.55040787905244,data\road_images\1138894721_1138894725_0\0_282.jpg
1138894725_8318447737_0,1138894725,8318447737,0,0,10.320248823400084,123.88844814553123,74.15349528529151,data\road_images\1138894725_8318447737_0\0_74.jpg
1138894725_1138894721_0,1138894725,1138894721,0,0,10.31976931993518,123.88820513063048,101.5503606569709,data\road_images\1138894725_1138894721_0\0_102.jpg
1138894725_2507910439_0,1138894725,2507910439,0,0,10.319523264846099,123.88769368059008,226.3992620082906,data\road_images\1138894725_2507910439_0\0_226.jpg
1138894730_1138894736_0,1138894730,1138894736,0,0,10.3203834,123.88580300000001,259.50848585671224,data\road_images\1138894730_1138894736_0\0_260.jpg
1138894730_1138894740_0,1138894730,1138894740,0,0,10.320535,123.886694,80.7812753036082,data\road_images\1138894730_1138894740_0\0_81.jpg
1138894730_1138894749_0,1138894730,1138894749,0,0,10.320748729117238,123.88611541610541,344.7580390800001,data\road_images\1138894730_1138894749_0\0_345.jpg
1138894730_318314967_0,1138894730,318314967,0,0,10.31984961762399,123.88680379498311,140.41083304423904,data\road_images\1138894730_318314967_0\0_140.jpg
1138894736_1138894730_0,1138894736,1138894730,0,0,10.3203834,123.88580300000001,79.50833737528649,data\road_images\1138894736_1138894730_0\0_80.jpg
1138894740_1138894730_0,1138894740,1138894730,0,0,10.320535,123.886694,260.78144607397417,data\road_images\1138894740_1138894730_0\0_261.jpg
1138894749_5846385020_0,1138894749,5846385020,0,0,10.3212098,123.8860233,349.44516111289965,data\road_images\1138894749_5846385020_0\0_349.jpg
1138894749_5846385022_0,1138894749,5846385022,0,0,10.32100185,123.88577555,259.7221763108027,data\road_images\1138894749_5846385022_0\0_260.jpg
1138894749_1138894730_0,1138894749,1138894730,0,0,10.320748729117238,123.88611541610541,164.75800968005194,data\road_images\1138894749_1138894730_0\0_165.jpg
1138894749_1138894757_0,1138894749,1138894757,0,0,10.32123911779188,123.88698650610665,75.61356732020886,data\road_images\1138894749_1138894757_0\0_76.jpg
1138894757_1138894786_0,1138894757,1138894786,0,0,10.32150545,123.88814595,90.46060336028017,data\road_images\1138894757_1138894786_0\0_90.jpg
1138894757_1138894761_0,1138894757,1138894761,0,0,10.32174848329882,123.88805531744586,64.94504948048848,data\road_images\1138894757_1138894761_0\0_65.jpg
1138894757_1138894749_0,1138894757,1138894749,0,0,10.32123911779188,123.88698650610665,255.61389129112163,data\road_images\1138894757_1138894749_0\0_256.jpg
1138894761_1138894786_0,1138894761,1138894786,0,0,10.32163795,123.88843405,181.52650647895211,data\road_images\1138894761_1138894786_0\0_182.jpg
1138894761_1138894765_0,1138894761,1138894765,0,0,10.321772976045578,123.88882178681716,77.65432456563173,data\road_images\1138894761_1138894765_0\0_78.jpg
1138894761_1138894757_0,1138894761,1138894757,0,0,10.32174848329882,123.88805531744586,244.94515272041858,data\road_images\1138894761_1138894757_0\0_245.jpg
1138894765_1138894765_0,1138894765,1138894765,0,0,10.322209889201119,123.88958089681083,0.0,data\road_images\1138894765_1138894765_0\0_0.jpg
1138894765_1138894765_1,1138894765,1138894765,1,0,10.322209889201119,123.88958089681083,0.0,data\road_images\1138894765_1138894765_1\0_0.jpg
1138894765_1138894761_0,1138894765,1138894761,0,0,10.321772976045578,123.88882178681716,257.65444497283124,data\road_images\1138894765_1138894761_0\0_258.jpg
1138894786_1138894787_0,1138894786,1138894787,0,0,10.321209750000001,123.88841934999999,182.12162073575334,data\road_images\1138894786_1138894787_0\0_182.jpg
1138894786_1138894761_0,1138894786,1138894761,0,0,10.32163795,123.88843405,1.5265051709934596,data\road_images\1138894786_1138894761_0\0_2.jpg
1138894786_1138894757_0,1138894786,1138894757,0,0,10.32150545,123.88814595,270.46070529070454,data\road_images\1138894786_1138894757_0\0_270.jpg
1138894787_1138894786_0,1138894787,1138894786,0,0,10.321209750000001,123.88841934999999,2.1216167761803604,data\road_images\1138894787_1138894786_0\0_2.jpg
1138894801_1138894806_0,1138894801,1138894806,0,0,10.322259200000001,123.88598619999999,86.24026338959084,data\road_images\1138894801_1138894806_0\0_86.jpg
1138894801_5846385020_0,1138894801,5846385020,0,0,10.321812908683672,123.885920073909,168.88820707948014,data\road_images\1138894801_5846385020_0\0_169.jpg
1138894801_5846370635_0,1138894801,5846370635,0,0,10.322200393572452,123.88545449328656,258.728786062707,data\road_images\1138894801_5846370635_0\0_259.jpg
1138894801_1118274693_0,1138894801,1118274693,0,0,10.322722634525169,123.88566042759503,345.7517138295631,data\road_images\1138894801_1118274693_0\0_346.jpg
1138894806_1138894801_0,1138894806,1138894801,0,0,10.322259200000001,123.88598619999999,266.24032381023926,data\road_images\1138894806_1138894801_0\0_266.jpg
1138894806_1138894813_0,1138894806,1138894813,0,0,10.32277165,123.88611355,355.37406521545034,data\road_images\1138894806_1138894813_0\0_355.jpg
1138894806_5846440306_0,1138894806,5846440306,0,0,10.322620182429098,123.88651521173254,14.49365787460573,data\road_images\1138894806_5846440306_0\0_14.jpg
1138894813_1138894806_0,1138894813,1138894806,0,0,10.32277165,123.88611355,175.37405043200704,data\road_images\1138894813_1138894806_0\0_175.jpg
1138894813_5846440306_0,1138894813,5846440306,0,0,10.323298,123.88625185000001,82.00811819411604,data\road_images\1138894813_5846440306_0\0_82.jpg
1138894813_1118274693_0,1138894813,1118274693,0,0,10.3232491,123.8858189,264.47833866168696,data\road_images\1138894813_1118274693_0\0_264.jpg
1138894819_1138894887_0,1138894819,1138894887,0,0,10.3235905,123.88742640000001,354.54234527101266,data\road_images\1138894819_1138894887_0\0_355.jpg
1138894819_1138894822_0,1138894819,1138894822,0,0,10.323538157324956,123.88787588321941,84.87782839339525,data\road_images\1138894819_1138894822_0\0_85.jpg
1138894819_5846440306_0,1138894819,5846440306,0,0,10.323407361898639,123.88693352363849,260.6000696822607,data\road_images\1138894819_5846440306_0\0_261.jpg
1138894822_1138894836_0,1138894822,1138894836,0,0,10.32383785,123.8883173,359.9382041423501,data\road_images\1138894822_1138894836_0\0_360.jpg
1138894822_1138894819_0,1138894822,1138894819,0,0,10.323538157324956,123.88787588321941,264.87798629201734,data\road_images\1138894822_1138894819_0\0_265.jpg
1138894822_1138894840_0,1138894822,1138894840,0,0,10.323486007543163,123.88842496418133,106.81369380549341,data\road_images\1138894822_1138894840_0\0_107.jpg
1138894834_5846464942_0,1138894834,5846464942,0,0,10.324764746790787,123.88831572864257,359.94462096570095,data\road_images\1138894834_5846464942_0\0_360.jpg
1138894834_1138645292_0,1138894834,1138645292,0,0,10.324158679586752,123.88761778828199,252.74939083431832,data\road_images\1138894834_1138645292_0\0_253.jpg
1138894834_1138894836_0,1138894834,1138894836,0,0,10.324260029264,123.88831728629388,179.6963360732882,data\road_images\1138894834_1138894836_0\0_180.jpg
1138894836_1138894822_0,1138894836,1138894822,0,0,10.32383785,123.8883173,179.93820403482334,data\road_images\1138894836_1138894822_0\0_180.jpg
1138894836_1138894873_0,1138894836,1138894873,0,0,10.324120715164595,123.88869580085961,88.57808093949257,data\road_images\1138894836_1138894873_0\0_89.jpg
1138894836_1138894834_0,1138894836,1138894834,0,0,10.324260029264,123.88831728629388,359.69633636003994,data\road_images\1138894836_1138894834_0\0_360.jpg
1138894840_8318481531_0,1138894840,8318481531,0,0,10.322915559673158,123.88856809607516,200.1868760344765,data\road_images\1138894840_8318481531_0\0_200.jpg
1138894840_5871421519_0,1138894840,5871421519,0,0,10.323621330991207,123.88884107993692,64.86986916065803,data\road_images\1138894840_5871421519_0\0_65.jpg
1138894840_5871421512_0,1138894840,5871421512,0,0,10.323120337269803,123.88925712422541,153.1253991490829,data\road_images\1138894840_5871421512_0\0_153.jpg
1138894840_1138894822_0,1138894840,1138894822,0,0,10.323486007543163,123.88842496418133,286.8137420299004,data\road_images\1138894840_1138894822_0\0_287.jpg
1138894873_1138894836_0,1138894873,1138894836,0,0,10.324120715164595,123.88869580085961,268.57821671372824,data\road_images\1138894873_1138894836_0\0_269.jpg
1138894884_1138894887_0,1138894884,1138894887,0,0,10.3237558,123.88776235,259.79292457148244,data\road_images\1138894884_1138894887_0\0_260.jpg
1138894886_1138894887_0,1138894886,1138894887,0,0,10.3236723,123.8872908,79.80692328712638,data\road_images\1138894886_1138894887_0\0_80.jpg
1138894887_1138894819_0,1138894887,1138894819,0,0,10.3235905,123.88742640000001,174.54234165100627,data\road_images\1138894887_1138894819_0\0_175.jpg
1138894887_1138894886_0,1138894887,1138894886,0,0,10.3236723,123.8872908,259.80696826803023,data\road_images\1138894887_1138894886_0\0_260.jpg
1138894887_1138894884_0,1138894887,1138894884,0,0,10.3237558,123.88776235,79.7928005402427,data\road_images\1138894887_1138894884_0\0_80.jpg
1138894919_1138894051_0,1138894919,1138894051,0,0,10.32426225,123.8853279,347.5752197203192,data\road_images\1138894919_1138894051_0\0_348.jpg
1138894919_1118274693_0,1138894919,1118274693,0,0,10.323536449612195,123.88549010208449,167.11828930005163,data\road_images\1138894919_1118274693_0\0_167.jpg
1138894919_1138894050_0,1138894919,1138894050,0,0,10.324136506243144,123.88594229019857,21.021673820636067,data\road_images\1138894919_1138894050_0\0_21.jpg
1138894938_318314965_0,1138894938,318314965,0,0,10.323022524363259,123.88428488481036,255.9818513408087,data\road_images\1138894938_318314965_0\0_256.jpg
1138894938_1118274693_0,1138894938,1118274693,0,0,10.323204559086713,123.88513070880171,82.95756052796162,data\road_images\1138894938_1118274693_0\0_83.jpg
1138894938_1138894053_0,1138894938,1138894053,0,0,10.323707124280057,123.88502313422246,5.024618422843673,data\road_images\1138894938_1138894053_0\0_5.jpg
1138894951_5846394096_0,1138894951,5846394096,0,0,10.32394115,123.88352714999999,333.8515337526697,data\road_images\1138894951_5846394096_0\0_334.jpg
1138894951_1138894954_0,1138894951,1138894954,0,0,10.323929759134426,123.88405510929253,73.82802890579563,data\road_images\1138894951_1138894954_0\0_74.jpg
1138894951_1138894228_0,1138894951,1138894228,0,0,10.323477829152568,123.88372108051044,162.21022774126163,data\road_images\1138894951_1138894228_0\0_162.jpg
1138894954_1138894951_0,1138894954,1138894951,0,0,10.323929759134426,123.88405510929253,253.82818958774203,data\road_images\1138894954_1138894951_0\0_254.jpg
1138894956_1138894054_0,1138894956,1138894054,0,0,10.324775299999999,123.88401329999999,157.62644289646596,data\road_images\1138894956_1138894054_0\0_158.jpg
1138894995_1138893960_0,1138894995,1138893960,0,0,10.31625995,123.8875805,352.25529615677414,data\road_images\1138894995_1138893960_0\0_352.jpg
1138894995_6810721078_0,1138894995,6810721078,0,0,10.315855782334754,123.88714528073405,213.62088450434987,data\road_images\1138894995_6810721078_0\0_214.jpg
1138894995_1138895004_0,1138894995,1138895004,0,0,10.31579791017098,123.88776596964097,154.44568458818685,data\road_images\1138894995_1138895004_0\0_154.jpg
1138895004_1138895055_0,1138895004,1138895055,0,0,10.3155265,123.8882636,83.44015219678039,data\road_images\1138895004_1138895055_0\0_83.jpg
1138895004_1138894995_0,1138895004,1138894995,0,0,10.31579791017098,123.88776596964097,334.4457324364492,data\road_images\1138895004_1138894995_0\0_334.jpg
1138895004_5911986561_0,1138895004,5911986561,0,0,10.315260426718455,123.88795701319495,161.164473487926,data\road_images\1138895004_5911986561_0\0_161.jpg
1138895013_5911986561_0,1138895013,5911986561,0,0,10.31495615,123.8880512,347.96941996988784,data\road_images\1138895013_5911986561_0\0_348.jpg
1138895016_10880337643_0,1138895016,10880337643,0,0,10.31440567451491,123.88750007608112,107.38114767741945,data\road_images\1138895016_10880337643_0\0_107.jpg
1138895016_8318111135_0,1138895016,8318111135,0,0,10.314452492653915,123.88733709616318,286.03009009727043,data\road_images\1138895016_8318111135_0\0_286.jpg
1138895016_6810721078_0,1138895016,6810721078,0,0,10.314924636025685,123.88733949290085,346.4058631730758,data\road_images\1138895016_6810721078_0\0_346.jpg
1138895041_10880337643_0,1138895041,10880337643,0,0,10.313797542100684,123.88788800174643,337.6987195452199,data\road_images\1138895041_10880337643_0\0_338.jpg
1138895055_1138895004_0,1138895055,1138895004,0,0,10.3155265,123.8882636,263.440289900699,data\road_images\1138895055_1138895004_0\0_263.jpg
1138895065_1138895070_0,1138895065,1138895070,0,0,10.3162916,123.8882802,69.72454615346942,data\road_images\1138895065_1138895070_0\0_70.jpg
1138895065_5857127074_0,1138895065,5857127074,0,0,10.315872196592354,123.88813113776175,108.65767908265536,data\road_images\1138895065_5857127074_0\0_109.jpg
1138895065_318314966_0,1138895065,318314966,0,0,10.316426261883171,123.88803832354104,354.5102325158091,data\road_images\1138895065_318314966_0\0_355.jpg
1138895070_1138895065_0,1138895070,1138895065,0,0,10.3162916,123.8882802,249.7246341542596,data\road_images\1138895070_1138895065_0\0_250.jpg
1138895102_5911986563_0,1138895102,5911986563,0,0,10.31511875,123.88662445,343.0414208032407,data\road_images\1138895102_5911986563_0\0_343.jpg
1138895104_1138895188_0,1138895104,1138895188,0,0,10.313738650000001,123.8858367,168.66395973268754,data\road_images\1138895104_1138895188_0\0_169.jpg
1138895104_8318106371_0,1138895104,8318106371,0,0,10.31396703107695,123.88642043817984,92.02579898259205,data\road_images\1138895104_8318106371_0\0_92.jpg
1138895104_318314964_0,1138895104,318314964,0,0,10.31478637813677,123.88560557798,348.11285577645765,data\road_images\1138895104_318314964_0\0_348.jpg
1138895127_1138897930_0,1138895127,1138897930,0,0,10.3118525,123.88662959999999,77.78311402964869,data\road_images\1138895127_1138897930_0\0_78.jpg
1138895127_8318132197_0,1138895127,8318132197,0,0,10.31231679184547,123.88615052821422,349.12474010750725,data\road_images\1138895127_8318132197_0\0_349.jpg
1138895127_1138897471_0,1138895127,1138897471,0,0,10.311026813557326,123.8863315113029,173.10898110893208,data\road_images\1138895127_1138897471_0\0_173.jpg
1138895129_1138895142_0,1138895129,1138895142,0,0,10.3147788,123.88363576524544,259.5712591546774,data\road_images\1138895129_1138895142_0\0_260.jpg
1138895129_1138893965_0,1138895129,1138893965,0,0,10.315021347140492,123.88397112230867,7.181334711474165,data\road_images\1138895129_1138893965_0\0_7.jpg
1138895129_1138895153_0,1138895129,1138895153,0,0,10.314431900165356,123.88409598702616,132.18214355496661,data\road_images\1138895129_1138895153_0\0_132.jpg
1138895142_1138893966_0,1138895142,1138893966,0,0,10.314831,123.88331255,9.526289199358587,data\road_images\1138895142_1138893966_0\0_10.jpg
1138895142_1138895129_0,1138895142,1138895129,0,0,10.3147788,123.88363576524544,79.57114237392955,data\road_images\1138895142_1138895129_0\0_80.jpg
1138895142_5793422985_0,1138895142,5793422985,0,0,10.314470056800095,123.8832872116623,178.62209865064756,data\road_images\1138895142_5793422985_0\0_179.jpg
1138895153_1138895156_0,1138895153,1138895156,0,0,10.314111939847747,123.88463008556486,179.77212865700312,data\road_images\1138895153_1138895156_0\0_180.jpg
1138895153_1138895129_0,1138895153,1138895129,0,0,10.314431900165356,123.88409598702616,312.18225861436156,data\road_images\1138895153_1138895129_0\0_312.jpg
1138895153_1138895180_0,1138895153,1138895180,0,0,10.314266275112054,123.88496098200552,133.91291866525796,data\road_images\1138895153_1138895180_0\0_134.jpg
1138895156_1138895180_0,1138895156,1138895180,0,0,10.313902800000001,123.88481525,92.48338813838893,data\road_images\1138895156_1138895180_0\0_92.jpg
1138895156_1138895159_0,1138895156,1138895159,0,0,10.313687300049228,123.88437628154084,248.5898628932472,data\road_images\1138895156_1138895159_0\0_249.jpg
1138895156_1138895153_0,1138895156,1138895153,0,0,10.314111939847747,123.88463008556486,359.77212894347537,data\road_images\1138895156_1138895153_0\0_360.jpg
1138895159_8374921586_0,1138895159,8374921586,0,0,10.313574789413725,123.88354091949326,247.2771595644665,data\road_images\1138895159_8374921586_0\0_247.jpg
1138895159_1138895163_0,1138895159,1138895163,0,0,10.313380809098696,123.88388318550396,185.33017566462453,data\road_images\1138895159_1138895163_0\0_185.jpg
1138895159_1138895156_0,1138895159,1138895156,0,0,10.313687300049228,123.88437628154084,68.5897527125349,data\road_images\1138895159_1138895156_0\0_69.jpg
1138895163_5793422998_0,1138895163,5793422998,0,0,10.313076500000001,123.88402345,91.42516455668806,data\road_images\1138895163_5793422998_0\0_91.jpg
1138895163_5793422997_0,1138895163,5793422997,0,0,10.31280292628964,123.8839452660592,132.6160389011941,data\road_images\1138895163_5793422997_0\0_133.jpg
1138895163_1138895159_0,1138895163,1138895159,0,0,10.313380809098696,123.88388318550396,5.3301655493357885,data\road_images\1138895163_1138895159_0\0_5.jpg
1138895169_5793422997_0,1138895169,5793422997,0,0,10.312799731285091,123.8846143307492,248.1954005200289,data\road_images\1138895169_5793422997_0\0_248.jpg
1138895180_1138895186_0,1138895180,1138895186,0,0,10.3138302,123.88504499999999,169.60734492939866,data\road_images\1138895180_1138895186_0\0_170.jpg
1138895180_1138895156_0,1138895180,1138895156,0,0,10.313902800000001,123.88481525,272.4834661822343,data\road_images\1138895180_1138895156_0\0_272.jpg
1138895180_1138895153_0,1138895180,1138895153,0,0,10.314266275112054,123.88496098200552,313.91299699706695,data\road_images\1138895180_1138895153_0\0_314.jpg
1138895186_1138895180_0,1138895186,1138895180,0,0,10.3138302,123.88504499999999,349.6073491546436,data\road_images\1138895186_1138895180_0\0_350.jpg
1138895188_1138895104_0,1138895188,1138895104,0,0,10.313738650000001,123.8858367,348.6639672880365,data\road_images\1138895188_1138895104_0\0_349.jpg
1138895188_1138897912_0,1138895188,1138897912,0,0,10.3132979,123.8859315,167.86427680213285,data\road_images\1138895188_1138897912_0\0_168.jpg
1138895188_5793422996_0,1138895188,5793422996,0,0,10.313533162980479,123.88540507067898,254.51407598158144,data\road_images\1138895188_5793422996_0\0_255.jpg
1138895209_5911868191_0,1138895209,5911868191,0,0,10.3134585,123.88252575,187.06403419370812,data\road_images\1138895209_5911868191_0\0_187.jpg
1138895209_1138893970_0,1138895209,1138893970,0,0,10.31406225,123.8824258,349.638422116033,data\road_images\1138895209_1138893970_0\0_350.jpg
1138895209_1138897139_0,1138895209,1138897139,0,0,10.313318536460333,123.8818353920596,260.15815198214403,data\road_images\1138895209_1138897139_0\0_260.jpg
1138895211_1138895212_0,1138895211,1138895212,0,0,10.312346900000001,123.88272315,165.6928181996591,data\road_images\1138895211_1138895212_0\0_166.jpg
1138895211_8318786064_0,1138895211,8318786064,0,0,10.31258335,123.88266899999999,349.3984503172319,data\road_images\1138895211_8318786064_0\0_349.jpg
1138895211_1138897186_0,1138895211,1138897186,0,0,10.312459598770895,123.88217231752428,268.2302741994099,data\road_images\1138895211_1138897186_0\0_268.jpg
1138895212_1138895211_0,1138895212,1138895211,0,0,10.312346900000001,123.88272315,345.69283053373204,data\road_images\1138895212_1138895211_0\0_346.jpg
1138895212_1138897142_0,1138895212,1138897142,0,0,10.31216925,123.88247265000001,260.93080942445204,data\road_images\1138895212_1138897142_0\0_261.jpg
1138895212_1138895214_0,1138895212,1138895214,0,0,10.31204965816549,123.88281606051834,157.67451516155802,data\road_images\1138895212_1138895214_0\0_158.jpg
1138895214_1138895212_0,1138895214,1138895212,0,0,10.31204965816549,123.88281606051834,337.6745392204401,data\road_images\1138895214_1138895212_0\0_338.jpg
1138895214_1138897156_0,1138895214,1138897156,0,0,10.31147707462237,123.88281109350544,210.4932549220187,data\road_images\1138895214_1138897156_0\0_210.jpg
1138895214_1138895219_0,1138895214,1138895219,0,0,10.311348890900366,123.8831677189439,154.42687228910393,data\road_images\1138895214_1138895219_0\0_154.jpg
1138895219_1138897377_0,1138895219,1138897377,0,0,10.309515926750738,123.88200454394544,200.17392411436813,data\road_images\1138895219_1138897377_0\0_200.jpg
1138895219_1138897296_0,1138895219,1138897296,0,0,10.31084720827771,123.88366622283586,78.1786616913489,data\road_images\1138895219_1138897296_0\0_78.jpg
1138895219_1138895214_0,1138895219,1138895214,0,0,10.311348890900366,123.8831677189439,334.42696765870664,data\road_images\1138895219_1138895214_0\0_334.jpg
1138895240_1138893973_0,1138895240,1138893973,0,0,10.314483734529313,123.88097487057195,170.12232665571867,data\road_images\1138895240_1138893973_0\0_170.jpg
1138895241_1138895329_0,1138895241,1138895329,0,0,10.314717654863632,123.88044769215693,348.9216003164632,data\road_images\1138895241_1138895329_0\0_349.jpg
1138895241_1138895462_0,1138895241,1138895462,0,0,10.313888613614841,123.88053942490089,235.64551414607848,data\road_images\1138895241_1138895462_0\0_236.jpg
1138895241_1138893973_0,1138895241,1138893973,0,0,10.314102040670125,123.88085103994963,58.13388939099514,data\road_images\1138895241_1138893973_0\0_58.jpg
1138895249_1138895327_0,1138895249,1138895327,0,0,10.3164409,123.87969145,205.7480391381054,data\road_images\1138895249_1138895327_0\0_206.jpg
1138895249_1138895318_0,1138895249,1138895318,0,0,10.31670055,123.8797479,292.7924528383245,data\road_images\1138895249_1138895318_0\0_293.jpg
1138895249_1138895310_0,1138895249,1138895310,0,0,10.31666115,123.87983365,119.67155620379668,data\road_images\1138895249_1138895310_0\0_120.jpg
1138895256_1138895258_0,1138895256,1138895258,0,0,10.31703105,123.8789739,0.23087882019041217,data\road_images\1138895256_1138895258_0\0_0.jpg
1138895256_1138895287_0,1138895256,1138895287,0,0,10.316663582026294,123.8787205991997,231.7348334905845,data\road_images\1138895256_1138895287_0\0_232.jpg
1138895256_1138895318_0,1138895256,1138895318,0,0,10.316792265719908,123.87933436584392,95.02917175863024,data\road_images\1138895256_1138895318_0\0_95.jpg
1138895258_8393487349_0,1138895258,8393487349,0,0,10.31729165,123.87897855,12.314306621886146,data\road_images\1138895258_8393487349_0\0_12.jpg
1138895258_1138895256_0,1138895258,1138895256,0,0,10.31703105,123.8789739,180.23087917837995,data\road_images\1138895258_1138895256_0\0_180.jpg
1138895258_1138895291_0,1138895258,1138895291,0,0,10.317126708340407,123.87854499887841,230.62588492034197,data\road_images\1138895258_1138895291_0\0_231.jpg
1138895259_1138895329_0,1138895259,1138895329,0,0,10.3156255,123.88036825,178.50398105094564,data\road_images\1138895259_1138895329_0\0_179.jpg
1138895259_1138895274_0,1138895259,1138895274,0,0,10.31578907224174,123.88087809746177,85.83048554981167,data\road_images\1138895259_1138895274_0\0_86.jpg
1138895259_1138894591_0,1138895259,1138894591,0,0,10.315982080134617,123.88035221070143,348.55808498669614,data\road_images\1138895259_1138894591_0\0_349.jpg
1138895274_1138895259_0,1138895274,1138895259,0,0,10.31578907224174,123.88087809746177,265.83066956574913,data\road_images\1138895274_1138895259_0\0_266.jpg
1138895287_1138895256_0,1138895287,1138895256,0,0,10.316663582026294,123.8787205991997,51.73475673345973,data\road_images\1138895287_1138895256_0\0_52.jpg
1138895291_1138895573_0,1138895291,1138895573,0,0,10.316773099999999,123.87822704999999,293.9351812729302,data\road_images\1138895291_1138895573_0\0_294.jpg
1138895291_1138895258_0,1138895291,1138895258,0,0,10.317126708340407,123.87854499887841,50.625765625688985,data\road_images\1138895291_1138895258_0\0_51.jpg
1138895291_5856757353_0,1138895291,5856757353,0,0,10.316554568466302,123.87817760734389,256.8841081683297,data\road_images\1138895291_5856757353_0\0_257.jpg
1138895303_8318082581_0,1138895303,8318082581,0,0,10.317727217161274,123.87945031987142,241.109669928018,data\road_images\1138895303_8318082581_0\0_241.jpg
1138895310_1138895249_0,1138895310,1138895249,0,0,10.31666115,123.87983365,299.6715658205226,data\road_images\1138895310_1138895249_0\0_300.jpg
1138895310_1138895315_0,1138895310,1138895315,0,0,10.317059810360707,123.87994230713348,352.3702127171416,data\road_images\1138895310_1138895315_0\0_352.jpg
1138895310_1138894591_0,1138895310,1138894591,0,0,10.316415858962818,123.88006889432658,138.2768018299023,data\road_images\1138895310_1138894591_0\0_138.jpg
1138895315_1138895310_0,1138895315,1138895310,0,0,10.317059810360707,123.87994230713348,172.3701937331149,data\road_images\1138895315_1138895310_0\0_172.jpg
1138895318_1138895319_0,1138895318,1138895319,0,0,10.316892450000001,123.8797294,13.345222514074294,data\road_images\1138895318_1138895319_0\0_13.jpg
1138895318_1138895249_0,1138895318,1138895249,0,0,10.31670055,123.8797479,112.79243174163662,data\road_images\1138895318_1138895249_0\0_113.jpg
1138895318_1138895256_0,1138895318,1138895256,0,0,10.316792265719908,123.87933436584392,275.0293000048403,data\road_images\1138895318_1138895256_0\0_275.jpg
1138895319_1138895318_0,1138895319,1138895318,0,0,10.316892450000001,123.8797294,193.3452369846809,data\road_images\1138895319_1138895318_0\0_193.jpg
1138895327_1138895249_0,1138895327,1138895249,0,0,10.3164409,123.87969145,25.747997823242144,data\road_images\1138895327_1138895249_0\0_26.jpg
1138895329_1138895332_0,1138895329,1138895332,0,0,10.315529,123.88024355,287.98796800574723,data\road_images\1138895329_1138895332_0\0_288.jpg
1138895329_1138895259_0,1138895329,1138895259,0,0,10.3156255,123.88036825,358.50398235815146,data\road_images\1138895329_1138895259_0\0_359.jpg
1138895329_1138895241_0,1138895329,1138895241,0,0,10.314717654863632,123.88044769215693,168.92154663571046,data\road_images\1138895329_1138895241_0\0_169.jpg
1138895332_1138895329_0,1138895332,1138895329,0,0,10.315529,123.88024355,107.98792203868868,data\road_images\1138895332_1138895329_0\0_108.jpg
1138895332_1138895348_0,1138895332,1138895348,0,0,10.315837153560315,123.87897991771044,253.28354469938463,data\road_images\1138895332_1138895348_0\0_253.jpg
1138895332_1138895511_0,1138895332,1138895511,0,0,10.31531594730438,123.88006170435109,191.06351822784762,data\road_images\1138895332_1138895511_0\0_191.jpg
1138895348_1138895536_0,1138895348,1138895536,0,0,10.3150534,123.87823305,335.1291516653288,data\road_images\1138895348_1138895536_0\0_335.jpg
1138895348_1138895357_0,1138895348,1138895357,0,0,10.314884165789906,123.87768845753347,270.0987279393937,data\road_images\1138895348_1138895357_0\0_270.jpg
1138895348_1138895332_0,1138895348,1138895332,0,0,10.315837153560315,123.87897991771044,73.28321060022733,data\road_images\1138895348_1138895332_0\0_73.jpg
1138895357_5856614938_0,1138895357,5856614938,0,0,10.3152701,123.87718910000001,13.652907001082099,data\road_images\1138895357_5856614938_0\0_14.jpg
1138895357_1138895348_0,1138895357,1138895348,0,0,10.314884165789906,123.87768845753347,90.09852705178031,data\road_images\1138895357_1138895348_0\0_90.jpg
1138895462_1138895464_0,1138895462,1138895464,0,0,10.313614473072496,123.88009789350589,240.21102512482122,data\road_images\1138895462_1138895464_0\0_240.jpg
1138895462_1138895241_0,1138895462,1138895241,0,0,10.313888613614841,123.88053942490089,55.64546609141996,data\road_images\1138895462_1138895241_0\0_56.jpg
1138895462_1138897230_0,1138895462,1138897230,0,0,10.312330045485561,123.8804798955552,154.61339964841625,data\road_images\1138895462_1138897230_0\0_155.jpg
1138895464_1138895465_0,1138895464,1138895465,0,0,10.313232572903212,123.87928157705277,246.23782739485662,data\road_images\1138895464_1138895465_0\0_246.jpg
1138895464_1138895462_0,1138895464,1138895462,0,0,10.313614473072496,123.88009789350589,60.210913513729224,data\road_images\1138895464_1138895462_0\0_60.jpg
1138895464_8318684830_0,1138895464,8318684830,0,0,10.313022211858755,123.87996761348796,158.60754625898267,data\road_images\1138895464_8318684830_0\0_159.jpg
1138895465_1138895466_0,1138895465,1138895466,0,0,10.3129538,123.8786503,243.73101911715997,data\road_images\1138895465_1138895466_0\0_244.jpg
1138895465_1138895464_0,1138895465,1138895464,0,0,10.313232572903212,123.87928157705277,66.23764875927856,data\road_images\1138895465_1138895464_0\0_66.jpg
1138895465_1138897136_0,1138895465,1138897136,0,0,10.312749844137722,123.8789825805632,143.89049964034342,data\road_images\1138895465_1138897136_0\0_144.jpg
1138895466_1138895467_0,1138895466,1138895467,0,0,10.31286205,123.87847045000001,239.58679426643252,data\road_images\1138895466_1138895467_0\0_240.jpg
1138895466_1138895465_0,1138895466,1138895465,0,0,10.3129538,123.8786503,63.730971926016764,data\road_images\1138895466_1138895465_0\0_64.jpg
1138895466_1138897103_0,1138895466,1138897103,0,0,10.312223841995836,123.87900135528629,144.69698295511887,data\road_images\1138895466_1138897103_0\0_145.jpg
1138895467_1138895466_0,1138895467,1138895466,0,0,10.31286205,123.87847045000001,59.586777062315946,data\road_images\1138895467_1138895466_0\0_60.jpg
1138895467_1138896105_0,1138895467,1138896105,0,0,10.313168350000002,123.87839075,354.6745361275895,data\road_images\1138895467_1138896105_0\0_355.jpg
1138895467_455885062_0,1138895467,455885062,0,0,10.312678355226911,123.87819019393531,231.76227865561452,data\road_images\1138895467_455885062_0\0_232.jpg
1138895472_1138897633_0,1138895472,1138897633,0,0,10.307956053004295,123.87622924988631,92.6128452542174,data\road_images\1138895472_1138897633_0\0_93.jpg
1138895472_8375006867_0,1138895472,8375006867,0,0,10.307594126462218,123.87595929786066,178.80828146988188,data\road_images\1138895472_8375006867_0\0_179.jpg
1138895472_8375022606_0,1138895472,8375022606,0,0,10.308227325012462,123.87596373082913,2.236588953390253,data\road_images\1138895472_8375022606_0\0_2.jpg
1138895473_5963371038_0,1138895473,5963371038,0,0,10.306246,123.87615655,346.72545048483715,data\road_images\1138895473_5963371038_0\0_347.jpg
1138895473_1138899481_0,1138895473,1138899481,0,0,10.305917021566259,123.87578185480461,237.84719221965616,data\road_images\1138895473_1138899481_0\0_238.jpg
1138895473_1138895476_0,1138895473,1138895476,0,0,10.305672862657996,123.87630663566058,162.67711865633828,data\road_images\1138895473_1138895476_0\0_163.jpg
1138895476_5956842689_0,1138895476,5956842689,0,0,10.305248002123987,123.87656070135591,58.238543453510886,data\road_images\1138895476_5956842689_0\0_58.jpg
1138895476_324580063_0,1138895476,324580063,0,0,10.305028255151674,123.87658106887224,149.2935335229049,data\road_images\1138895476_324580063_0\0_149.jpg
1138895476_1138895473_0,1138895476,1138895473,0,0,10.305672862657996,123.87630663566058,342.67717311343296,data\road_images\1138895476_1138895473_0\0_343.jpg
1138895477_5956837088_0,1138895477,5956837088,0,0,10.304136549999999,123.8769519,241.49682978518854,data\road_images\1138895477_5956837088_0\0_241.jpg
1138895477_1138895478_0,1138895477,1138895478,0,0,10.304025126915352,123.87721519343629,148.63367158821416,data\road_images\1138895477_1138895478_0\0_149.jpg
1138895477_324580063_0,1138895477,324580063,0,0,10.30453711379698,123.8768920863521,327.9351126079274,data\road_images\1138895477_324580063_0\0_328.jpg
1138895478_1138899767_0,1138895478,1138899767,0,0,10.3036389,123.87693454999999,243.31412879265037,data\road_images\1138895478_1138899767_0\0_243.jpg
1138895478_1138895481_0,1138895478,1138895481,0,0,10.303307423467862,123.87763025841116,154.8330355171871,data\road_images\1138895478_1138895481_0\0_155.jpg
1138895478_1138895477_0,1138895478,1138895477,0,0,10.304025126915352,123.87721519343629,328.6337135692832,data\road_images\1138895478_1138895477_0\0_329.jpg
1138895481_2442292466_0,1138895481,2442292466,0,0,10.3026421,123.87788545000001,163.04224690576575,data\road_images\1138895481_2442292466_0\0_163.jpg
1138895481_1138895478_0,1138895481,1138895478,0,0,10.303307423467862,123.87763025841116,334.8331287741197,data\road_images\1138895481_1138895478_0\0_335.jpg
1138895481_5957418617_0,1138895481,5957418617,0,0,10.302907208591822,123.87811822223237,59.192698989072596,data\road_images\1138895481_5957418617_0\0_59.jpg
1138895492_1138895493_0,1138895492,1138895493,0,0,10.31379025,123.8783205,350.65239600735424,data\road_images\1138895492_1138895493_0\0_351.jpg
1138895492_1138896105_0,1138895492,1138896105,0,0,10.3136012,123.87834735,173.32641671672388,data\road_images\1138895492_1138896105_0\0_173.jpg
1138895492_5856849197_0,1138895492,5856849197,0,0,10.313899006629004,123.87895133875935,64.75938599412552,data\road_images\1138895492_5856849197_0\0_65.jpg
1138895493_1138895492_0,1138895493,1138895492,0,0,10.31379025,123.8783205,170.65239060046963,data\road_images\1138895493_1138895492_0\0_171.jpg
1138895493_1138895501_0,1138895493,1138895501,0,0,10.31391025,123.87832105000001,27.363834576047452,data\road_images\1138895493_1138895501_0\0_27.jpg
1138895493_5856866906_0,1138895493,5856866906,0,0,10.314071835596442,123.87790072540042,313.3075394970042,data\road_images\1138895493_5856866906_0\0_313.jpg
1138895501_1138895503_0,1138895501,1138895503,0,0,10.3139929,123.8784695,67.95765089783015,data\road_images\1138895501_1138895503_0\0_68.jpg
1138895501_1138895493_0,1138895501,1138895493,0,0,10.31391025,123.87832105000001,207.36384018005754,data\road_images\1138895501_1138895493_0\0_207.jpg
1138895501_5856729742_0,1138895501,5856729742,0,0,10.31429246836872,123.87815185097477,343.03493233516303,data\road_images\1138895501_5856729742_0\0_343.jpg
1138895503_5856729746_0,1138895503,5856729746,0,0,10.31409955,123.87871815,64.7522433177486,data\road_images\1138895503_5856729746_0\0_65.jpg
1138895503_1138895501_0,1138895503,1138895501,0,0,10.3139929,123.8784695,247.9576984514515,data\road_images\1138895503_1138895501_0\0_248.jpg
1138895503_1138895507_0,1138895503,1138895507,0,0,10.31428855,123.87845855,329.77478762830657,data\road_images\1138895503_1138895507_0\0_330.jpg
1138895507_1138895503_0,1138895507,1138895503,0,0,10.31428855,123.87845855,149.77473615218798,data\road_images\1138895507_1138895503_0\0_150.jpg
1138895511_1138895512_0,1138895511,1138895512,0,0,10.314702548854068,123.87998871510301,185.6157807329283,data\road_images\1138895511_1138895512_0\0_186.jpg
1138895511_1138895332_0,1138895511,1138895332,0,0,10.31531594730438,123.88006170435109,11.063500106434901,data\road_images\1138895511_1138895332_0\0_11.jpg
1138895511_1138895515_0,1138895511,1138895515,0,0,10.315123464325533,123.87939509507487,230.72062185607103,data\road_images\1138895511_1138895515_0\0_231.jpg
1138895512_1138895511_0,1138895512,1138895511,0,0,10.314702548854068,123.87998871510301,5.615767948425571,data\road_images\1138895512_1138895511_0\0_6.jpg
1138895515_1138895511_0,1138895515,1138895511,0,0,10.315123464325533,123.87939509507487,50.720491593024974,data\road_images\1138895515_1138895511_0\0_51.jpg
1138895536_1138895348_0,1138895536,1138895348,0,0,10.3150534,123.87823305,155.12914580974166,data\road_images\1138895536_1138895348_0\0_155.jpg
1138895569_8393487349_0,1138895569,8393487349,0,0,10.3173758,123.87878169999999,108.94245245019579,data\road_images\1138895569_8393487349_0\0_109.jpg
1138895573_5856757347_0,1138895573,5856757347,0,0,10.31684405,123.87809899999999,307.7345177620553,data\road_images\1138895573_5856757347_0\0_308.jpg
1138895573_1138895291_0,1138895573,1138895291,0,0,10.316773099999999,123.87822704999999,113.93515199222952,data\road_images\1138895573_1138895291_0\0_114.jpg
1138895573_5856757353_0,1138895573,5856757353,0,0,10.316726599999999,123.8780242,235.39698016513591,data\road_images\1138895573_5856757353_0\0_235.jpg
1138895584_1138895669_0,1138895584,1138895669,0,0,10.318523800747997,123.87789219938558,230.1411051761126,data\road_images\1138895584_1138895669_0\0_230.jpg
1138895584_1138894278_0,1138895584,1138894278,0,0,10.31894165083501,123.87800200688484,346.90045598827624,data\road_images\1138895584_1138894278_0\0_347.jpg
1138895584_10880391052_0,1138895584,10880391052,0,0,10.318360280962393,123.8781183818732,198.67767145955673,data\road_images\1138895584_10880391052_0\0_199.jpg
1138895586_1138895657_0,1138895586,1138895657,0,0,10.319444749999999,123.87778585000001,302.12159453211376,data\road_images\1138895586_1138895657_0\0_302.jpg
1138895586_5848266231_0,1138895586,5848266231,0,0,10.32069753315758,123.87747001059468,327.07576176927984,data\road_images\1138895586_5848266231_0\0_327.jpg
1138895586_1138894278_0,1138895586,1138894278,0,0,10.319298260543096,123.87789300893297,152.83762796751193,data\road_images\1138895586_1138894278_0\0_153.jpg
1138895657_1138895586_0,1138895657,1138895586,0,0,10.319444749999999,123.87778585000001,122.12156979372048,data\road_images\1138895657_1138895586_0\0_122.jpg
1138895657_1138895667_0,1138895657,1138895667,0,0,10.3192471,123.8774579,226.66774061263348,data\road_images\1138895657_1138895667_0\0_227.jpg
1138895657_1138895662_0,1138895657,1138895662,0,0,10.31981910450524,123.87720093004374,263.50460798732,data\road_images\1138895657_1138895662_0\0_264.jpg
1138895662_1138895664_0,1138895662,1138895664,0,0,10.319348106484322,123.87699373276406,67.27079875604534,data\road_images\1138895662_1138895664_0\0_67.jpg
1138895662_1138895657_0,1138895662,1138895657,0,0,10.31981910450524,123.87720093004374,83.50443383132625,data\road_images\1138895662_1138895657_0\0_84.jpg
1138895662_6351417371_0,1138895662,6351417371,0,0,10.319062553265242,123.87646616153314,224.80915222845513,data\road_images\1138895662_6351417371_0\0_225.jpg
1138895664_1138895662_0,1138895664,1138895662,0,0,10.319348106484322,123.87699373276406,247.2708879483008,data\road_images\1138895664_1138895662_0\0_247.jpg
1138895667_1138895657_0,1138895667,1138895657,0,0,10.3192471,123.8774579,46.66764785767816,data\road_images\1138895667_1138895657_0\0_47.jpg
1138895669_1138895584_0,1138895669,1138895584,0,0,10.318523800747997,123.87789219938558,50.14103757618125,data\road_images\1138895669_1138895584_0\0_50.jpg
1138896011_1138894434_0,1138896011,1138894434,0,0,10.319791837958094,123.88185910922482,106.89805017442046,data\road_images\1138896011_1138894434_0\0_107.jpg
1138896017_1138894430_0,1138896017,1138894430,0,0,10.32008385,123.8844719,347.8509251834793,data\road_images\1138896017_1138894430_0\0_348.jpg
1138896017_1138894436_0,1138896017,1138894436,0,0,10.3197041,123.8845551,167.78044261515151,data\road_images\1138896017_1138894436_0\0_168.jpg
1138896017_1138896022_0,1138896017,1138896022,0,0,10.319861146066662,123.88484311669433,78.60885650061726,data\road_images\1138896017_1138896022_0\0_79.jpg
1138896022_1138896017_0,1138896022,1138896017,0,0,10.319861146066662,123.88484311669433,258.60896685263,data\road_images\1138896022_1138896017_0\0_259.jpg
1138896031_1138894435_0,1138896031,1138894435,0,0,10.318974594837314,123.8821162267857,76.2866523829324,data\road_images\1138896031_1138894435_0\0_76.jpg
1138896101_1138896110_0,1138896101,1138896110,0,0,10.3132986,123.87661315,235.7252868372463,data\road_images\1138896101_1138896110_0\0_236.jpg
1138896101_1138896103_0,1138896101,1138896103,0,0,10.31346293160491,123.87729529102856,131.47523684967973,data\road_images\1138896101_1138896103_0\0_131.jpg
1138896101_5250476268_0,1138896101,5250476268,0,0,10.313870538145531,123.87682633769566,317.7888294806801,data\road_images\1138896101_5250476268_0\0_318.jpg
1138896103_455885062_0,1138896103,455885062,0,0,10.312865299296242,123.8777104985867,146.32951972432556,data\road_images\1138896103_455885062_0\0_146.jpg
1138896103_1138896101_0,1138896103,1138896101,0,0,10.31346293160491,123.87729529102856,311.47530828382406,data\road_images\1138896103_1138896101_0\0_311.jpg
1138896103_1138898110_0,1138896103,1138898110,0,0,10.313462315412135,123.87775809755318,23.31602501662212,data\road_images\1138896103_1138898110_0\0_23.jpg
1138896105_1138895492_0,1138896105,1138895492,0,0,10.3136012,123.87834735,353.32642092408616,data\road_images\1138896105_1138895492_0\0_353.jpg
1138896105_1138896108_0,1138896105,1138896108,0,0,10.313381,123.87809145,245.2491122637386,data\road_images\1138896105_1138896108_0\0_245.jpg
1138896105_1138895467_0,1138896105,1138895467,0,0,10.313168350000002,123.87839075,174.67452479509177,data\road_images\1138896105_1138895467_0\0_175.jpg
1138896108_1138896105_0,1138896108,1138896105,0,0,10.313381,123.87809145,65.24901642803229,data\road_images\1138896108_1138896105_0\0_65.jpg
1138896110_5901175482_0,1138896110,5901175482,0,0,10.312974650000001,123.8761291,236.49081110794444,data\road_images\1138896110_5901175482_0\0_236.jpg
1138896110_1138896101_0,1138896110,1138896101,0,0,10.3132986,123.87661315,55.725124868295325,data\road_images\1138896110_1138896101_0\0_56.jpg
1138896110_5901176989_0,1138896110,5901176989,0,0,10.312897150000001,123.87620485,156.17602421762172,data\road_images\1138896110_5901176989_0\0_156.jpg
1138897091_8318684830_0,1138897091,8318684830,0,0,10.312463000000001,123.8801624,342.97383397638816,data\road_images\1138897091_8318684830_0\0_343.jpg
1138897091_1138897091_0,1138897091,1138897091,0,0,10.311785941328433,123.87974148552472,0.0,data\road_images\1138897091_1138897091_0\0_0.jpg
1138897091_1138897091_1,1138897091,1138897091,1,0,10.311785941328433,123.87974148552472,0.0,data\road_images\1138897091_1138897091_1\0_0.jpg
1138897103_1138897104_0,1138897103,1138897104,0,0,10.311470499999999,123.8795379,145.65925133886032,data\road_images\1138897103_1138897104_0\0_146.jpg
1138897103_1138897107_0,1138897103,1138897107,0,0,10.31145325,123.87931710000001,237.6122107804497,data\road_images\1138897103_1138897107_0\0_238.jpg
1138897103_1138895466_0,1138897103,1138895466,0,0,10.312223841995836,123.87900135528629,324.6971549857308,data\road_images\1138897103_1138895466_0\0_325.jpg
1138897104_1138897103_0,1138897104,1138897103,0,0,10.311470499999999,123.8795379,325.6592722458262,data\road_images\1138897104_1138897103_0\0_326.jpg
1138897107_1138897108_0,1138897107,1138897108,0,0,10.311291950000001,123.87905855,237.63594771641283,data\road_images\1138897107_1138897108_0\0_238.jpg
1138897107_1138897103_0,1138897107,1138897103,0,0,10.31145325,123.87931710000001,57.612152641440616,data\road_images\1138897107_1138897103_0\0_58.jpg
1138897107_1138897109_0,1138897107,1138897109,0,0,10.3115105,123.8790408,324.7565225084839,data\road_images\1138897107_1138897109_0\0_325.jpg
1138897108_1138897107_0,1138897108,1138897107,0,0,10.311291950000001,123.87905855,57.63591329543311,data\road_images\1138897108_1138897107_0\0_58.jpg
1138897109_1138897107_0,1138897109,1138897107,0,0,10.3115105,123.8790408,144.75648173234072,data\road_images\1138897109_1138897107_0\0_145.jpg
1138897114_8374953359_0,1138897114,8374953359,0,0,10.31165785,123.8787133,90.43997938933421,data\road_images\1138897114_8374953359_0\0_90.jpg
1138897114_1138897116_0,1138897114,1138897116,0,0,10.311282777379391,123.87861679312537,208.7597313039217,data\road_images\1138897114_1138897116_0\0_209.jpg
1138897114_1138897116_1,1138897114,1138897116,1,0,10.312173593170352,123.87852365772449,208.7597313039217,data\road_images\1138897114_1138897116_1\0_209.jpg
1138897116_1138897117_0,1138897116,1138897117,0,0,10.3111261,123.8781438,260.583847818237,data\road_images\1138897116_1138897117_0\0_261.jpg
1138897116_1138897114_0,1138897116,1138897114,0,0,10.311282777379391,123.87861679312537,28.759680987525996,data\road_images\1138897116_1138897114_0\0_29.jpg
1138897116_1138897114_1,1138897116,1138897114,1,0,10.312173593170352,123.87852365772449,28.759680987525996,data\road_images\1138897116_1138897114_1\0_29.jpg
1138897117_1138897116_0,1138897117,1138897116,0,0,10.3111261,123.8781438,80.58378484824942,data\road_images\1138897117_1138897116_0\0_81.jpg
1138897117_1138897119_0,1138897117,1138897119,0,0,10.31093195,123.8779563,183.94598987747196,data\road_images\1138897117_1138897119_0\0_184.jpg
1138897117_1138897118_0,1138897117,1138897118,0,0,10.31150155,123.87795795,358.6124579160442,data\road_images\1138897117_1138897118_0\0_359.jpg
1138897118_1138897117_0,1138897118,1138897117,0,0,10.31150155,123.87795795,178.61245435395097,data\road_images\1138897118_1138897117_0\0_179.jpg
1138897118_324580466_0,1138897118,324580466,0,0,10.3120296,123.87780065000001,310.51921402090255,data\road_images\1138897118_324580466_0\0_311.jpg
1138897118_1138897137_0,1138897118,1138897137,0,0,10.3120291,123.87805365,40.10841189562825,data\road_images\1138897118_1138897137_0\0_40.jpg
1138897118_8374954584_0,1138897118,8374954584,0,0,10.3117645,123.8778307,219.25979383538754,data\road_images\1138897118_8374954584_0\0_219.jpg
1138897119_1138897120_0,1138897119,1138897120,0,0,10.31063065,123.87793425000001,184.32794833983527,data\road_images\1138897119_1138897120_0\0_184.jpg
1138897119_1138897117_0,1138897119,1138897117,0,0,10.31093195,123.8779563,3.9459857249102015,data\road_images\1138897119_1138897117_0\0_4.jpg
1138897119_1138897132_0,1138897119,1138897132,0,0,10.3108208,123.8782413,79.45891949108847,data\road_images\1138897119_1138897132_0\0_79.jpg
1138897120_1138897121_0,1138897120,1138897121,0,0,10.31029245,123.8779059,184.97404777012096,data\road_images\1138897120_1138897121_0\0_185.jpg
1138897120_1138897119_0,1138897120,1138897119,0,0,10.31063065,123.87793425000001,4.327944599058696,data\road_images\1138897120_1138897119_0\0_4.jpg
1138897120_1138897131_0,1138897120,1138897131,0,0,10.31053595,123.87828725,83.43528251566232,data\road_images\1138897120_1138897131_0\0_83.jpg
1138897121_1138897120_0,1138897121,1138897120,0,0,10.31029245,123.8779059,4.974041362691253,data\road_images\1138897121_1138897120_0\0_5.jpg
1138897121_5911843040_0,1138897121,5911843040,0,0,10.3101366,123.87810644999999,77.79179814811482,data\road_images\1138897121_5911843040_0\0_78.jpg
1138897121_1138897124_0,1138897121,1138897124,0,0,10.310052899999999,123.87768205,259.5969140207241,data\road_images\1138897121_1138897124_0\0_260.jpg
1138897121_1138897123_0,1138897121,1138897123,0,0,10.309743884648011,123.87785977566463,194.5542811152329,data\road_images\1138897121_1138897123_0\0_195.jpg
1138897123_1138897121_0,1138897123,1138897121,0,0,10.309743884648011,123.87785977566463,14.554249831280401,data\road_images\1138897123_1138897121_0\0_15.jpg
1138897124_1138897121_0,1138897124,1138897121,0,0,10.310052899999999,123.87768205,79.59684030092387,data\road_images\1138897124_1138897121_0\0_80.jpg
1138897125_5911843040_0,1138897125,5911843040,0,0,10.3102184,123.87851665,259.40167936950394,data\road_images\1138897125_5911843040_0\0_259.jpg
1138897125_1138897126_0,1138897125,1138897126,0,0,10.309946411856133,123.87883151073046,156.55477130901784,data\road_images\1138897125_1138897126_0\0_157.jpg
1138897125_13033411674_0,1138897125,13033411674,0,0,10.310522786071981,123.87906531933912,58.51545164469701,data\road_images\1138897125_13033411674_0\0_59.jpg
1138897126_1138897125_0,1138897126,1138897125,0,0,10.309946411856133,123.87883151073046,336.554819076942,data\road_images\1138897126_1138897125_0\0_337.jpg
1138897131_1138897120_0,1138897131,1138897120,0,0,10.31053595,123.87828725,263.4354126184189,data\road_images\1138897131_1138897120_0\0_263.jpg
1138897132_1138897119_0,1138897132,1138897119,0,0,10.3108208,123.8782413,259.4590256667384,data\road_images\1138897132_1138897119_0\0_259.jpg
1138897136_1138895465_0,1138897136,1138895465,0,0,10.312749844137722,123.8789825805632,323.8905709982113,data\road_images\1138897136_1138895465_0\0_324.jpg
1138897137_1138897118_0,1138897137,1138897118,0,0,10.3120291,123.87805365,220.10844972018876,data\road_images\1138897137_1138897118_0\0_220.jpg
1138897139_1138895209_0,1138897139,1138895209,0,0,10.313318536460333,123.8818353920596,80.1578992964894,data\road_images\1138897139_1138895209_0\0_80.jpg
1138897142_1138895212_0,1138897142,1138895212,0,0,10.31216925,123.88247265000001,80.93070740598012,data\road_images\1138897142_1138895212_0\0_81.jpg
1138897142_1138897154_0,1138897142,1138897154,0,0,10.31179388841612,123.8817088578574,190.81693868465243,data\road_images\1138897142_1138897154_0\0_191.jpg
1138897142_1138897156_0,1138897142,1138897156,0,0,10.311660706128928,123.88232633399504,162.79239949021598,data\road_images\1138897142_1138897156_0\0_163.jpg
1138897154_1138897164_0,1138897154,1138897164,0,0,10.310771570279208,123.88112837489906,217.91078789717352,data\road_images\1138897154_1138897164_0\0_218.jpg
1138897154_1138897161_0,1138897154,1138897161,0,0,10.31102713562484,123.88202866300591,140.2117521865789,data\road_images\1138897154_1138897161_0\0_140.jpg
1138897154_1138897142_0,1138897154,1138897142,0,0,10.31179388841612,123.8817088578574,10.816902705337895,data\road_images\1138897154_1138897142_0\0_11.jpg
1138897156_1138897142_0,1138897156,1138897142,0,0,10.311660706128928,123.88232633399504,342.79245152623844,data\road_images\1138897156_1138897142_0\0_343.jpg
1138897156_1138897161_0,1138897156,1138897161,0,0,10.31108417469923,123.88228293758516,239.88787430877295,data\road_images\1138897156_1138897161_0\0_240.jpg
1138897156_1138895214_0,1138897156,1138895214,0,0,10.31147707462237,123.88281109350544,30.49318088738994,data\road_images\1138897156_1138895214_0\0_30.jpg
1138897161_1138897171_0,1138897161,1138897171,0,0,10.310719643324447,123.88185304184977,220.76797503888608,data\road_images\1138897161_1138897171_0\0_221.jpg
1138897161_1138897154_0,1138897161,1138897154,0,0,10.31102713562484,123.88202866300591,320.211769459326,data\road_images\1138897161_1138897154_0\0_320.jpg
1138897161_1138897156_0,1138897161,1138897156,0,0,10.31108417469923,123.88228293758516,59.88780357069925,data\road_images\1138897161_1138897156_0\0_60.jpg
1138897164_1138897179_0,1138897164,1138897179,0,0,10.309802225040576,123.88080222245324,276.39721204972255,data\road_images\1138897164_1138897179_0\0_276.jpg
1138897164_1138897172_0,1138897164,1138897172,0,0,10.30980421607873,123.88128561002044,56.47151271819274,data\road_images\1138897164_1138897172_0\0_56.jpg
1138897164_1138897154_0,1138897164,1138897154,0,0,10.310771570279208,123.88112837489906,37.91060458432082,data\road_images\1138897164_1138897154_0\0_38.jpg
1138897171_1138897172_0,1138897171,1138897172,0,0,10.310282749999999,123.88153535000001,207.89771417346532,data\road_images\1138897171_1138897172_0\0_208.jpg
1138897171_1138897161_0,1138897171,1138897161,0,0,10.310719643324447,123.88185304184977,40.76789385080883,data\road_images\1138897171_1138897161_0\0_41.jpg
1138897171_8318713939_0,1138897171,8318713939,0,0,10.310181979141802,123.88191248034342,183.50320086737938,data\road_images\1138897171_8318713939_0\0_184.jpg
1138897172_1138897171_0,1138897172,1138897171,0,0,10.310282749999999,123.88153535000001,27.897680435933694,data\road_images\1138897172_1138897171_0\0_28.jpg
1138897172_8318713939_0,1138897172,8318713939,0,0,10.3100907,123.88152339999999,101.78930361598083,data\road_images\1138897172_8318713939_0\0_102.jpg
1138897172_1138897164_0,1138897172,1138897164,0,0,10.30980421607873,123.88128561002044,236.47159837485725,data\road_images\1138897172_1138897164_0\0_236.jpg
1138897179_1138897164_0,1138897179,1138897164,0,0,10.309802225040576,123.88080222245324,96.39715510124961,data\road_images\1138897179_1138897164_0\0_96.jpg
1138897186_1138895211_0,1138897186,1138895211,0,0,10.312459598770895,123.88217231752428,88.23008929352648,data\road_images\1138897186_1138895211_0\0_88.jpg
1138897230_1138895462_0,1138897230,1138895462,0,0,10.312330045485561,123.8804798955552,334.6135218880916,data\road_images\1138897230_1138895462_0\0_335.jpg
1138897280_1138897281_0,1138897280,1138897281,0,0,10.308480249999999,123.8807771,135.38854678818996,data\road_images\1138897280_1138897281_0\0_135.jpg
1138897281_1138897280_0,1138897281,1138897280,0,0,10.308480249999999,123.8807771,315.38857985790014,data\road_images\1138897281_1138897280_0\0_315.jpg
1138897281_1138897425_0,1138897281,1138897425,0,0,10.308249118006861,123.88076067255925,206.37704925214908,data\road_images\1138897281_1138897425_0\0_206.jpg
1138897281_1138897405_0,1138897281,1138897405,0,0,10.30853784840022,123.880989654206,57.0864568496026,data\road_images\1138897281_1138897405_0\0_57.jpg
1138897295_1138897296_0,1138897295,1138897296,0,0,10.311036000000001,123.8838879,171.95432424011085,data\road_images\1138897295_1138897296_0\0_172.jpg
1138897295_1138897305_0,1138897295,1138897305,0,0,10.3111159,123.884267,98.68572167734129,data\road_images\1138897295_1138897305_0\0_99.jpg
1138897295_5911832956_0,1138897295,5911832956,0,0,10.311382618512608,123.88388218566666,7.404169960536194,data\road_images\1138897295_5911832956_0\0_7.jpg
1138897296_1138897297_0,1138897296,1138897297,0,0,10.310648350000001,123.88398985,161.99383265366419,data\road_images\1138897296_1138897297_0\0_162.jpg
1138897296_1138897295_0,1138897296,1138897295,0,0,10.311036000000001,123.8838879,351.954331435608,data\road_images\1138897296_1138897295_0\0_352.jpg
1138897296_1138895219_0,1138897296,1138895219,0,0,10.31084720827771,123.88366622283586,258.17874817849963,data\road_images\1138897296_1138895219_0\0_258.jpg
1138897297_1138897296_0,1138897297,1138897296,0,0,10.310648350000001,123.88398985,341.9938619535038,data\road_images\1138897297_1138897296_0\0_342.jpg
1138897297_1138897300_0,1138897297,1138897300,0,0,10.310208595206213,123.88416447076231,155.353099208834,data\road_images\1138897297_1138897300_0\0_155.jpg
1138897297_1138897305_0,1138897297,1138897305,0,0,10.310694248084573,123.88440474121087,41.751023736088825,data\road_images\1138897297_1138897305_0\0_42.jpg
1138897300_1138897302_0,1138897300,1138897302,0,0,10.309937,123.88427805,161.56875432905144,data\road_images\1138897300_1138897302_0\0_162.jpg
1138897300_13033411639_0,1138897300,13033411639,0,0,10.310161,123.88452079999999,60.974607569314685,data\road_images\1138897300_13033411639_0\0_61.jpg
1138897300_1138897297_0,1138897300,1138897297,0,0,10.310208595206213,123.88416447076231,335.35313146065005,data\road_images\1138897300_1138897297_0\0_335.jpg
1138897302_1138897300_0,1138897302,1138897300,0,0,10.309937,123.88427805,341.56876368933473,data\road_images\1138897302_1138897300_0\0_342.jpg
1138897305_1138897295_0,1138897305,1138897295,0,0,10.3111159,123.884267,278.6858645853773,data\road_images\1138897305_1138897295_0\0_279.jpg
1138897305_1138897312_0,1138897305,1138897312,0,0,10.310945220938924,123.88482154057343,127.728857175278,data\road_images\1138897305_1138897312_0\0_128.jpg
1138897305_5911843056_0,1138897305,5911843056,0,0,10.311249553315918,123.88479611247553,3.281123004495896,data\road_images\1138897305_5911843056_0\0_3.jpg
1138897305_1138897297_0,1138897305,1138897297,0,0,10.310694248084573,123.88440474121087,221.75113014349054,data\road_images\1138897305_1138897297_0\0_222.jpg
1138897312_1138897305_0,1138897312,1138897305,0,0,10.310945220938924,123.88482154057343,307.7289115166704,data\road_images\1138897312_1138897305_0\0_308.jpg
1138897312_1138897314_0,1138897312,1138897314,0,0,10.310325041151685,123.88483794289692,131.72237203379734,data\road_images\1138897312_1138897314_0\0_132.jpg
1138897312_1138897314_1,1138897312,1138897314,1,0,10.3106672496303,123.88517259253786,131.72237203379734,data\road_images\1138897312_1138897314_1\0_132.jpg
1138897314_1138897331_0,1138897314,1138897331,0,0,10.3105429,123.8855128,70.07683141458796,data\road_images\1138897314_1138897331_0\0_70.jpg
1138897314_1138897312_0,1138897314,1138897312,0,0,10.310325041151685,123.88483794289692,311.72244101464656,data\road_images\1138897314_1138897312_0\0_312.jpg
1138897314_1138897312_1,1138897314,1138897312,1,0,10.3106672496303,123.88517259253786,311.72244101464656,data\road_images\1138897314_1138897312_1\0_312.jpg
1138897331_1138897314_0,1138897331,1138897314,0,0,10.3105429,123.8855128,250.0768878298711,data\road_images\1138897331_1138897314_0\0_250.jpg
1138897377_1138897404_0,1138897377,1138897404,0,0,10.307511,123.88183065,263.3361829779561,data\road_images\1138897377_1138897404_0\0_263.jpg
1138897377_1138897450_0,1138897377,1138897450,0,0,10.30760255,123.88250925,80.71348798448565,data\road_images\1138897377_1138897450_0\0_81.jpg
1138897377_1138895219_0,1138897377,1138895219,0,0,10.309515926750738,123.88200454394544,20.173707483557337,data\road_images\1138897377_1138895219_0\0_20.jpg
1138897404_1138897405_0,1138897404,1138897405,0,0,10.308023500000001,123.88130899999999,346.29145270800734,data\road_images\1138897404_1138897405_0\0_346.jpg
1138897404_1138897426_0,1138897404,1138897426,0,0,10.3074353,123.8811245,264.31262634738687,data\road_images\1138897404_1138897426_0\0_264.jpg
1138897404_1138897377_0,1138897404,1138897377,0,0,10.307511,123.88183065,83.33604568408771,data\road_images\1138897404_1138897377_0\0_83.jpg
1138897404_8314345591_0,1138897404,8314345591,0,0,10.306444821738948,123.88138540543216,186.4372164432969,data\road_images\1138897404_8314345591_0\0_186.jpg
1138897405_1138897404_0,1138897405,1138897404,0,0,10.308023500000001,123.88130899999999,166.29140332056818,data\road_images\1138897405_1138897404_0\0_166.jpg
1138897405_1138897416_0,1138897405,1138897416,0,0,10.308857784652217,123.88109354910485,347.60220864392693,data\road_images\1138897405_1138897416_0\0_348.jpg
1138897405_1138897281_0,1138897405,1138897281,0,0,10.30853784840022,123.880989654206,237.0865108025992,data\road_images\1138897405_1138897281_0\0_237.jpg
1138897416_1138897405_0,1138897416,1138897405,0,0,10.308857784652217,123.88109354910485,167.6021862208969,data\road_images\1138897416_1138897405_0\0_168.jpg
1138897425_1138897426_0,1138897425,1138897426,0,0,10.3077474,123.8807609,173.2899277954033,data\road_images\1138897425_1138897426_0\0_173.jpg
1138897425_1138897281_0,1138897425,1138897281,0,0,10.308249118006861,123.88076067255925,26.377022464271704,data\road_images\1138897425_1138897281_0\0_26.jpg
1138897425_1138897436_0,1138897425,1138897436,0,0,10.308144590566785,123.88030692872115,267.7400835099521,data\road_images\1138897425_1138897436_0\0_268.jpg
1138897426_1138897425_0,1138897426,1138897425,0,0,10.3077474,123.8807609,353.289942503896,data\road_images\1138897426_1138897425_0\0_353.jpg
1138897426_8314256654_0,1138897426,8314256654,0,0,10.3074019,123.8807831,264.4709833347612,data\road_images\1138897426_8314256654_0\0_264.jpg
1138897426_1138897404_0,1138897426,1138897404,0,0,10.3074353,123.8811245,84.31251093759556,data\road_images\1138897426_1138897404_0\0_84.jpg
1138897436_8318622363_0,1138897436,8318622363,0,0,10.307648579681052,123.87975497008749,237.90797243922577,data\road_images\1138897436_8318622363_0\0_238.jpg
1138897436_1138897605_0,1138897436,1138897605,0,0,10.308146632843894,123.87960584780082,277.1778709354032,data\road_images\1138897436_1138897605_0\0_277.jpg
1138897436_1138897425_0,1138897436,1138897425,0,0,10.308144590566785,123.88030692872115,87.73993880052558,data\road_images\1138897436_1138897425_0\0_88.jpg
1138897450_8318725311_0,1138897450,8318725311,0,0,10.30836865,123.8827566,356.271532584136,data\road_images\1138897450_8318725311_0\0_356.jpg
1138897450_1138897377_0,1138897450,1138897377,0,0,10.30760255,123.88250925,260.71359353708425,data\road_images\1138897450_1138897377_0\0_261.jpg
1138897450_1138897452_0,1138897450,1138897452,0,0,10.307732741342276,123.8831946018355,77.84200603719472,data\road_images\1138897450_1138897452_0\0_78.jpg
1138897450_6818631609_0,1138897450,6818631609,0,0,10.307261148026623,123.88282751301121,165.4005222408132,data\road_images\1138897450_6818631609_0\0_165.jpg
1138897451_8318725311_0,1138897451,8318725311,0,0,10.309189199999999,123.88270225,176.27118952385808,data\road_images\1138897451_8318725311_0\0_176.jpg
1138897452_1138897469_0,1138897452,1138897469,0,0,10.3079179,123.8840292,76.81292415872542,data\road_images\1138897452_1138897469_0\0_77.jpg
1138897452_1138897469_1,1138897452,1138897469,1,0,10.308867016278704,123.88377652002869,76.81292415872542,data\road_images\1138897452_1138897469_1\0_77.jpg
1138897452_1138897450_0,1138897452,1138897450,0,0,10.307732741342276,123.8831946018355,257.84214574967683,data\road_images\1138897452_1138897450_0\0_258.jpg
1138897469_1138897452_0,1138897469,1138897452,0,0,10.3079179,123.8840292,256.8130831274427,data\road_images\1138897469_1138897452_0\0_257.jpg
1138897469_1138897452_1,1138897469,1138897452,1,0,10.308867016278704,123.88377652002869,256.8130831274427,data\road_images\1138897469_1138897452_1\0_257.jpg
1138897469_1138897512_0,1138897469,1138897512,0,0,10.30803515,123.884555,79.52038879075513,data\road_images\1138897469_1138897512_0\0_80.jpg
1138897471_1138897482_0,1138897471,1138897482,0,0,10.309950765712516,123.88584490980823,236.41384697222966,data\road_images\1138897471_1138897482_0\0_236.jpg
1138897471_1138895127_0,1138897471,1138895127,0,0,10.311026813557326,123.8863315113029,353.1090137748909,data\road_images\1138897471_1138895127_0\0_353.jpg
1138897471_8318126306_0,1138897471,8318126306,0,0,10.309968073208978,123.88647068773768,172.11932065703252,data\road_images\1138897471_8318126306_0\0_172.jpg
1138897482_1138897471_0,1138897482,1138897471,0,0,10.309950765712516,123.88584490980823,56.41363313637902,data\road_images\1138897482_1138897471_0\0_56.jpg
1138897512_1138897469_0,1138897512,1138897469,0,0,10.30803515,123.884555,259.5204179938382,data\road_images\1138897512_1138897469_0\0_260.jpg
1138897512_8318745446_0,1138897512,8318745446,0,0,10.308089386821157,123.88478156264564,73.01276637831302,data\road_images\1138897512_8318745446_0\0_73.jpg
1138897512_1138900023_0,1138897512,1138900023,0,0,10.30749072059447,123.8845536589092,228.14625257087695,data\road_images\1138897512_1138900023_0\0_228.jpg
1138897549_1138897865_0,1138897549,1138897865,0,0,10.30525405096028,123.87861830991406,185.20225382044228,data\road_images\1138897549_1138897865_0\0_185.jpg
1138897549_1138897554_0,1138897549,1138897554,0,0,10.30570737773137,123.8782223014289,273.7245127351918,data\road_images\1138897549_1138897554_0\0_274.jpg
1138897549_8337848150_0,1138897549,8337848150,0,0,10.30668989067176,123.87913503507467,39.94349183512196,data\road_images\1138897549_8337848150_0\0_40.jpg
1138897554_10878533215_0,1138897554,10878533215,0,0,10.3056309,123.87774615000001,177.50220748376705,data\road_images\1138897554_10878533215_0\0_178.jpg
1138897554_1138897852_0,1138897554,1138897852,0,0,10.306169705000135,123.87806132264734,67.73452421596619,data\road_images\1138897554_1138897852_0\0_68.jpg
1138897554_5956842689_0,1138897554,5956842689,0,0,10.305634832127248,123.8771480015312,248.46085292379183,data\road_images\1138897554_5956842689_0\0_248.jpg
1138897554_1138897549_0,1138897554,1138897549,0,0,10.30570737773137,123.8782223014289,93.72434122377751,data\road_images\1138897554_1138897549_0\0_94.jpg
1138897605_1138897436_0,1138897605,1138897436,0,0,10.308146632843894,123.87960584780082,97.17775467737829,data\road_images\1138897605_1138897436_0\0_97.jpg
1138897633_1138897679_0,1138897633,1138897679,0,0,10.3081713,123.8765188,3.867121784155586,data\road_images\1138897633_1138897679_0\0_4.jpg
1138897633_1138897670_0,1138897633,1138897670,0,0,10.307826610940403,123.87686336886586,143.08249305603175,data\road_images\1138897633_1138897670_0\0_143.jpg
1138897633_1138895472_0,1138897633,1138895472,0,0,10.307956053004295,123.87622924988631,272.6129432948327,data\road_images\1138897633_1138895472_0\0_273.jpg
1138897670_1138897737_0,1138897670,1138897737,0,0,10.30743825,123.876666,272.0780724682016,data\road_images\1138897670_1138897737_0\0_272.jpg
1138897670_1138897633_0,1138897670,1138897633,0,0,10.307826610940403,123.87686336886586,323.08256352028945,data\road_images\1138897670_1138897633_0\0_323.jpg
1138897670_1138897747_0,1138897670,1138897747,0,0,10.307419166714299,123.87720120813724,85.64760590323414,data\road_images\1138897670_1138897747_0\0_86.jpg
1138897679_1138897633_0,1138897679,1138897633,0,0,10.3081713,123.8765188,183.86712733136267,data\road_images\1138897679_1138897633_0\0_184.jpg
1138897679_1138897710_0,1138897679,1138897710,0,0,10.30839385,123.8766632,91.37767184590132,data\road_images\1138897679_1138897710_0\0_91.jpg
1138897679_1138897710_1,1138897679,1138897710,1,0,10.30876157828057,123.87673014209312,91.37767184590132,data\road_images\1138897679_1138897710_1\0_91.jpg
1138897710_1138897716_0,1138897710,1138897716,0,0,10.30838775,123.87687595,92.11731645095551,data\road_images\1138897710_1138897716_0\0_92.jpg
1138897710_1138897679_0,1138897710,1138897679,0,0,10.30839385,123.8766632,271.37771797826457,data\road_images\1138897710_1138897679_0\0_271.jpg
1138897710_1138897679_1,1138897710,1138897679,1,0,10.30876157828057,123.87673014209312,271.37771797826457,data\road_images\1138897710_1138897679_1\0_271.jpg
1138897716_1138897710_0,1138897716,1138897710,0,0,10.30838775,123.87687595,272.1173464609039,data\road_images\1138897716_1138897710_0\0_272.jpg
1138897737_1138897670_0,1138897737,1138897670,0,0,10.30743825,123.876666,92.07798976692266,data\road_images\1138897737_1138897670_0\0_92.jpg
1138897747_1138897670_0,1138897747,1138897670,0,0,10.307419166714299,123.87720120813724,265.6477110424453,data\road_images\1138897747_1138897670_0\0_266.jpg
1138897852_1138897554_0,1138897852,1138897554,0,0,10.306169705000135,123.87806132264734,247.73471843444145,data\road_images\1138897852_1138897554_0\0_248.jpg
1138897865_1138897883_0,1138897865,1138897883,0,0,10.304833599999998,123.87871905,85.81088580046168,data\road_images\1138897865_1138897883_0\0_86.jpg
1138897865_1138897872_0,1138897865,1138897872,0,0,10.304544029201107,123.87862004575358,190.87189341238482,data\road_images\1138897865_1138897872_0\0_191.jpg
1138897865_1138897549_0,1138897865,1138897549,0,0,10.30525405096028,123.87861830991406,5.202239974171732,data\road_images\1138897865_1138897549_0\0_5.jpg
1138897872_1138897865_0,1138897872,1138897865,0,0,10.304544029201107,123.87862004575358,10.871874898255669,data\road_images\1138897872_1138897865_0\0_11.jpg
1138897883_1138897865_0,1138897883,1138897865,0,0,10.304833599999998,123.87871905,265.8109200569672,data\road_images\1138897883_1138897865_0\0_266.jpg
1138897912_1138895188_0,1138897912,1138895188,0,0,10.3132979,123.8859315,347.8643031912286,data\road_images\1138897912_1138895188_0\0_348.jpg
1138897912_8318132197_0,1138897912,8318132197,0,0,10.3129093,123.8860168,167.4814130360529,data\road_images\1138897912_8318132197_0\0_167.jpg
1138897912_1138897930_0,1138897912,1138897930,0,0,10.313055087255405,123.88708935824675,135.8120704645275,data\road_images\1138897912_1138897930_0\0_136.jpg
1138897930_1138895127_0,1138897930,1138895127,0,0,10.3118525,123.88662959999999,257.78325318883367,data\road_images\1138897930_1138895127_0\0_258.jpg
1138897930_1138897996_0,1138897930,1138897996,0,0,10.310800060642533,123.88735671441535,142.9017920900974,data\road_images\1138897930_1138897996_0\0_143.jpg
1138897930_1138897912_0,1138897930,1138897912,0,0,10.313055087255405,123.88708935824675,315.81225182556017,data\road_images\1138897930_1138897912_0\0_316.jpg
1138897996_5911986559_0,1138897996,5911986559,0,0,10.3107246,123.88806625,339.5655389854085,data\road_images\1138897996_5911986559_0\0_340.jpg
1138897996_1138897997_0,1138897996,1138897997,0,0,10.310407349999998,123.8882532,102.82472665333285,data\road_images\1138897996_1138897997_0\0_103.jpg
1138897996_1138897930_0,1138897996,1138897930,0,0,10.310800060642533,123.88735671441535,322.90200006344133,data\road_images\1138897996_1138897930_0\0_323.jpg
1138897997_8318139091_0,1138897997,8318139091,0,0,10.31042525,123.88840395,65.87980315724866,data\road_images\1138897997_8318139091_0\0_66.jpg
1138897997_1138898044_0,1138897997,1138898044,0,0,10.3101938,123.88831379999999,183.5400944371966,data\road_images\1138897997_1138898044_0\0_184.jpg
1138897997_1138897996_0,1138897997,1138897996,0,0,10.310407349999998,123.8882532,282.82475278501016,data\road_images\1138897997_1138897996_0\0_283.jpg
1138897998_8318139091_0,1138897998,8318139091,0,0,10.310520799999999,123.8885983,241.8818592209187,data\road_images\1138897998_8318139091_0\0_242.jpg
1138898007_5911986559_0,1138898007,5911986559,0,0,10.31122175,123.88788915,162.43289748548818,data\road_images\1138898007_5911986559_0\0_162.jpg
1138898007_10920924722_0,1138898007,10920924722,0,0,10.3114271,123.88785605000001,72.89164051143672,data\road_images\1138898007_10920924722_0\0_73.jpg
1138898007_1138898013_0,1138898007,1138898013,0,0,10.311851249240462,123.88766277704168,340.28542110269836,data\road_images\1138898007_1138898013_0\0_340.jpg
1138898013_1138898007_0,1138898013,1138898007,0,0,10.311851249240462,123.88766277704168,160.28536446528858,data\road_images\1138898013_1138898007_0\0_160.jpg
1138898044_1138897997_0,1138898044,1138897997,0,0,10.3101938,123.88831379999999,3.5400899985690444,data\road_images\1138898044_1138897997_0\0_4.jpg
1138898044_1138898053_0,1138898044,1138898053,0,0,10.309993500000001,123.88814355,268.85648792301583,data\road_images\1138898044_1138898053_0\0_269.jpg
1138898044_1138898068_0,1138898044,1138898068,0,0,10.309188908280833,123.88875182496669,191.5228619050131,data\road_images\1138898044_1138898068_0\0_192.jpg
1138898051_1138898070_0,1138898051,1138898070,0,0,10.30921265,123.88759379999999,179.87952530439497,data\road_images\1138898051_1138898070_0\0_180.jpg
1138898051_1138898070_1,1138898051,1138898070,1,0,10.309214143949932,123.88719385069722,179.87952530439497,data\road_images\1138898051_1138898070_1\0_180.jpg
1138898051_1138898053_0,1138898051,1138898053,0,0,10.30997585,123.88778895,85.70139109955312,data\road_images\1138898051_1138898053_0\0_86.jpg
1138898053_1138898044_0,1138898053,1138898044,0,0,10.309993500000001,123.88814355,88.85643142090669,data\road_images\1138898053_1138898044_0\0_89.jpg
1138898053_8337124342_0,1138898053,8337124342,0,0,10.30979485,123.88798299999999,180.77827484214473,data\road_images\1138898053_8337124342_0\0_181.jpg
1138898053_1138898051_0,1138898053,1138898051,0,0,10.30997585,123.88778895,265.70146152547716,data\road_images\1138898053_1138898051_0\0_266.jpg
1138898068_8337124342_0,1138898068,8337124342,0,0,10.309039550000001,123.8879837,359.65760027695217,data\road_images\1138898068_8337124342_0\0_360.jpg
1138898068_1138898070_0,1138898068,1138898070,0,0,10.3084719,123.88779124999999,267.65229337613744,data\road_images\1138898068_1138898070_0\0_268.jpg
1138898068_1138898044_0,1138898068,1138898044,0,0,10.309188908280833,123.88875182496669,11.522805657616118,data\road_images\1138898068_1138898044_0\0_12.jpg
1138898068_1138898089_0,1138898068,1138898089,0,0,10.308262698215852,123.88799056132163,179.90910001913687,data\road_images\1138898068_1138898089_0\0_180.jpg
1138898070_1138898051_0,1138898070,1138898051,0,0,10.30921265,123.88759379999999,359.87952587706826,data\road_images\1138898070_1138898051_0\0_360.jpg
1138898070_1138898051_1,1138898070,1138898051,1,0,10.309214143949932,123.88719385069722,359.87952587706826,data\road_images\1138898070_1138898051_1\0_360.jpg
1138898070_1138898068_0,1138898070,1138898068,0,0,10.3084719,123.88779124999999,87.65222328255015,data\road_images\1138898070_1138898068_0\0_88.jpg
1138898089_1138898091_0,1138898089,1138898091,0,0,10.3080068,123.88798955,177.46568207632868,data\road_images\1138898089_1138898091_0\0_177.jpg
1138898089_960110033_0,1138898089,960110033,0,0,10.308007475773149,123.887334125,266.60101442218655,data\road_images\1138898089_960110033_0\0_267.jpg
1138898089_1138898068_0,1138898089,1138898068,0,0,10.308262698215852,123.88799056132163,359.90910014439805,data\road_images\1138898089_1138898068_0\0_360.jpg
1138898089_1685342640_0,1138898089,1685342640,0,0,10.308081389337936,123.88861734920326,85.63488202459894,data\road_images\1138898089_1685342640_0\0_86.jpg
1138898091_1138898089_0,1138898091,1138898089,0,0,10.3080068,123.88798955,357.46568270263475,data\road_images\1138898091_1138898089_0\0_357.jpg
1138898091_1093749724_0,1138898091,1093749724,0,0,10.308012973220402,123.88860854520186,85.52137751650326,data\road_images\1138898091_1093749724_0\0_86.jpg
1138898091_369910946_0,1138898091,369910946,0,0,10.307919620860956,123.88733610727482,265.71510882822406,data\road_images\1138898091_369910946_0\0_266.jpg
1138898110_1138896103_0,1138898110,1138896103,0,0,10.313462315412135,123.87775809755318,203.3160597849521,data\road_images\1138898110_1138896103_0\0_203.jpg
1138899481_1138895473_0,1138899481,1138895473,0,0,10.305917021566259,123.87578185480461,57.84705099295064,data\road_images\1138899481_1138895473_0\0_58.jpg
1138899481_1138899587_0,1138899481,1138899587,0,0,10.30578555319966,123.87532068299042,328.3501702001332,data\road_images\1138899481_1138899587_0\0_328.jpg
1138899587_1138899590_0,1138899587,1138899590,0,0,10.306097650000002,123.87512065,328.26181023098974,data\road_images\1138899587_1138899590_0\0_328.jpg
1138899587_1138899609_0,1138899587,1138899609,0,0,10.3059041,123.87514055,274.71334173212784,data\road_images\1138899587_1138899609_0\0_275.jpg
1138899587_1138899481_0,1138899587,1138899481,0,0,10.30578555319966,123.87532068299042,148.35014517191462,data\road_images\1138899587_1138899481_0\0_148.jpg
1138899590_1138899587_0,1138899590,1138899587,0,0,10.306097650000002,123.87512065,148.26176473497458,data\road_images\1138899590_1138899587_0\0_148.jpg
1138899590_1138899609_0,1138899590,1138899609,0,0,10.30610635,123.8750134,174.2237772766248,data\road_images\1138899590_1138899609_0\0_174.jpg
1138899590_1138899594_0,1138899590,1138899594,0,0,10.306366700000002,123.87498665000001,354.23890349961704,data\road_images\1138899590_1138899594_0\0_354.jpg
1138899594_1138899607_0,1138899594,1138899607,0,0,10.3064076,123.87492745,243.3039911157935,data\road_images\1138899594_1138899607_0\0_243.jpg
1138899594_1138899590_0,1138899594,1138899590,0,0,10.306366700000002,123.87498665000001,174.23890104856935,data\road_images\1138899594_1138899590_0\0_174.jpg
1138899594_1138899606_0,1138899594,1138899606,0,0,10.306598821797722,123.87529143110616,59.51962219178938,data\road_images\1138899594_1138899606_0\0_60.jpg
1138899606_1138899594_0,1138899606,1138899594,0,0,10.306598821797722,123.87529143110616,239.51973134830837,data\road_images\1138899606_1138899594_0\0_240.jpg
1138899607_1138899594_0,1138899607,1138899594,0,0,10.3064076,123.87492745,63.30397238328584,data\road_images\1138899607_1138899594_0\0_63.jpg
1138899609_1138899590_0,1138899609,1138899590,0,0,10.30610635,123.8750134,354.2237843971242,data\road_images\1138899609_1138899590_0\0_354.jpg
1138899609_1138899587_0,1138899609,1138899587,0,0,10.3059041,123.87514055,94.71330335735587,data\road_images\1138899609_1138899587_0\0_95.jpg
1138899609_5957055932_0,1138899609,5957055932,0,0,10.305840756762628,123.87503679930326,189.97444402336794,data\road_images\1138899609_5957055932_0\0_190.jpg
1138899767_1138895478_0,1138899767,1138895478,0,0,10.3036389,123.87693454999999,63.31398643422801,data\road_images\1138899767_1138895478_0\0_63.jpg
1138899767_5956837088_0,1138899767,5956837088,0,0,10.303671053546665,123.87601569541683,23.264580570169358,data\road_images\1138899767_5956837088_0\0_23.jpg
1138899767_1138899782_0,1138899767,1138899782,0,0,10.303191728802066,123.87670905790958,167.43726458960828,data\road_images\1138899767_1138899782_0\0_167.jpg
1138899778_1138899782_0,1138899778,1138899782,0,0,10.302609836263796,123.87690027266387,289.2457001664818,data\road_images\1138899778_1138899782_0\0_289.jpg
1138899782_1138899784_0,1138899782,1138899784,0,0,10.30298995,123.8764463,287.1066121375947,data\road_images\1138899782_1138899784_0\0_287.jpg
1138899782_1138899767_0,1138899782,1138899767,0,0,10.303191728802066,123.87670905790958,347.4372854443181,data\road_images\1138899782_1138899767_0\0_347.jpg
1138899782_1138899778_0,1138899782,1138899778,0,0,10.302609836263796,123.87690027266387,109.24559462647852,data\road_images\1138899782_1138899778_0\0_109.jpg
1138899784_1138899782_0,1138899784,1138899782,0,0,10.30298995,123.8764463,107.10653812793043,data\road_images\1138899784_1138899782_0\0_107.jpg
1138899793_8378921461_0,1138899793,8378921461,0,0,10.306831200000001,123.88658985000001,262.005226022506,data\road_images\1138899793_8378921461_0\0_262.jpg
1138899793_1138899854_0,1138899793,1138899854,0,0,10.30623295,123.886672,181.299486913068,data\road_images\1138899793_1138899854_0\0_181.jpg
1138899793_369910946_0,1138899793,369910946,0,0,10.307357900088078,123.88668351699617,359.71452371805134,data\road_images\1138899793_369910946_0\0_360.jpg
1138899794_1138899802_0,1138899794,1138899802,0,0,10.30645325,123.88598920000001,157.75604356404347,data\road_images\1138899794_1138899802_0\0_158.jpg
1138899794_1138899801_0,1138899794,1138899801,0,0,10.3067747,123.88585499999999,337.43283299263726,data\road_images\1138899794_1138899801_0\0_337.jpg
1138899794_8378921461_0,1138899794,8378921461,0,0,10.306754132100643,123.88619225504297,77.72994788077625,data\road_images\1138899794_8378921461_0\0_78.jpg
1138899801_1138899794_0,1138899801,1138899794,0,0,10.3067747,123.88585499999999,157.43282003908405,data\road_images\1138899801_1138899794_0\0_157.jpg
1138899801_5833764450_0,1138899801,5833764450,0,0,10.30680815,123.8856838,248.52610321239416,data\road_images\1138899801_5833764450_0\0_249.jpg
1138899801_5912016825_0,1138899801,5912016825,0,0,10.307150353659084,123.88569955498869,359.64611517474606,data\road_images\1138899801_5912016825_0\0_360.jpg
1138899802_1138899794_0,1138899802,1138899794,0,0,10.30645325,123.88598920000001,337.7560786310374,data\road_images\1138899802_1138899794_0\0_338.jpg
1138899854_1138899793_0,1138899854,1138899793,0,0,10.30623295,123.886672,1.2994818678276943,data\road_images\1138899854_1138899793_0\0_1.jpg
1138899854_1138899860_0,1138899854,1138899860,0,0,10.3054941,123.8866596,179.24724244577385,data\road_images\1138899854_1138899860_0\0_179.jpg
1138899854_5912016819_0,1138899854,5912016819,0,0,10.305620246067145,123.8861795124083,266.30074808482607,data\road_images\1138899854_5912016819_0\0_266.jpg
1138899860_1138899854_0,1138899860,1138899854,0,0,10.3054941,123.8866596,359.2472430540206,data\road_images\1138899860_1138899854_0\0_359.jpg
1138899860_1138899917_0,1138899860,1138899917,0,0,10.305208,123.88666685,178.03061132447272,data\road_images\1138899860_1138899917_0\0_178.jpg
1138899860_1138899864_0,1138899860,1138899864,0,0,10.305369522897212,123.88636106243213,270.2909848360754,data\road_images\1138899860_1138899864_0\0_270.jpg
1138899864_1138899860_0,1138899864,1138899860,0,0,10.305369522897212,123.88636106243213,90.29087741016292,data\road_images\1138899864_1138899860_0\0_90.jpg
1138899886_1138899917_0,1138899886,1138899917,0,0,10.30490875,123.8866883,353.64450962675124,data\road_images\1138899886_1138899917_0\0_354.jpg
1138899886_1138899929_0,1138899886,1138899929,0,0,10.304377348650998,123.886751022899,176.40560896182023,data\road_images\1138899886_1138899929_0\0_176.jpg
1138899886_5912016809_0,1138899886,5912016809,0,0,10.304651839145285,123.88613731075107,248.96086773055387,data\road_images\1138899886_5912016809_0\0_249.jpg
1138899894_8318824015_0,1138899894,8318824015,0,0,10.30241415,123.8867168,182.2152512931733,data\road_images\1138899894_8318824015_0\0_182.jpg
1138899894_1138899903_0,1138899894,1138899903,0,0,10.302437650129473,123.88557995308638,270.8035646912935,data\road_images\1138899894_1138899903_0\0_271.jpg
1138899894_1138899929_0,1138899894,1138899929,0,0,10.303334921468245,123.88674221834832,1.1643836072327645,data\road_images\1138899894_1138899929_0\0_1.jpg
1138899903_1138899894_0,1138899903,1138899894,0,0,10.302437650129473,123.88557995308638,90.80320949803877,data\road_images\1138899903_1138899894_0\0_91.jpg
1138899903_1138899906_0,1138899903,1138899906,0,0,10.302661866645897,123.88456365972111,253.50971652408344,data\road_images\1138899903_1138899906_0\0_254.jpg
1138899903_5912050930_0,1138899903,5912050930,0,0,10.30282110787807,123.88512287290288,76.63397732136218,data\road_images\1138899903_5912050930_0\0_77.jpg
1138899906_1138899909_0,1138899906,1138899909,0,0,10.30245455,123.8844095,171.47449191571195,data\road_images\1138899906_1138899909_0\0_171.jpg
1138899906_1138899903_0,1138899906,1138899903,0,0,10.302661866645897,123.88456365972111,73.5096529079405,data\road_images\1138899906_1138899903_0\0_74.jpg
1138899906_5912184341_0,1138899906,5912184341,0,0,10.30291013301721,123.88433009023262,350.5841780598344,data\road_images\1138899906_5912184341_0\0_351.jpg
1138899909_1138899906_0,1138899909,1138899906,0,0,10.30245455,123.8844095,351.4745003928972,data\road_images\1138899909_1138899906_0\0_351.jpg
1138899909_1140341938_0,1138899909,1140341938,0,0,10.301373261673819,123.88455734243809,171.38324991819616,data\road_images\1138899909_1140341938_0\0_171.jpg
1138899909_5912050924_0,1138899909,5912050924,0,0,10.30217642905742,123.8838850956081,260.8230015314831,data\road_images\1138899909_5912050924_0\0_261.jpg
1138899911_5912050924_0,1138899911,5912050924,0,0,10.30211825,123.8832806,84.31090427728202,data\road_images\1138899911_5912050924_0\0_84.jpg
1138899917_1138899860_0,1138899917,1138899860,0,0,10.305208,123.88666685,358.03061331016994,data\road_images\1138899917_1138899860_0\0_358.jpg
1138899917_1138899886_0,1138899917,1138899886,0,0,10.30490875,123.8866883,173.64450393820755,data\road_images\1138899917_1138899886_0\0_174.jpg
1138899917_1138899921_0,1138899917,1138899921,0,0,10.305047019594424,123.88692918283161,96.50356550889734,data\road_images\1138899917_1138899921_0\0_97.jpg
1138899921_1138899927_0,1138899921,1138899927,0,0,10.30448905,123.887187,179.28299642172442,data\road_images\1138899921_1138899927_0\0_179.jpg
1138899921_1138899927_1,1138899921,1138899927,1,0,10.304433322025744,123.88754002823565,179.28299642172442,data\road_images\1138899921_1138899927_1\0_179.jpg
1138899921_1138899917_0,1138899921,1138899917,0,0,10.305047019594424,123.88692918283161,276.5036564199918,data\road_images\1138899921_1138899917_0\0_277.jpg
1138899927_1138899921_0,1138899927,1138899921,0,0,10.30448905,123.887187,359.282998711379,data\road_images\1138899927_1138899921_0\0_359.jpg
1138899927_1138899921_1,1138899927,1138899921,1,0,10.304433322025744,123.88754002823565,359.282998711379,data\road_images\1138899927_1138899921_1\0_359.jpg
1138899927_1138899929_0,1138899927,1138899929,0,0,10.303984750000001,123.88697385,269.69500821240683,data\road_images\1138899927_1138899929_0\0_270.jpg
1138899929_1138899927_0,1138899929,1138899927,0,0,10.303984750000001,123.88697385,89.6949296702411,data\road_images\1138899929_1138899927_0\0_90.jpg
1138899929_1138899886_0,1138899929,1138899886,0,0,10.304377348650998,123.886751022899,356.405617923575,data\road_images\1138899929_1138899886_0\0_356.jpg
1138899929_1138899894_0,1138899929,1138899894,0,0,10.303334921468245,123.88674221834832,181.16438840066527,data\road_images\1138899929_1138899894_0\0_181.jpg
1138899955_1138899967_0,1138899955,1138899967,0,0,10.30345445,123.87866705,348.4295315897018,data\road_images\1138899955_1138899967_0\0_348.jpg
1138899955_5957418617_0,1138899955,5957418617,0,0,10.303145902298317,123.87854746496798,248.07434829545252,data\road_images\1138899955_5957418617_0\0_248.jpg
1138899955_1138899961_0,1138899955,1138899961,0,0,10.302995458295161,123.87881278762246,122.13949919688588,data\road_images\1138899955_1138899961_0\0_122.jpg
1138899961_1138899962_0,1138899961,1138899962,0,0,10.302993426209156,123.87918891214771,88.5841592583493,data\road_images\1138899961_1138899962_0\0_89.jpg
1138899961_1138899955_0,1138899961,1138899955,0,0,10.302995458295161,123.87881278762246,302.13955582259,data\road_images\1138899961_1138899955_0\0_302.jpg
1138899961_1138899975_0,1138899961,1138899975,0,0,10.303386027801492,123.87897169062698,351.89282628251306,data\road_images\1138899961_1138899975_0\0_352.jpg
1138899962_1138899964_0,1138899962,1138899964,0,0,10.30301725,123.8794885,83.89221326627478,data\road_images\1138899962_1138899964_0\0_84.jpg
1138899962_1138899961_0,1138899962,1138899961,0,0,10.302993426209156,123.87918891214771,268.58421295023237,data\road_images\1138899962_1138899961_0\0_269.jpg
1138899962_1138899980_0,1138899962,1138899980,0,0,10.30334671314668,123.87928871160123,351.6368149092191,data\road_images\1138899962_1138899980_0\0_352.jpg
1138899964_1138899962_0,1138899964,1138899962,0,0,10.30301725,123.8794885,263.89226677918685,data\road_images\1138899964_1138899962_0\0_264.jpg
1138899964_1138899981_0,1138899964,1138899981,0,0,10.30340985,123.87959015,352.8644345687229,data\road_images\1138899964_1138899981_0\0_353.jpg
1138899964_1138899985_0,1138899964,1138899985,0,0,10.303258405382666,123.87991105618784,16.15473798119575,data\road_images\1138899964_1138899985_0\0_16.jpg
1138899967_1138899955_0,1138899967,1138899955,0,0,10.30345445,123.87866705,168.42951189704172,data\road_images\1138899967_1138899955_0\0_168.jpg
1138899975_1138899961_0,1138899975,1138899961,0,0,10.303386027801492,123.87897169062698,171.89280592821285,data\road_images\1138899975_1138899961_0\0_172.jpg
1138899980_1138899962_0,1138899980,1138899962,0,0,10.30334671314668,123.87928871160123,171.63679646879154,data\road_images\1138899980_1138899962_0\0_172.jpg
1138899981_1138899964_0,1138899981,1138899964,0,0,10.30340985,123.87959015,172.8644174159631,data\road_images\1138899981_1138899964_0\0_173.jpg
1138899985_1138899964_0,1138899985,1138899964,0,0,10.303258405382666,123.87991105618784,196.1547750589469,data\road_images\1138899985_1138899964_0\0_196.jpg
1138900023_1138900029_0,1138900023,1138900029,0,0,10.30716965,123.88382745,167.6778191630293,data\road_images\1138900023_1138900029_0\0_168.jpg
1138900023_8375012050_0,1138900023,8375012050,0,0,10.307277299999999,123.8836795,254.3595213106348,data\road_images\1138900023_8375012050_0\0_254.jpg
1138900023_1138897512_0,1138900023,1138897512,0,0,10.30749072059447,123.8845536589092,48.14610223048771,data\road_images\1138900023_1138897512_0\0_48.jpg
1138900029_1138900023_0,1138900029,1138900023,0,0,10.30716965,123.88382745,347.67783027438423,data\road_images\1138900029_1138900023_0\0_348.jpg
1140341934_5944435315_0,1140341934,5944435315,0,0,10.297961749999999,123.88507,173.66688423779408,data\road_images\1140341934_5944435315_0\0_174.jpg
1140341934_1140341937_0,1140341934,1140341937,0,0,10.29874920291749,123.88497954021807,351.9543794253036,data\road_images\1140341934_1140341937_0\0_352.jpg
1140341934_1140341965_0,1140341934,1140341965,0,0,10.298320508129386,123.88395811687498,283.98732798971366,data\road_images\1140341934_1140341965_0\0_284.jpg
1140341934_1143376349_0,1140341934,1143376349,0,0,10.297776149486166,123.8862053121514,104.18412016981802,data\road_images\1140341934_1143376349_0\0_104.jpg
1140341937_5912106700_0,1140341937,5912106700,0,0,10.2995179,123.8848505,352.9334106446033,data\road_images\1140341937_5912106700_0\0_353.jpg
1140341937_1140341934_0,1140341937,1140341934,0,0,10.29874920291749,123.88497954021807,171.9543436691681,data\road_images\1140341937_1140341934_0\0_172.jpg
1140341937_1140341958_0,1140341937,1140341958,0,0,10.299857534139973,123.8840623397652,317.5453723823224,data\road_images\1140341937_1140341958_0\0_318.jpg
1140341938_5912106700_0,1140341938,5912106700,0,0,10.3000232,123.88477925,171.9560288053858,data\road_images\1140341938_5912106700_0\0_172.jpg
1140341938_4177781850_0,1140341938,4177781850,0,0,10.3005165,123.8849824,76.32795258496867,data\road_images\1140341938_4177781850_0\0_76.jpg
1140341938_1138899909_0,1140341938,1138899909,0,0,10.301373261673819,123.88455734243809,351.38330075838275,data\road_images\1140341938_1138899909_0\0_351.jpg
1140341942_1140341944_0,1140341942,1140341944,0,0,10.30141205,123.88649625,265.9439511000275,data\road_images\1140341942_1140341944_0\0_266.jpg
1140341942_5912184510_0,1140341942,5912184510,0,0,10.301584651056508,123.8866849717141,2.1149781080355297,data\road_images\1140341942_5912184510_0\0_2.jpg
1140341942_8337350778_0,1140341942,8337350778,0,0,10.300458788187058,123.88669783078781,168.60132407163428,data\road_images\1140341942_8337350778_0\0_169.jpg
1140341944_1140341942_0,1140341944,1140341942,0,0,10.30141205,123.88649625,85.94388573911829,data\road_images\1140341944_1140341942_0\0_86.jpg
1140341944_1140341945_0,1140341944,1140341945,0,0,10.301391600040853,123.88595415396931,265.4271722866208,data\road_images\1140341944_1140341945_0\0_265.jpg
1140341944_1140341946_0,1140341944,1140341946,0,0,10.30097725513714,123.88625805907466,226.13660892206542,data\road_images\1140341944_1140341946_0\0_226.jpg
1140341945_1140341944_0,1140341945,1140341944,0,0,10.301391600040853,123.88595415396931,85.42704480178537,data\road_images\1140341945_1140341944_0\0_85.jpg
1140341946_1140341944_0,1140341946,1140341944,0,0,10.30097725513714,123.88625805907466,46.13652049449371,data\road_images\1140341946_1140341944_0\0_46.jpg
1140341958_8314426677_0,1140341958,8314426677,0,0,10.300664241132779,123.88351745332201,270.4681048740385,data\road_images\1140341958_8314426677_0\0_270.jpg
1140341958_1140341937_0,1140341958,1140341937,0,0,10.299857534139973,123.8840623397652,137.54517017389838,data\road_images\1140341958_1140341937_0\0_138.jpg
1140341958_5912184381_0,1140341958,5912184381,0,0,10.300910181817148,123.8837140417952,352.19758388180054,data\road_images\1140341958_5912184381_0\0_352.jpg
1140341961_8314426677_0,1140341961,8314426677,0,0,10.300639799999999,123.88308305,84.1977474164438,data\road_images\1140341961_8314426677_0\0_84.jpg
1140341961_1140343065_0,1140341961,1140343065,0,0,10.301069349999999,123.88279675,352.1583480113563,data\road_images\1140341961_1140343065_0\0_352.jpg
1140341961_1140341963_0,1140341961,1140341963,0,0,10.300569667846652,123.88281000221767,213.27349346083372,data\road_images\1140341961_1140341963_0\0_213.jpg
1140341963_1140341965_0,1140341963,1140341965,0,0,10.299548949269616,123.88283837218935,177.91380737067823,data\road_images\1140341963_1140341965_0\0_178.jpg
1140341963_1140341961_0,1140341963,1140341961,0,0,10.300569667846652,123.88281000221767,33.27348010366785,data\road_images\1140341963_1140341961_0\0_33.jpg
1140341963_1140341967_0,1140341963,1140341967,0,0,10.300429863431898,123.88204913264194,264.682252241872,data\road_images\1140341963_1140341967_0\0_265.jpg
1140341965_1140341963_0,1140341965,1140341963,0,0,10.299548949269616,123.88283837218935,357.9138200472049,data\road_images\1140341965_1140341963_0\0_358.jpg
1140341965_1140341934_0,1140341965,1140341934,0,0,10.298320508129386,123.88395811687498,103.98693400893916,data\road_images\1140341965_1140341934_0\0_104.jpg
1140341965_1140341970_0,1140341965,1140341970,0,0,10.298768505712824,123.88212555778362,283.935422641737,data\road_images\1140341965_1140341970_0\0_284.jpg
1140341967_1140341973_0,1140341967,1140341973,0,0,10.300839413905257,123.88126504088746,356.9245079811381,data\road_images\1140341967_1140341973_0\0_357.jpg
1140341967_1140341963_0,1140341967,1140341963,0,0,10.300429863431898,123.88204913264194,84.68198885508195,data\road_images\1140341967_1140341963_0\0_85.jpg
1140341967_1140341970_0,1140341967,1140341970,0,0,10.299681772198806,123.88131532657953,176.72434398391147,data\road_images\1140341967_1140341970_0\0_177.jpg
1140341970_1140341967_0,1140341970,1140341967,0,0,10.299681772198806,123.88131532657953,356.7243587882449,data\road_images\1140341970_1140341967_0\0_357.jpg
1140341970_1140341965_0,1140341970,1140341965,0,0,10.298768505712824,123.88212555778362,103.93516142468485,data\road_images\1140341970_1140341965_0\0_104.jpg
1140341970_2248903663_0,1140341970,2248903663,0,0,10.299049003712092,123.88098521359868,284.2451898279618,data\road_images\1140341970_2248903663_0\0_284.jpg
1140341973_1140341974_0,1140341973,1140341974,0,0,10.3017123,123.88120905,352.75932597590685,data\road_images\1140341973_1140341974_0\0_353.jpg
1140341973_5955834080_0,1140341973,5955834080,0,0,10.3012911,123.88110705,262.88751097388877,data\road_images\1140341973_5955834080_0\0_263.jpg
1140341973_1140341967_0,1140341973,1140341967,0,0,10.300839413905257,123.88126504088746,176.9244988078467,data\road_images\1140341973_1140341967_0\0_177.jpg
1140341974_1140341973_0,1140341974,1140341973,0,0,10.3017123,123.88120905,172.7593073952869,data\road_images\1140341974_1140341973_0\0_173.jpg
1140341974_1140341989_0,1140341974,1140341989,0,0,10.302089899999999,123.88100134999999,260.8435044624476,data\road_images\1140341974_1140341989_0\0_261.jpg
1140341974_13032615916_0,1140341974,13032615916,0,0,10.302272181219289,123.88114652363281,348.48524394345714,data\road_images\1140341974_13032615916_0\0_348.jpg
1140341978_1140341979_0,1140341978,1140341979,0,0,10.3013351,123.87994555,351.6756872468195,data\road_images\1140341978_1140341979_0\0_352.jpg
1140341978_5955834080_0,1140341978,5955834080,0,0,10.301168701910887,123.88038804694945,88.900178925288,data\road_images\1140341978_5955834080_0\0_89.jpg
1140341978_1140342037_0,1140341978,1140342037,0,0,10.301170497553315,123.87916186223816,264.0800560398153,data\road_images\1140341978_1140342037_0\0_264.jpg
1140341979_1140341980_0,1140341979,1140341980,0,0,10.301836900000001,123.87987095,351.6790057685221,data\road_images\1140341979_1140341980_0\0_352.jpg
1140341979_1140341978_0,1140341979,1140341978,0,0,10.3013351,123.87994555,171.67568290138604,data\road_images\1140341979_1140341978_0\0_172.jpg
1140341979_1140341988_0,1140341979,1140341988,0,0,10.3014485,123.88010195,79.17808504112816,data\road_images\1140341979_1140341988_0\0_79.jpg
1140341980_1140341979_0,1140341980,1140341979,0,0,10.301836900000001,123.87987095,171.6789834321944,data\road_images\1140341980_1140341979_0\0_172.jpg
1140341980_1140341984_0,1140341980,1140341984,0,0,10.302281,123.87997010000001,81.41606624576275,data\road_images\1140341980_1140341984_0\0_81.jpg
1140341980_1140342041_0,1140341980,1140342041,0,0,10.302259140504697,123.87893514251925,248.7394157151783,data\road_images\1140341980_1140342041_0\0_249.jpg
1140341984_5955883254_0,1140341984,5955883254,0,0,10.302334850000001,123.88033225000001,81.39750648078495,data\road_images\1140341984_5955883254_0\0_81.jpg
1140341984_1140341980_0,1140341984,1140341980,0,0,10.302281,123.87997010000001,261.41612404744563,data\road_images\1140341984_1140341980_0\0_261.jpg
1140341984_1140341987_0,1140341984,1140341987,0,0,10.3021419,123.8801585,170.81659673805734,data\road_images\1140341984_1140341987_0\0_171.jpg
1140341985_13032615916_0,1140341985,13032615916,0,0,10.30242295,123.8810761,119.61576238809414,data\road_images\1140341985_13032615916_0\0_120.jpg
1140341985_5955883254_0,1140341985,5955883254,0,0,10.30239925,123.88079475,262.3646841540721,data\road_images\1140341985_5955883254_0\0_262.jpg
1140341985_5955983133_0,1140341985,5955983133,0,0,10.302819073240439,123.8810424411303,358.45704000193086,data\road_images\1140341985_5955983133_0\0_358.jpg
1140341987_1140341988_0,1140341987,1140341988,0,0,10.3017295,123.8802279,170.4564561624219,data\road_images\1140341987_1140341988_0\0_170.jpg
1140341987_1140341984_0,1140341987,1140341984,0,0,10.3021419,123.8801585,350.8166063238268,data\road_images\1140341987_1140341984_0\0_351.jpg
1140341987_1140341989_0,1140341987,1140341989,0,0,10.302022000000001,123.88051544999999,82.4244214367701,data\road_images\1140341987_1140341989_0\0_82.jpg
1140341988_1140341987_0,1140341988,1140341987,0,0,10.3017295,123.8802279,350.45647139888587,data\road_images\1140341988_1140341987_0\0_350.jpg
1140341988_1140341979_0,1140341988,1140341979,0,0,10.3014485,123.88010195,259.1781453237817,data\road_images\1140341988_1140341979_0\0_259.jpg
1140341988_1140341990_0,1140341988,1140341990,0,0,10.3015449,123.88058325,78.12568350718004,data\road_images\1140341988_1140341990_0\0_78.jpg
1140341989_1140341974_0,1140341989,1140341974,0,0,10.302089899999999,123.88100134999999,80.84344875453019,data\road_images\1140341989_1140341974_0\0_81.jpg
1140341989_1140341987_0,1140341989,1140341987,0,0,10.302022000000001,123.88051544999999,262.42453952277305,data\road_images\1140341989_1140341987_0\0_262.jpg
1140341989_1140341990_0,1140341989,1140341990,0,0,10.3018374,123.8808708,173.7883721668553,data\road_images\1140341989_1140341990_0\0_174.jpg
1140341990_5955834080_0,1140341990,5955834080,0,0,10.3014409,123.88092455,170.54655454723593,data\road_images\1140341990_5955834080_0\0_171.jpg
1140341990_1140341989_0,1140341990,1140341989,0,0,10.3018374,123.8808708,353.7883811800943,data\road_images\1140341990_1140341989_0\0_354.jpg
1140341990_1140341988_0,1140341990,1140341988,0,0,10.3015449,123.88058325,258.12579536451346,data\road_images\1140341990_1140341988_0\0_258.jpg
1140341992_5955983133_0,1140341992,5955983133,0,0,10.303248799999999,123.8810315,174.7970858567495,data\road_images\1140341992_5955983133_0\0_175.jpg
1140341992_1140341994_0,1140341992,1140341994,0,0,10.303388778297522,123.88062372532721,323.9241716929775,data\road_images\1140341992_1140341994_0\0_324.jpg
1140341992_1140342000_0,1140341992,1140342000,0,0,10.30371539447409,123.8809604160164,332.1176022751082,data\road_images\1140341992_1140342000_0\0_332.jpg
1140341994_1140342000_0,1140341994,1140342000,0,0,10.303933,123.8806184,90.17917224605128,data\road_images\1140341994_1140342000_0\0_90.jpg
1140341994_5955983164_0,1140341994,5955983164,0,0,10.304185543812842,123.88031818784034,340.17527037370496,data\road_images\1140341994_5955983164_0\0_340.jpg
1140341994_1140341992_0,1140341994,1140341992,0,0,10.303388778297522,123.88062372532721,143.9240869113487,data\road_images\1140341994_1140341992_0\0_144.jpg
1140342000_1140341994_0,1140342000,1140341994,0,0,10.303933,123.8806184,270.17919549963926,data\road_images\1140342000_1140341994_0\0_270.jpg
1140342000_5955983164_0,1140342000,5955983164,0,0,10.304355232053862,123.88054754858314,331.37420568855805,data\road_images\1140342000_5955983164_0\0_331.jpg
1140342000_1140341992_0,1140342000,1140341992,0,0,10.30371539447409,123.8809604160164,152.1175407458411,data\road_images\1140342000_1140341992_0\0_152.jpg
1140342037_1140341978_0,1140342037,1140341978,0,0,10.301170497553315,123.87916186223816,84.0797713904139,data\road_images\1140342037_1140341978_0\0_84.jpg
1140342037_1140342060_0,1140342037,1140342060,0,0,10.300922953553286,123.8784180114216,163.03672192513363,data\road_images\1140342037_1140342060_0\0_163.jpg
1140342037_1140342059_0,1140342037,1140342059,0,0,10.301309759620514,123.87829818106633,343.05288071502787,data\road_images\1140342037_1140342059_0\0_343.jpg
1140342041_1140342059_0,1140342041,1140342059,0,0,10.3015841,123.8782132,163.0715421503819,data\road_images\1140342041_1140342059_0\0_163.jpg
1140342041_1140341980_0,1140342041,1140341980,0,0,10.302259140504697,123.87893514251925,68.7391273426748,data\road_images\1140342041_1140341980_0\0_69.jpg
1140342041_2442292466_0,1140342041,2442292466,0,0,10.302089989973847,123.87805646763704,343.04884861108167,data\road_images\1140342041_2442292466_0\0_343.jpg
1140342056_1140342059_0,1140342056,1140342059,0,0,10.301719951817471,123.87869824800497,253.78106850415435,data\road_images\1140342056_1140342059_0\0_254.jpg
1140342059_1140342041_0,1140342059,1140342041,0,0,10.3015841,123.8782132,343.071548301866,data\road_images\1140342059_1140342041_0\0_343.jpg
1140342059_1140342056_0,1140342059,1140342056,0,0,10.301719951817471,123.87869824800497,73.78089410826203,data\road_images\1140342059_1140342056_0\0_74.jpg
1140342059_1140342037_0,1140342059,1140342037,0,0,10.301309759620514,123.87829818106633,163.05285648428094,data\road_images\1140342059_1140342037_0\0_163.jpg
1140342060_8337848144_0,1140342060,8337848144,0,0,10.300272654872579,123.87861946573646,163.05382840776838,data\road_images\1140342060_8337848144_0\0_163.jpg
1140342060_1140342037_0,1140342060,1140342037,0,0,10.300922953553286,123.8784180114216,343.0367405579019,data\road_images\1140342060_1140342037_0\0_343.jpg
1140342060_1140342067_0,1140342060,1140342067,0,0,10.300899915497915,123.87781289119518,297.9889632817654,data\road_images\1140342060_1140342067_0\0_298.jpg
1140342067_1140342068_0,1140342067,1140342068,0,0,10.301342550000001,123.8773305,277.9757339254797,data\road_images\1140342067_1140342068_0\0_278.jpg
1140342067_1140342060_0,1140342067,1140342060,0,0,10.300899915497915,123.87781289119518,117.98876332496638,data\road_images\1140342067_1140342060_0\0_118.jpg
1140342067_1180204058_0,1140342067,1180204058,0,0,10.30048742699527,123.87728554670208,190.23577421409763,data\road_images\1140342067_1180204058_0\0_190.jpg
1140342068_1140342067_0,1140342068,1140342067,0,0,10.301342550000001,123.8773305,97.97572627012642,data\road_images\1140342068_1140342067_0\0_98.jpg
1140342068_1140342075_0,1140342068,1140342075,0,0,10.301581193772014,123.87742572987048,49.913681919628345,data\road_images\1140342068_1140342075_0\0_50.jpg
1140342068_1140342071_0,1140342068,1140342071,0,0,10.30135694296114,123.87702468102721,231.7782729801685,data\road_images\1140342068_1140342071_0\0_232.jpg
1140342071_1140342068_0,1140342071,1140342068,0,0,10.30135694296114,123.87702468102721,51.778207298469965,data\road_images\1140342071_1140342068_0\0_52.jpg
1140342075_1140342068_0,1140342075,1140342068,0,0,10.301581193772014,123.87742572987048,229.9137537012818,data\road_images\1140342075_1140342068_0\0_230.jpg
1140342081_5963433431_0,1140342081,5963433431,0,0,10.3023101,123.87633790000001,170.3369808677545,data\road_images\1140342081_5963433431_0\0_170.jpg
1140342081_5901142095_0,1140342081,5901142095,0,0,10.3024033,123.87625425,257.93571061706695,data\road_images\1140342081_5901142095_0\0_258.jpg
1140342081_5961695479_0,1140342081,5961695479,0,0,10.30243885,123.8764232,77.9235945607553,data\road_images\1140342081_5961695479_0\0_78.jpg
1140342082_1140342083_0,1140342082,1140342083,0,0,10.30234025,123.87600495000001,261.88677921589857,data\road_images\1140342082_1140342083_0\0_262.jpg
1140342083_1140342084_0,1140342083,1140342084,0,0,10.3022953,123.8756641,262.57775653497185,data\road_images\1140342083_1140342084_0\0_263.jpg
1140342083_1140342082_0,1140342083,1140342082,0,0,10.30234025,123.87600495000001,81.88674185566981,data\road_images\1140342083_1140342082_0\0_82.jpg
1140342083_1140342109_0,1140342083,1140342109,0,0,10.301990585826283,123.8759628002143,175.57467405477075,data\road_images\1140342083_1140342109_0\0_176.jpg
1140342084_5963433429_0,1140342084,5963433429,0,0,10.3021159,123.8754517,171.00075956515866,data\road_images\1140342084_5963433429_0\0_171.jpg
1140342084_1140342083_0,1140342084,1140342083,0,0,10.3022953,123.8756641,82.57767197850939,data\road_images\1140342084_1140342083_0\0_83.jpg
1140342084_1140342086_0,1140342084,1140342086,0,0,10.302262171603754,123.87519627670126,270.3522879663939,data\road_images\1140342084_1140342086_0\0_270.jpg
1140342086_1140342104_0,1140342086,1140342104,0,0,10.301693999331501,123.87502514364431,174.09201817288647,data\road_images\1140342086_1140342104_0\0_174.jpg
1140342086_1140342084_0,1140342086,1140342084,0,0,10.302262171603754,123.87519627670126,90.3522051810653,data\road_images\1140342086_1140342084_0\0_90.jpg
1140342104_12116698011_0,1140342104,12116698011,0,0,10.301008,123.8750973,174.0923866128578,data\road_images\1140342104_12116698011_0\0_174.jpg
1140342104_1140342086_0,1140342104,1140342086,0,0,10.301693999331501,123.87502514364431,354.09203975782276,data\road_images\1140342104_1140342086_0\0_354.jpg
1140342104_5963433435_0,1140342104,5963433435,0,0,10.30121641717754,123.87560294048541,77.97170269518404,data\road_images\1140342104_5963433435_0\0_78.jpg
1140342109_1140342083_0,1140342109,1140342083,0,0,10.301990585826283,123.8759628002143,355.57468340791576,data\road_images\1140342109_1140342083_0\0_356.jpg
1140342588_5965252878_0,1140342588,5965252878,0,0,10.29732235,123.8817305,166.70053186631776,data\road_images\1140342588_5965252878_0\0_167.jpg
1140342588_1141745384_0,1140342588,1141745384,0,0,10.29748985,123.8813946,258.4206410071971,data\road_images\1140342588_1141745384_0\0_258.jpg
1140342588_665869178_0,1140342588,665869178,0,0,10.29760245,123.88201065000001,80.37286837345323,data\road_images\1140342588_665869178_0\0_80.jpg
1140342592_5965165336_0,1140342592,5965165336,0,0,10.296753968203548,123.8753880152142,264.6665518945285,data\road_images\1140342592_5965165336_0\0_265.jpg
1140342592_1140342598_0,1140342592,1140342598,0,0,10.296794821926648,123.87583111209248,80.14333583114711,data\road_images\1140342592_1140342598_0\0_80.jpg
1140342592_1141745465_0,1140342592,1141745465,0,0,10.296219905102033,123.87588210997588,181.9854392557519,data\road_images\1140342592_1141745465_0\0_182.jpg
1140342596_5899633528_0,1140342596,5899633528,0,0,10.297291822564041,123.87735057637008,252.99895745711626,data\road_images\1140342596_5899633528_0\0_253.jpg
1140342596_5899633542_0,1140342596,5899633542,0,0,10.297407040975354,123.87777287658365,79.80774474298369,data\road_images\1140342596_5899633542_0\0_80.jpg
1140342596_1140342665_0,1140342596,1140342665,0,0,10.29800521328636,123.87719559454393,308.07326824690523,data\road_images\1140342596_1140342665_0\0_308.jpg
1140342598_8375396982_0,1140342598,8375396982,0,0,10.2968519,123.87606844999999,67.37326302519813,data\road_images\1140342598_8375396982_0\0_67.jpg
1140342598_1140342592_0,1140342598,1140342592,0,0,10.296794821926648,123.87583111209248,260.1434158207466,data\road_images\1140342598_1140342592_0\0_260.jpg
1140342598_1140342667_0,1140342598,1140342667,0,0,10.29717921788486,123.87591585203573,338.5714559916115,data\road_images\1140342598_1140342667_0\0_339.jpg
1140342606_10878509444_0,1140342606,10878509444,0,0,10.29748845,123.88058795,285.9686173583347,data\road_images\1140342606_10878509444_0\0_286.jpg
1140342606_1141745388_0,1140342606,1141745388,0,0,10.29742955,123.88081905,98.26136665559432,data\road_images\1140342606_1141745388_0\0_98.jpg
1140342606_1140342609_0,1140342606,1140342609,0,0,10.29784994196547,123.88093164690042,51.120552565381104,data\road_images\1140342606_1140342609_0\0_51.jpg
1140342609_1140342610_0,1140342609,1140342610,0,0,10.29803335,123.8817862,79.84697778557313,data\road_images\1140342609_1140342610_0\0_80.jpg
1140342609_1140342620_0,1140342609,1140342620,0,0,10.2983047,123.88137175,346.2335353409324,data\road_images\1140342609_1140342620_0\0_346.jpg
1140342609_1140342606_0,1140342609,1140342606,0,0,10.29784994196547,123.88093164690042,231.1206739990413,data\road_images\1140342609_1140342606_0\0_231.jpg
1140342610_1140342609_0,1140342610,1140342609,0,0,10.29803335,123.8817862,259.847096595097,data\road_images\1140342610_1140342609_0\0_260.jpg
1140342610_5965252877_0,1140342610,5965252877,0,0,10.298128904588888,123.88232250457294,79.62671713338432,data\road_images\1140342610_5965252877_0\0_80.jpg
1140342610_1140342620_0,1140342610,1140342620,0,0,10.298476809247537,123.88179662493755,303.64158865877107,data\road_images\1140342610_1140342620_0\0_304.jpg
1140342620_1140342609_0,1140342620,1140342609,0,0,10.2983047,123.88137175,166.2335059685081,data\road_images\1140342620_1140342609_0\0_166.jpg
1140342620_2248903661_0,1140342620,2248903661,0,0,10.298729526037956,123.88088464401623,283.6348603734582,data\road_images\1140342620_2248903661_0\0_284.jpg
1140342620_1140342610_0,1140342620,1140342610,0,0,10.298476809247537,123.88179662493755,123.64144047288914,data\road_images\1140342620_1140342610_0\0_124.jpg
1140342624_1140342629_0,1140342624,1140342629,0,0,10.299019593591767,123.87929532992096,262.0296352130735,data\road_images\1140342624_1140342629_0\0_262.jpg
1140342624_2295393165_0,1140342624,2295393165,0,0,10.2990079685897,123.87978819287792,100.79297530212943,data\road_images\1140342624_2295393165_0\0_101.jpg
1140342624_2295393165_1,1140342624,2295393165,1,0,10.298134259736676,123.87984467296273,100.79297530212943,data\road_images\1140342624_2295393165_1\0_101.jpg
1140342629_5955843401_0,1140342629,5955843401,0,0,10.299159549999999,123.87899555,341.74117193072465,data\road_images\1140342629_5955843401_0\0_342.jpg
1140342629_1140342624_0,1140342629,1140342624,0,0,10.299019593591767,123.87929532992096,82.02954955709049,data\road_images\1140342629_1140342624_0\0_82.jpg
1140342629_1140342638_0,1140342629,1140342638,0,0,10.298262368191605,123.87918521917663,170.43901285691072,data\road_images\1140342629_1140342638_0\0_170.jpg
1140342638_665869171_0,1140342638,665869171,0,0,10.297515050000001,123.8791089,260.3856744941021,data\road_images\1140342638_665869171_0\0_260.jpg
1140342638_1140342629_0,1140342638,1140342629,0,0,10.298262368191605,123.87918521917663,350.4390565667529,data\road_images\1140342638_1140342629_0\0_350.jpg
1140342638_10878509444_0,1140342638,10878509444,0,0,10.29762155204089,123.87985164107367,90.32827408664781,data\road_images\1140342638_10878509444_0\0_90.jpg
1140342655_1140342658_0,1140342655,1140342658,0,0,10.29848825,123.87717230000001,157.62850034974667,data\road_images\1140342655_1140342658_0\0_158.jpg
1140342655_1140342657_0,1140342655,1140342657,0,0,10.298730264489368,123.87648852748461,257.42928998785317,data\road_images\1140342655_1140342657_0\0_257.jpg
1140342655_5899633508_0,1140342655,5899633508,0,0,10.298446511471143,123.87766227865764,144.82015861051303,data\road_images\1140342655_5899633508_0\0_145.jpg
1140342657_1140342655_0,1140342657,1140342655,0,0,10.298730264489368,123.87648852748461,77.42910142747678,data\road_images\1140342657_1140342655_0\0_77.jpg
1140342658_1140342655_0,1140342658,1140342655,0,0,10.29848825,123.87717230000001,337.62855927441086,data\road_images\1140342658_1140342655_0\0_338.jpg
1140342665_1140342596_0,1140342665,1140342596,0,0,10.29800521328636,123.87719559454393,128.07308712366705,data\road_images\1140342665_1140342596_0\0_128.jpg
1140342667_1140342898_0,1140342667,1140342898,0,0,10.297512699999999,123.87545085,269.5125411743584,data\road_images\1140342667_1140342898_0\0_270.jpg
1140342667_1140342669_0,1140342667,1140342669,0,0,10.297763696964978,123.87568009867881,337.17919629391304,data\road_images\1140342667_1140342669_0\0_337.jpg
1140342667_1140342598_0,1140342667,1140342598,0,0,10.29717921788486,123.87591585203573,158.5714082107321,data\road_images\1140342667_1140342598_0\0_159.jpg
1140342669_1140342670_0,1140342669,1140342670,0,0,10.29827465,123.875474,339.65274059494595,data\road_images\1140342669_1140342670_0\0_340.jpg
1140342669_1140342667_0,1140342669,1140342667,0,0,10.297763696964978,123.87568009867881,157.17915839590353,data\road_images\1140342669_1140342667_0\0_157.jpg
1140342670_1140342669_0,1140342670,1140342669,0,0,10.29827465,123.875474,159.65270509074446,data\road_images\1140342670_1140342669_0\0_160.jpg
1140342684_1140342685_0,1140342684,1140342685,0,0,10.30018795,123.87513235,192.71592254589712,data\road_images\1140342684_1140342685_0\0_193.jpg
1140342684_5956832717_0,1140342684,5956832717,0,0,10.300336806640432,123.87569775160571,103.80622503969744,data\road_images\1140342684_5956832717_0\0_104.jpg
1140342685_1140342686_0,1140342685,1140342686,0,0,10.29963215,123.87500514999999,192.66489595092924,data\road_images\1140342685_1140342686_0\0_193.jpg
1140342685_1140342684_0,1140342685,1140342684,0,0,10.30018795,123.87513235,12.715900356153952,data\road_images\1140342685_1140342684_0\0_13.jpg
1140342685_1140342688_0,1140342685,1140342688,0,0,10.299801800000001,123.8755793,102.99792319152527,data\road_images\1140342685_1140342688_0\0_103.jpg
1140342686_10880203767_0,1140342686,10880203767,0,0,10.299271749999999,123.87491035,201.215574005905,data\road_images\1140342686_10880203767_0\0_201.jpg
1140342686_1140342685_0,1140342686,1140342685,0,0,10.29963215,123.87500514999999,12.664872653823807,data\road_images\1140342686_1140342685_0\0_13.jpg
1140342686_1140342692_0,1140342686,1140342692,0,0,10.299346400000001,123.87547805,90.05401966777686,data\road_images\1140342686_1140342692_0\0_90.jpg
1140342688_1140342689_0,1140342688,1140342689,0,0,10.299622549999999,123.87633985,104.42247025811275,data\road_images\1140342688_1140342689_0\0_104.jpg
1140342688_1140342685_0,1140342688,1140342685,0,0,10.299801800000001,123.8755793,282.9981052088068,data\road_images\1140342688_1140342685_0\0_283.jpg
1140342688_1140342692_0,1140342688,1140342692,0,0,10.299516050000001,123.8760522,191.79100970556019,data\road_images\1140342688_1140342692_0\0_192.jpg
1140342688_5956832717_0,1140342688,5956832717,0,0,10.29995065,123.8761447,11.8507679996722,data\road_images\1140342688_5956832717_0\0_12.jpg
1140342689_5901177188_0,1140342689,5901177188,0,0,10.299506699999998,123.87684275,101.91897357007713,data\road_images\1140342689_5901177188_0\0_102.jpg
1140342689_1140342688_0,1140342689,1140342688,0,0,10.299622549999999,123.87633985,284.4225602101745,data\road_images\1140342689_1140342688_0\0_284.jpg
1140342689_1140342692_0,1140342689,1140342692,0,0,10.299244280009697,123.87641702695629,249.37847604751397,data\road_images\1140342689_1140342692_0\0_249.jpg
1140342692_1140342686_0,1140342692,1140342686,0,0,10.299346400000001,123.87547805,270.05421206478803,data\road_images\1140342692_1140342686_0\0_270.jpg
1140342692_1140342688_0,1140342692,1140342688,0,0,10.299516050000001,123.8760522,11.790996796647676,data\road_images\1140342692_1140342688_0\0_12.jpg
1140342692_1140342689_0,1140342692,1140342689,0,0,10.299244280009697,123.87641702695629,69.37837318782385,data\road_images\1140342692_1140342689_0\0_69.jpg
1140342898_1140342667_0,1140342898,1140342667,0,0,10.297512699999999,123.87545085,89.51242160212621,data\road_images\1140342898_1140342667_0\0_90.jpg
1140343065_1140343066_0,1140343065,1140343066,0,0,10.301663099999999,123.88271499999999,352.6904820861338,data\road_images\1140343065_1140343066_0\0_353.jpg
1140343065_1140341961_0,1140343065,1140341961,0,0,10.301069349999999,123.88279675,172.15832539055464,data\road_images\1140343065_1140341961_0\0_172.jpg
1140343065_1140343070_0,1140343065,1140343070,0,0,10.301571150000001,123.88302304999999,80.05505504402453,data\road_images\1140343065_1140343070_0\0_80.jpg
1140343066_1140343065_0,1140343066,1140343065,0,0,10.301663099999999,123.88271499999999,172.69047546937804,data\road_images\1140343066_1140343065_0\0_173.jpg
1140343066_1140343071_0,1140343066,1140343071,0,0,10.301849350000001,123.88297349999999,80.7571331992782,data\road_images\1140343066_1140343071_0\0_81.jpg
1140343066_1140343069_0,1140343066,1140343069,0,0,10.30241193207182,123.88258177025027,351.628910584846,data\road_images\1140343066_1140343069_0\0_352.jpg
1140343069_1140343066_0,1140343069,1140343066,0,0,10.30241193207182,123.88258177025027,171.6288778206772,data\road_images\1140343069_1140343066_0\0_172.jpg
1140343070_1140343065_0,1140343070,1140343065,0,0,10.301571150000001,123.88302304999999,260.0551586041309,data\road_images\1140343070_1140343065_0\0_260.jpg
1140343071_1140343066_0,1140343071,1140343066,0,0,10.301849350000001,123.88297349999999,260.75723227313995,data\road_images\1140343071_1140343066_0\0_261.jpg
1140343073_5912184341_0,1140343073,5912184341,0,0,10.3033671,123.88426774999999,173.98237937385898,data\road_images\1140343073_5912184341_0\0_174.jpg
1140343073_5912184342_0,1140343073,5912184342,0,0,10.30364655,123.8842343,352.4103164555373,data\road_images\1140343073_5912184342_0\0_352.jpg
1140343073_1140343075_0,1140343073,1140343075,0,0,10.303413661577522,123.88395319576938,249.62607377269669,data\road_images\1140343073_1140343075_0\0_250.jpg
1140343075_1140343073_0,1140343075,1140343073,0,0,10.303413661577522,123.88395319576938,69.62596720735257,data\road_images\1140343075_1140343073_0\0_70.jpg
1140343077_1140343086_0,1140343077,1140343086,0,0,10.296776627952454,123.88406184214102,214.49514131678205,data\road_images\1140343077_1140343086_0\0_214.jpg
1140343077_1141745373_0,1140343077,1141745373,0,0,10.297613419446144,123.8834364112542,270.97638111004215,data\road_images\1140343077_1141745373_0\0_271.jpg
1140343077_5944435311_0,1140343077,5944435311,0,0,10.29765937242655,123.8844527570319,83.96656010112281,data\road_images\1140343077_5944435311_0\0_84.jpg
1140343086_1680335965_0,1140343086,1680335965,0,0,10.296092944318152,123.88327368606807,175.2247769800432,data\road_images\1140343086_1680335965_0\0_175.jpg
1140343086_1141745373_0,1140343086,1141745373,0,0,10.296940720697956,123.88305266894754,344.6083561714042,data\road_images\1140343086_1141745373_0\0_345.jpg
1140343086_1140343077_0,1140343086,1140343077,0,0,10.296776627952454,123.88406184214102,34.49501858503049,data\road_images\1140343086_1140343077_0\0_34.jpg
1141745373_665869178_0,1141745373,665869178,0,0,10.297659526588644,123.88264959631559,272.22692464892896,data\road_images\1141745373_665869178_0\0_272.jpg
1141745373_1140343077_0,1141745373,1140343077,0,0,10.297613419446144,123.8834364112542,90.97620839081225,data\road_images\1141745373_1140343077_0\0_91.jpg
1141745373_1140343086_0,1141745373,1140343086,0,0,10.296940720697956,123.88305266894754,164.60830619205876,data\road_images\1141745373_1140343086_0\0_165.jpg
1141745374_5740008937_0,1141745374,5740008937,0,0,10.296883650000002,123.8818433,164.9473958629676,data\road_images\1141745374_5740008937_0\0_165.jpg
1141745374_5965252878_0,1141745374,5965252878,0,0,10.2970693,123.8817924,344.6633770581551,data\road_images\1141745374_5965252878_0\0_345.jpg
1141745374_1141745376_0,1141745374,1141745376,0,0,10.29701475,123.8816577,259.56786890958375,data\road_images\1141745374_1141745376_0\0_260.jpg
1141745376_1141745374_0,1141745376,1141745374,0,0,10.29701475,123.8816577,79.56781789391562,data\road_images\1141745376_1141745374_0\0_80.jpg
1141745384_1141745385_0,1141745384,1141745385,0,0,10.2971806,123.88115035,171.62869772954696,data\road_images\1141745384_1141745385_0\0_172.jpg
1141745384_1140342588_0,1141745384,1140342588,0,0,10.29748985,123.8813946,78.4205401869969,data\road_images\1141745384_1140342588_0\0_78.jpg
1141745384_1141745388_0,1141745384,1141745388,0,0,10.297420361385058,123.88098824960063,267.71023157950947,data\road_images\1141745384_1141745388_0\0_268.jpg
1141745385_1141745386_0,1141745385,1141745386,0,0,10.29674465,123.88121635,171.38909700646798,data\road_images\1141745385_1141745386_0\0_171.jpg
1141745385_1141745384_0,1141745385,1141745384,0,0,10.2971806,123.88115035,351.6287112254649,data\road_images\1141745385_1141745384_0\0_352.jpg
1141745385_1141745387_0,1141745385,1141745387,0,0,10.296935600000001,123.88127695,85.1614453403331,data\road_images\1141745385_1141745387_0\0_85.jpg
1141745386_1141745385_0,1141745386,1141745385,0,0,10.29674465,123.88121635,351.3891071056159,data\road_images\1141745386_1141745385_0\0_351.jpg
1141745387_1141745385_0,1141745387,1141745385,0,0,10.296935600000001,123.88127695,265.161477104188,data\road_images\1141745387_1141745385_0\0_265.jpg
1141745388_1140342606_0,1141745388,1140342606,0,0,10.29742955,123.88081905,278.2613825478715,data\road_images\1141745388_1140342606_0\0_278.jpg
1141745388_1141745392_0,1141745388,1141745392,0,0,10.297077403421989,123.88079828204249,186.12531575241576,data\road_images\1141745388_1141745392_0\0_186.jpg
1141745388_1141745384_0,1141745388,1141745384,0,0,10.297420361385058,123.88098824960063,87.7101870511766,data\road_images\1141745388_1141745384_0\0_88.jpg
1141745392_1141745388_0,1141745392,1141745388,0,0,10.297077403421989,123.88079828204249,6.125302149393633,data\road_images\1141745392_1141745388_0\0_6.jpg
1141745410_665869171_0,1141745410,665869171,0,0,10.2972577,123.87892875,356.8116671541085,data\road_images\1141745410_665869171_0\0_357.jpg
1141745412_5899633508_0,1141745412,5899633508,0,0,10.297440602390346,123.87818805212127,266.21348727766764,data\road_images\1141745412_5899633508_0\0_266.jpg
1141745412_665869171_0,1141745412,665869171,0,0,10.297460833542603,123.8786233635226,86.86283606929504,data\road_images\1141745412_665869171_0\0_87.jpg
1141745412_2248903659_0,1141745412,2248903659,0,0,10.296716565331995,123.87857606452798,181.1207081542144,data\road_images\1141745412_2248903659_0\0_181.jpg
1141745459_8375396982_0,1141745459,8375396982,0,0,10.296909450000001,123.87620905,247.41677020014873,data\road_images\1141745459_8375396982_0\0_247.jpg
1141745459_1141745460_0,1141745459,1141745460,0,0,10.2968096,123.87639809999999,157.25424254288714,data\road_images\1141745459_1141745460_0\0_157.jpg
1141745459_5899626467_0,1141745459,5899626467,0,0,10.297041514328042,123.87654924031638,70.84534102506655,data\road_images\1141745459_5899626467_0\0_71.jpg
1141745460_1141745459_0,1141745460,1141745459,0,0,10.2968096,123.87639809999999,337.2542655298184,data\road_images\1141745460_1141745459_0\0_337.jpg
1141745465_5901089931_0,1141745465,5901089931,0,0,10.29560045,123.87568385,130.6712079111711,data\road_images\1141745465_5901089931_0\0_131.jpg
1141745465_5965165328_0,1141745465,5965165328,0,0,10.29556424121193,123.87547269856977,214.01059041628238,data\road_images\1141745465_5965165328_0\0_214.jpg
1141745465_1140342592_0,1141745465,1140342592,0,0,10.296219905102033,123.87588210997588,1.9854325173440657,data\road_images\1141745465_1140342592_0\0_2.jpg
1141745773_1141747220_0,1141745773,1141747220,0,0,10.295051699999998,123.88274655000001,141.88078794444482,data\road_images\1141745773_1141747220_0\0_142.jpg
1141745773_5799719530_0,1141745773,5799719530,0,0,10.295013839279596,123.88257889968204,234.38869192375964,data\road_images\1141745773_5799719530_0\0_234.jpg
1141745773_1680335965_0,1141745773,1680335965,0,0,10.295327437612,123.88301587494085,53.58161528720507,data\road_images\1141745773_1680335965_0\0_54.jpg
1141745774_5788317433_0,1141745774,5788317433,0,0,10.293123513772043,123.88003531237084,53.937234053792736,data\road_images\1141745774_5788317433_0\0_54.jpg
1141745774_5899633547_0,1141745774,5899633547,0,0,10.293555469848785,123.87945244750361,345.6391691501638,data\road_images\1141745774_5899633547_0\0_346.jpg
1141745774_937431168_0,1141745774,937431168,0,0,10.292735517555979,123.87948885645325,234.91487574816904,data\road_images\1141745774_937431168_0\0_235.jpg
1141745797_665869178_0,1141745797,665869178,0,0,10.2970614,123.88244035,351.0388277340844,data\road_images\1141745797_665869178_0\0_351.jpg
1141747198_5939321304_0,1141747198,5939321304,0,0,10.294574050000001,123.88453445,357.1481133072855,data\road_images\1141747198_5939321304_0\0_357.jpg
1141747198_1141747199_0,1141747198,1141747199,0,0,10.29422255,123.8843862,267.5940994450605,data\road_images\1141747198_1141747199_0\0_268.jpg
1141747198_1093748762_0,1141747198,1093748762,0,0,10.294301396620806,123.8856806019748,85.5495538005278,data\road_images\1141747198_1093748762_0\0_86.jpg
1141747199_1141747215_0,1141747199,1141747215,0,0,10.2950688,123.88416480000001,356.3243723678762,data\road_images\1141747199_1141747215_0\0_356.jpg
1141747199_1141747198_0,1141747199,1141747198,0,0,10.29422255,123.8843862,87.59404022305273,data\road_images\1141747199_1141747198_0\0_88.jpg
1141747199_5799730451_0,1141747199,5799730451,0,0,10.294311446239709,123.88384055476911,321.0882423877324,data\road_images\1141747199_5799730451_0\0_321.jpg
1141747203_5799730451_0,1141747203,5799730451,0,0,10.294917049999999,123.88377305,176.88526064384507,data\road_images\1141747203_5799730451_0\0_177.jpg
1141747203_5799719508_0,1141747203,5799719508,0,0,10.295003103916157,123.88347724983578,249.22591305001356,data\road_images\1141747203_5799719508_0\0_249.jpg
1141747203_1141747209_0,1141747203,1141747209,0,0,10.295351022063727,123.88373931439212,342.88583800987544,data\road_images\1141747203_1141747209_0\0_343.jpg
1141747209_5779790319_0,1141747209,5779790319,0,0,10.2956207,123.8836612,55.87934511052032,data\road_images\1141747209_5779790319_0\0_56.jpg
1141747209_1141747203_0,1141747209,1141747203,0,0,10.295351022063727,123.88373931439212,162.8858100220399,data\road_images\1141747209_1141747203_0\0_163.jpg
1141747209_1680383452_0,1141747209,1680383452,0,0,10.295511810570039,123.88350614236847,233.75000244523665,data\road_images\1141747209_1680383452_0\0_234.jpg
1141747211_5947373637_0,1141747211,5947373637,0,0,10.2955997,123.88461670000001,86.78876664042969,data\road_images\1141747211_5947373637_0\0_87.jpg
1141747211_5939321306_0,1141747211,5939321306,0,0,10.295418811628128,123.88449392866853,183.02300952894677,data\road_images\1141747211_5939321306_0\0_183.jpg
1141747211_5779790329_0,1141747211,5779790329,0,0,10.295852315044725,123.88449418662655,346.0845571266679,data\road_images\1141747211_5779790329_0\0_346.jpg
1141747215_1141747199_0,1141747215,1141747199,0,0,10.2950688,123.88416480000001,176.32435245874035,data\road_images\1141747215_1141747199_0\0_176.jpg
1141747215_5779790329_0,1141747215,5779790329,0,0,10.296006,123.8842534,59.359512550781574,data\road_images\1141747215_5779790329_0\0_59.jpg
1141747215_5779790319_0,1141747215,5779790319,0,0,10.295794563971066,123.88390862109374,235.61676181247978,data\road_images\1141747215_5779790319_0\0_236.jpg
1141747217_5799719508_0,1141747217,5799719508,0,0,10.294772850000001,123.88303055,58.92654757937606,data\road_images\1141747217_5799719508_0\0_59.jpg
1141747217_1141747218_0,1141747217,1141747218,0,0,10.294344614384901,123.88242265886885,233.49162127195575,data\road_images\1141747217_1141747218_0\0_233.jpg
1141747217_1141747220_0,1141747217,1141747220,0,0,10.294835498043982,123.88282314091197,348.0358180623822,data\road_images\1141747217_1141747220_0\0_348.jpg
1141747217_1141747221_0,1141747217,1141747221,0,0,10.294517025068016,123.88292374628347,158.07992691121422,data\road_images\1141747217_1141747221_0\0_158.jpg
1141747218_1141747323_0,1141747218,1141747323,0,0,10.29386245,123.88202935000001,163.29342562555428,data\road_images\1141747218_1141747323_0\0_163.jpg
1141747218_1141747219_0,1141747218,1141747219,0,0,10.293788712208228,123.88162335187036,234.33360167093804,data\road_images\1141747218_1141747219_0\0_234.jpg
1141747218_1141747217_0,1141747218,1141747217,0,0,10.294344614384901,123.88242265886885,53.4914639578094,data\road_images\1141747218_1141747217_0\0_53.jpg
1141747219_1141747218_0,1141747219,1141747218,0,0,10.293788712208228,123.88162335187036,54.333476405452814,data\road_images\1141747219_1141747218_0\0_54.jpg
1141747220_1141745773_0,1141747220,1141745773,0,0,10.295051699999998,123.88274655000001,321.88080265313516,data\road_images\1141747220_1141745773_0\0_322.jpg
1141747220_1680383452_0,1141747220,1680383452,0,0,10.295219480963508,123.88309641352258,54.157394495882045,data\road_images\1141747220_1680383452_0\0_54.jpg
1141747220_1141747217_0,1141747220,1141747217,0,0,10.294835498043982,123.88282314091197,168.0358053916358,data\road_images\1141747220_1141747217_0\0_168.jpg
1141747220_5788317433_0,1141747220,5788317433,0,0,10.29417677070242,123.88162662287749,235.56258584260706,data\road_images\1141747220_5788317433_0\0_236.jpg
1141747221_1141747217_0,1141747221,1141747217,0,0,10.294517025068016,123.88292374628347,338.0799495177511,data\road_images\1141747221_1141747217_0\0_338.jpg
1141747221_1141747323_0,1141747221,1141747323,0,0,10.294052068824483,123.88251525818521,233.17565815805762,data\road_images\1141747221_1141747323_0\0_233.jpg
1141747221_1141747223_0,1141747221,1141747223,0,0,10.29417355,123.8830423,163.33869489267454,data\road_images\1141747221_1141747223_0\0_163.jpg
1141747223_1141747221_0,1141747223,1141747221,0,0,10.29417355,123.8830423,343.33871533616883,data\road_images\1141747223_1141747221_0\0_343.jpg
1141747223_1141747323_0,1141747223,1141747323,0,0,10.293690499813053,123.88250746478141,253.84807306972306,data\road_images\1141747223_1141747323_0\0_254.jpg
1141747223_1141747226_0,1141747223,1141747226,0,0,10.2938417,123.8831392,164.8031827092534,data\road_images\1141747223_1141747226_0\0_165.jpg
1141747226_1141747223_0,1141747226,1141747223,0,0,10.2938417,123.8831392,344.8031968978278,data\road_images\1141747226_1141747223_0\0_345.jpg
1141747226_1141747301_0,1141747226,1141747301,0,0,10.293496604825624,123.88278313952883,238.84550841949672,data\road_images\1141747226_1141747301_0\0_239.jpg
1141747226_1141747228_0,1141747226,1141747228,0,0,10.29345315930156,123.88325764430351,159.8457318981658,data\road_images\1141747226_1141747228_0\0_160.jpg
1141747228_1141747226_0,1141747228,1141747226,0,0,10.29345315930156,123.88325764430351,339.8457639730064,data\road_images\1141747228_1141747226_0\0_340.jpg
1141747228_1141747289_0,1141747228,1141747289,0,0,10.293090185595014,123.88283976676756,249.7670404705433,data\road_images\1141747228_1141747289_0\0_250.jpg
1141747228_5779790312_0,1141747228,5779790312,0,0,10.29309855,123.8834082,157.47548511950845,data\road_images\1141747228_5779790312_0\0_157.jpg
1141747232_5779790312_0,1141747232,5779790312,0,0,10.2928575,123.88350985,337.45674935023226,data\road_images\1141747232_5779790312_0\0_337.jpg
1141747232_1141747287_0,1141747232,1141747287,0,0,10.292820275698379,123.88385035827176,71.93371247234029,data\road_images\1141747232_1141747287_0\0_72.jpg
1141747232_1141747234_0,1141747232,1141747234,0,0,10.292564800000001,123.88362624999999,159.49239292619973,data\road_images\1141747232_1141747234_0\0_159.jpg
1141747234_1141747232_0,1141747234,1141747232,0,0,10.292564800000001,123.88362624999999,339.49241599309073,data\road_images\1141747234_1141747232_0\0_339.jpg
1141747234_1141747286_0,1141747234,1141747286,0,0,10.292470592860163,123.88396620948834,74.25298834595259,data\road_images\1141747234_1141747286_0\0_74.jpg
1141747286_1141747287_0,1141747286,1141747287,0,0,10.292733144750773,123.88418808168073,344.26626932931646,data\road_images\1141747286_1141747287_0\0_344.jpg
1141747286_1141747234_0,1141747286,1141747234,0,0,10.292470592860163,123.88396620948834,254.25308668753888,data\road_images\1141747286_1141747234_0\0_254.jpg
1141747286_324580308_0,1141747286,324580308,0,0,10.29288939929716,123.88563349444095,76.92005087343216,data\road_images\1141747286_324580308_0\0_77.jpg
1141747287_5779790311_0,1141747287,5779790311,0,0,10.29306235,123.8840922,343.6721923567953,data\road_images\1141747287_5779790311_0\0_344.jpg
1141747287_1141747286_0,1141747287,1141747286,0,0,10.292733144750773,123.88418808168073,164.26625035370557,data\road_images\1141747287_1141747286_0\0_164.jpg
1141747287_1141747232_0,1141747287,1141747232,0,0,10.292820275698379,123.88385035827176,251.93381490900816,data\road_images\1141747287_1141747232_0\0_252.jpg
1141747289_1141747228_0,1141747289,1141747228,0,0,10.293090185595014,123.88283976676756,69.76686230604764,data\road_images\1141747289_1141747228_0\0_70.jpg
1141747301_1141747226_0,1141747301,1141747226,0,0,10.293496604825624,123.88278313952883,58.845372811494315,data\road_images\1141747301_1141747226_0\0_59.jpg
1141747323_1141747326_0,1141747323,1141747326,0,0,10.2935651,123.8818832,236.1774362521382,data\road_images\1141747323_1141747326_0\0_236.jpg
1141747323_1141747218_0,1141747323,1141747218,0,0,10.29386245,123.88202935000001,343.2934438704802,data\road_images\1141747323_1141747218_0\0_343.jpg
1141747323_1141747221_0,1141747323,1141747221,0,0,10.294052068824483,123.88251525818521,53.17549648848416,data\road_images\1141747323_1141747221_0\0_53.jpg
1141747323_1141747223_0,1141747323,1141747223,0,0,10.293690499813053,123.88250746478141,73.8478909601888,data\road_images\1141747323_1141747223_0\0_74.jpg
1141747326_1141747323_0,1141747326,1141747323,0,0,10.2935651,123.8818832,56.17736577618081,data\road_images\1141747326_1141747323_0\0_56.jpg
1143376349_1140341934_0,1143376349,1140341934,0,0,10.297776149486166,123.8862053121514,284.1845287703919,data\road_images\1143376349_1140341934_0\0_284.jpg
1143376349_1143376351_0,1143376349,1143376351,0,0,10.297342,123.88738434999999,164.80368274955526,data\road_images\1143376349_1143376351_0\0_165.jpg
1143376349_5770898390_0,1143376349,5770898390,0,0,10.297398288929971,123.88769492192313,103.39888072261817,data\road_images\1143376349_5770898390_0\0_103.jpg
1143376351_1143376349_0,1143376351,1143376349,0,0,10.297342,123.88738434999999,344.80369656745233,data\road_images\1143376351_1143376349_0\0_345.jpg
1143376351_937431104_0,1143376351,937431104,0,0,10.297051263939832,123.88658405766235,257.0355675343814,data\road_images\1143376351_937431104_0\0_257.jpg
1143376351_5770898387_0,1143376351,5770898387,0,0,10.297237195350291,123.88770808233737,82.87764981953944,data\road_images\1143376351_5770898387_0\0_83.jpg
1143376355_1143376357_0,1143376355,1143376357,0,0,10.29632865,123.88521044999999,155.9232962375578,data\road_images\1143376355_1143376357_0\0_156.jpg
1143376355_324580728_0,1143376355,324580728,0,0,10.296598270334092,123.88547816592877,70.12432832226273,data\road_images\1143376355_324580728_0\0_70.jpg
1143376355_665869173_0,1143376355,665869173,0,0,10.2963863,123.88497939999999,244.51796299880462,data\road_images\1143376355_665869173_0\0_245.jpg
1143376357_1143376355_0,1143376357,1143376355,0,0,10.29632865,123.88521044999999,335.9233184547662,data\road_images\1143376357_1143376355_0\0_336.jpg
1143376357_1143376360_0,1143376357,1143376360,0,0,10.296125,123.8851364,243.50458585845607,data\road_images\1143376357_1143376360_0\0_244.jpg
1143376357_1123112547_0,1143376357,1123112547,0,0,10.29632735,123.88560565,67.527150925628,data\road_images\1143376357_1123112547_0\0_68.jpg
1143376357_5944675288_0,1143376357,5944675288,0,0,10.29595367613905,123.88529872796393,211.2050260646703,data\road_images\1143376357_5944675288_0\0_211.jpg
1143376360_1143376357_0,1143376360,1143376357,0,0,10.296125,123.8851364,63.50453717060674,data\road_images\1143376360_1143376357_0\0_64.jpg
1180204058_1140342067_0,1180204058,1140342067,0,0,10.30048742699527,123.87728554670208,10.235730136533675,data\road_images\1180204058_1140342067_0\0_10.jpg
1180204058_8337848147_0,1180204058,8337848147,0,0,10.299815120861549,123.87785563089304,103.79916817372259,data\road_images\1180204058_8337848147_0\0_104.jpg
1180204058_12116698009_0,1180204058,12116698009,0,0,10.30004808729353,123.87689189692915,283.80118466268715,data\road_images\1180204058_12116698009_0\0_284.jpg
1214783234_5812739191_0,1214783234,5812739191,0,0,10.30176295,123.90396885,85.058799077544,data\road_images\1214783234_5812739191_0\0_85.jpg
1214783234_665829339_0,1214783234,665829339,0,0,10.301711909023417,123.90312972905352,265.97596177422076,data\road_images\1214783234_665829339_0\0_266.jpg
1214783234_1093752466_0,1214783234,1093752466,0,0,10.301358075656818,123.90395626921394,128.38993764391387,data\road_images\1214783234_1093752466_0\0_128.jpg
1295696084_1295696088_0,1295696084,1295696088,0,0,10.295089418714154,123.89235750461815,81.46829857815754,data\road_images\1295696084_1295696088_0\0_81.jpg
1295696084_1093748746_0,1295696084,1093748746,0,0,10.294526404505314,123.89194271686785,165.2816833191672,data\road_images\1295696084_1093748746_0\0_165.jpg
1295696084_679207285_0,1295696084,679207285,0,0,10.295477026537597,123.89169419891232,349.6389597294409,data\road_images\1295696084_679207285_0\0_350.jpg
1295696084_4036150280_0,1295696084,4036150280,0,0,10.294976535485818,123.89121427216539,264.6720326613636,data\road_images\1295696084_4036150280_0\0_265.jpg
1295696088_679207285_0,1295696088,679207285,0,0,10.29558966077952,123.89228976076032,302.1065810799712,data\road_images\1295696088_679207285_0\0_302.jpg
1295696088_8404145227_0,1295696088,8404145227,0,0,10.294721747213822,123.89315647590877,150.14025369276294,data\road_images\1295696088_8404145227_0\0_150.jpg
1295696088_1295696084_0,1295696088,1295696084,0,0,10.295089418714154,123.89235750461815,261.4684929159984,data\road_images\1295696088_1295696084_0\0_261.jpg
1306268006_1138894114_0,1306268006,1138894114,0,0,10.32431815,123.87958065000001,255.20155313054198,data\road_images\1306268006_1138894114_0\0_255.jpg
1306268006_6301937938_0,1306268006,6301937938,0,0,10.32437585,123.8798026,75.19249592742796,data\road_images\1306268006_6301937938_0\0_75.jpg
1306268006_1484307098_0,1306268006,1484307098,0,0,10.3245325,123.87966775000001,344.46933951729517,data\road_images\1306268006_1484307098_0\0_344.jpg
1332943590_1099182189_0,1332943590,1099182189,0,0,10.3169112,123.89285699999999,340.21046592826787,data\road_images\1332943590_1099182189_0\0_340.jpg
1332943590_5793555558_0,1332943590,5793555558,0,0,10.3165686,123.8929799,160.60584678588202,data\road_images\1332943590_5793555558_0\0_161.jpg
1332943590_321793613_0,1332943590,321793613,0,0,10.316946228326103,123.89308650747371,70.69840045253125,data\road_images\1332943590_321793613_0\0_71.jpg
1332943590_5799338600_0,1332943590,5799338600,0,0,10.316802215801744,123.8926592205098,251.24610090173144,data\road_images\1332943590_5799338600_0\0_251.jpg
1332943591_321793517_0,1332943591,321793517,0,0,10.313150396667222,123.8947423939902,337.6654277092577,data\road_images\1332943591_321793517_0\0_338.jpg
1332943591_10885806853_0,1332943591,10885806853,0,0,10.312204268555712,123.89435988610722,259.48920268403145,data\road_images\1332943591_10885806853_0\0_259.jpg
1332943591_321793530_0,1332943591,321793530,0,0,10.312765953190898,123.89575667929103,70.48845421582865,data\road_images\1332943591_321793530_0\0_70.jpg
1332943591_1332943596_0,1332943591,1332943596,0,0,10.311741096444884,123.89514028014712,170.01115298825573,data\road_images\1332943591_1332943596_0\0_170.jpg
1332943592_321793517_0,1332943592,321793517,0,0,10.3147083,123.8941306,160.3401637387641,data\road_images\1332943592_321793517_0\0_160.jpg
1332943592_8594574357_0,1332943592,8594574357,0,0,10.315527450000001,123.89355745,248.4791611241239,data\road_images\1332943592_8594574357_0\0_248.jpg
1332943592_321793613_0,1332943592,321793613,0,0,10.31632494756188,123.89356207470509,340.7231663585829,data\road_images\1332943592_321793613_0\0_341.jpg
1332943592_10677734241_0,1332943592,10677734241,0,0,10.31572025,123.89405955,68.86586597126609,data\road_images\1332943592_10677734241_0\0_69.jpg
1332943596_2127386404_0,1332943596,2127386404,0,0,10.310635781567537,123.8941503761033,294.53511898534333,data\road_images\1332943596_2127386404_0\0_295.jpg
1332943596_321793611_0,1332943596,321793611,0,0,10.310624802239008,123.8953401626425,170.0091701734682,data\road_images\1332943596_321793611_0\0_170.jpg
1332943596_1332943591_0,1332943596,1332943591,0,0,10.311741096444884,123.89514028014712,350.0112012476929,data\road_images\1332943596_1332943591_0\0_350.jpg
1463212040_1463212047_0,1463212040,1463212047,0,0,10.312473350000001,123.8982397,182.61071681580506,data\road_images\1463212040_1463212047_0\0_183.jpg
1463212040_5788163943_0,1463212040,5788163943,0,0,10.312692949654666,123.8987252500572,80.44321269506582,data\road_images\1463212040_5788163943_0\0_80.jpg
1463212040_675754775_0,1463212040,675754775,0,0,10.312429006001599,123.89806264742518,238.96984628952146,data\road_images\1463212040_675754775_0\0_239.jpg
1463212047_280332246_0,1463212047,280332246,0,0,10.311776147745512,123.8982074987401,182.6044335960612,data\road_images\1463212047_280332246_0\0_183.jpg
1463212047_675754775_0,1463212047,675754775,0,0,10.31234465,123.89802225,273.1853352600949,data\road_images\1463212047_675754775_0\0_273.jpg
1463212047_1463212040_0,1463212047,1463212040,0,0,10.312473350000001,123.8982397,2.6107144886017295,data\road_images\1463212047_1463212040_0\0_3.jpg
1463271485_324580145_0,1463271485,324580145,0,0,10.308130049999999,123.90313805,17.702444005579594,data\road_images\1463271485_324580145_0\0_18.jpg
1463271485_1093750528_0,1463271485,1093750528,0,0,10.307850297234758,123.9033001043738,113.8479990026957,data\road_images\1463271485_1093750528_0\0_114.jpg
1463271485_1484307316_0,1463271485,1484307316,0,0,10.307918546618053,123.90306580793217,202.75737108856347,data\road_images\1463271485_1484307316_0\0_203.jpg
1463271491_1463271494_0,1463271491,1463271494,0,0,10.307370274586704,123.90008817884197,245.20361891547026,data\road_images\1463271491_1463271494_0\0_245.jpg
1463271494_1093750232_0,1463271494,1093750232,0,0,10.30725895,123.89968585,0.11559344822632056,data\road_images\1463271494_1093750232_0\0_0.jpg
1463271494_1463271491_0,1463271494,1463271491,0,0,10.307370274586704,123.90008817884197,65.2034746811031,data\road_images\1463271494_1463271491_0\0_65.jpg
1463271494_318387211_0,1463271494,318387211,0,0,10.306921712663708,123.89969603251836,176.4552669376717,data\road_images\1463271494_318387211_0\0_176.jpg
1484307098_1138894119_0,1484307098,1138894119,0,0,10.32467805,123.8794761,256.61716350619804,data\road_images\1484307098_1138894119_0\0_257.jpg
1484307098_6301937937_0,1484307098,6301937937,0,0,10.324728499999999,123.87970605000001,78.72954840697741,data\road_images\1484307098_6301937937_0\0_79.jpg
1484307098_1306268006_0,1484307098,1306268006,0,0,10.3245325,123.87966775000001,164.46932143359288,data\road_images\1484307098_1306268006_0\0_164.jpg
1484307316_1093751639_0,1484307316,1093751639,0,0,10.307943577170557,123.90293044081528,292.9710422509928,data\road_images\1484307316_1093751639_0\0_293.jpg
1484307316_1463271485_0,1484307316,1463271485,0,0,10.307918546618053,123.90306580793217,22.757365648667587,data\road_images\1484307316_1463271485_0\0_23.jpg
1484307316_324580081_0,1484307316,324580081,0,0,10.306627819089435,123.90244012488249,216.70960321620825,data\road_images\1484307316_324580081_0\0_217.jpg
1674615838_773093521_0,1674615838,773093521,0,0,10.3068305,123.89631725,62.80313024567329,data\road_images\1674615838_773093521_0\0_63.jpg
1674615838_5792920751_0,1674615838,5792920751,0,0,10.306629449999999,123.895928,241.52193004666,data\road_images\1674615838_5792920751_0\0_242.jpg
1674615838_1674615839_0,1674615838,1674615839,0,0,10.307153833135137,123.89576037187786,326.8097337874309,data\road_images\1674615838_1674615839_0\0_327.jpg
1674615839_1674615838_0,1674615839,1674615838,0,0,10.307153833135137,123.89576037187786,146.80962566292783,data\road_images\1674615839_1674615838_0\0_147.jpg
1674615839_773093506_0,1674615839,773093506,0,0,10.307365736140653,123.89482548354802,248.97496824487183,data\road_images\1674615839_773093506_0\0_249.jpg
1674615839_773093489_0,1674615839,773093489,0,0,10.307717450873728,123.89569330693199,66.26331914379057,data\road_images\1674615839_773093489_0\0_66.jpg
1674620017_1674620029_0,1674620017,1674620029,0,0,10.299865000221226,123.89355989883678,40.69535249703574,data\road_images\1674620017_1674620029_0\0_41.jpg
1674620029_1093749311_0,1674620029,1093749311,0,0,10.30002895,123.89382714999999,342.8586485393951,data\road_images\1674620029_1093749311_0\0_343.jpg
1674620029_1093749094_0,1674620029,1093749094,0,0,10.2995941173961,123.89390081422529,176.32564503367473,data\road_images\1674620029_1093749094_0\0_176.jpg
1674620029_1674620017_0,1674620029,1674620017,0,0,10.299865000221226,123.89355989883678,220.6954056180986,data\road_images\1674620029_1674620017_0\0_221.jpg
1674652514_1097698510_0,1674652514,1097698510,0,0,10.310337678701085,123.90235287127176,186.03113341207404,data\road_images\1674652514_1097698510_0\0_186.jpg
1680335965_1680383452_0,1680335965,1680383452,0,0,10.29549605,123.88336515,145.48048108627762,data\road_images\1680335965_1680383452_0\0_145.jpg
1680335965_1140343086_0,1680335965,1140343086,0,0,10.296092944318152,123.88327368606807,355.22479340579423,data\road_images\1680335965_1140343086_0\0_355.jpg
1680335965_1141745773_0,1680335965,1141745773,0,0,10.295327437612,123.88301587494085,233.5817260591514,data\road_images\1680335965_1141745773_0\0_234.jpg
1680335965_5779790320_0,1680335965,5779790320,0,0,10.295664448062777,123.8834793832214,54.66416640130154,data\road_images\1680335965_5779790320_0\0_55.jpg
1680383452_1680335965_0,1680383452,1680335965,0,0,10.29549605,123.88336515,325.4804953661531,data\road_images\1680383452_1680335965_0\0_325.jpg
1680383452_1141747209_0,1680383452,1141747209,0,0,10.295511810570039,123.88350614236847,53.749966325092146,data\road_images\1680383452_1141747209_0\0_54.jpg
1680383452_1141747220_0,1680383452,1141747220,0,0,10.295219480963508,123.88309641352258,234.15750483762804,data\road_images\1680383452_1141747220_0\0_234.jpg
1680513007_666067571_0,1680513007,666067571,0,0,10.296788142369808,123.89425575229197,253.021731219619,data\road_images\1680513007_666067571_0\0_253.jpg
1680513007_281418213_0,1680513007,281418213,0,0,10.2971243,123.89537465000001,73.0188305711107,data\road_images\1680513007_281418213_0\0_73.jpg
1680513007_1093748502_0,1680513007,1093748502,0,0,10.29653435,123.89485260000001,164.86170289937718,data\road_images\1680513007_1093748502_0\0_165.jpg
1680513010_1093748502_0,1680513010,1093748502,0,0,10.295890700000001,123.89503705,343.26383497892976,data\road_images\1680513010_1093748502_0\0_343.jpg
1680513010_1093748492_0,1680513010,1093748492,0,0,10.295302150000001,123.8952343,160.6965588195293,data\road_images\1680513010_1093748492_0\0_161.jpg
1680513010_5772793116_0,1680513010,5772793116,0,0,10.29564135,123.8948641,268.6468514640276,data\road_images\1680513010_5772793116_0\0_269.jpg
1681036966_1105801766_0,1681036966,1105801766,0,0,10.319652300000001,123.9113792,231.09429537079305,data\road_images\1681036966_1105801766_0\0_231.jpg
1681036966_8344309127_0,1681036966,8344309127,0,0,10.319831640465988,123.91131033398334,328.94819753851687,data\road_images\1681036966_8344309127_0\0_329.jpg
1681093481_1129145566_0,1681093481,1129145566,0,0,10.3037743,123.89527035,250.17610735776563,data\road_images\1681093481_1129145566_0\0_250.jpg
1681093481_324580399_0,1681093481,324580399,0,0,10.30379635,123.8953315,69.5718440426266,data\road_images\1681093481_324580399_0\0_70.jpg
1681093481_5792422774_0,1681093481,5792422774,0,0,10.302958427076499,123.89558336731452,160.90892666671652,data\road_images\1681093481_5792422774_0\0_161.jpg
1681093481_10743602367_0,1681093481,10743602367,0,0,10.304700394109755,123.89497325533249,340.59055072207656,data\road_images\1681093481_10743602367_0\0_341.jpg
1681093492_5792639773_0,1681093492,5792639773,0,0,10.298503199999999,123.89045705,333.115406993294,data\road_images\1681093492_5792639773_0\0_333.jpg
1681093492_1727313895_0,1681093492,1727313895,0,0,10.2983055,123.89012055,251.6445257786935,data\road_images\1681093492_1727313895_0\0_252.jpg
1681093492_1093749144_0,1681093492,1093749144,0,0,10.298112086327931,123.89069395782042,150.15555582184777,data\road_images\1681093492_1093749144_0\0_150.jpg
1682725119_5814889645_0,1682725119,5814889645,0,0,10.311604723186395,123.90353219477053,153.6613653926372,data\road_images\1682725119_5814889645_0\0_154.jpg
1682725119_531572438_0,1682725119,531572438,0,0,10.312356073121519,123.90314168393795,333.9917247566633,data\road_images\1682725119_531572438_0\0_334.jpg
1682725119_1682725133_0,1682725119,1682725133,0,0,10.312050691702982,123.9026433185773,271.55239346145333,data\road_images\1682725119_1682725133_0\0_272.jpg
1682725133_1682725119_0,1682725133,1682725119,0,0,10.312050691702982,123.9026433185773,91.55216987715619,data\road_images\1682725133_1682725119_0\0_92.jpg
1682725133_369910965_0,1682725133,369910965,0,0,10.311796901155953,123.90194534348655,189.91345341824626,data\road_images\1682725133_369910965_0\0_190.jpg
1682725133_531572438_0,1682725133,531572438,0,0,10.31266306226458,123.90228571489857,66.63216698002884,data\road_images\1682725133_531572438_0\0_67.jpg
1684158493_648757179_0,1684158493,648757179,0,0,10.3154852,123.90555355000001,112.4294956557107,data\road_images\1684158493_648757179_0\0_112.jpg
1684158493_1101215444_0,1684158493,1101215444,0,0,10.314522039809528,123.90508480561131,221.84593822450344,data\road_images\1684158493_1101215444_0\0_222.jpg
1684158493_12116282641_0,1684158493,12116282641,0,0,10.315751698437557,123.90557900491787,17.35737675393125,data\road_images\1684158493_12116282641_0\0_17.jpg
1685342640_1093749724_0,1685342640,1093749724,0,0,10.30810155,123.88923510000001,193.9045939250086,data\road_images\1685342640_1093749724_0\0_194.jpg
1685342640_1138898089_0,1685342640,1138898089,0,0,10.308081389337936,123.88861734920326,265.63510695366267,data\road_images\1685342640_1138898089_0\0_266.jpg
1685342640_960110032_0,1685342640,960110032,0,0,10.308384301483775,123.89003645717702,72.1384878444012,data\road_images\1685342640_960110032_0\0_72.jpg
1685351613_5792422770_0,1685351613,5792422770,0,0,10.308157362144666,123.89373222382183,160.48091170339103,data\road_images\1685351613_5792422770_0\0_160.jpg
1685351613_281437797_0,1685351613,281437797,0,0,10.309255169638126,123.8934521331902,60.652801605382535,data\road_images\1685351613_281437797_0\0_61.jpg
1685351613_912971863_0,1685351613,912971863,0,0,10.30917519860154,123.89320680758009,262.673265674557,data\road_images\1685351613_912971863_0\0_263.jpg
1727313895_1681093492_0,1727313895,1681093492,0,0,10.2983055,123.89012055,71.64439160952816,data\road_images\1727313895_1681093492_0\0_72.jpg
1727313895_13033684278_0,1727313895,13033684278,0,0,10.29790497367198,123.88977495217955,156.80061116012052,data\road_images\1727313895_13033684278_0\0_157.jpg
1727313895_5799418184_0,1727313895,5799418184,0,0,10.2983623586856,123.88966511243532,332.2490260300616,data\road_images\1727313895_5799418184_0\0_332.jpg
2126271267_281440732_0,2126271267,281440732,0,0,10.31741985,123.90052750000001,333.57721723678253,data\road_images\2126271267_281440732_0\0_334.jpg
2126271267_5815513266_0,2126271267,5815513266,0,0,10.3170839,123.90070084999999,152.80148325460277,data\road_images\2126271267_5815513266_0\0_153.jpg
2126271267_1099182449_0,2126271267,1099182449,0,0,10.317093806452183,123.89988580341345,256.77110357160876,data\road_images\2126271267_1099182449_0\0_257.jpg
2126359433_8314512968_0,2126359433,8314512968,0,0,10.32246584334815,123.89872309164987,347.58930486985224,data\road_images\2126359433_8314512968_0\0_348.jpg
2126359433_316824560_0,2126359433,316824560,0,0,10.320667610425328,123.8991289081105,167.1975848208267,data\road_images\2126359433_316824560_0\0_167.jpg
2126359433_1101216330_0,2126359433,1101216330,0,0,10.32157729956984,123.90003168819577,95.53248266592249,data\road_images\2126359433_1101216330_0\0_96.jpg
2126433826_1099182024_0,2126433826,1099182024,0,0,10.31625745,123.8954327,158.34573155192993,data\road_images\2126433826_1099182024_0\0_158.jpg
2127386404_2127386406_0,2127386404,2127386406,0,0,10.3116022,123.89349955,250.28791389483183,data\road_images\2127386404_2127386406_0\0_250.jpg
2127386404_1097698733_0,2127386404,1097698733,0,0,10.31251754668232,123.89343679049603,341.04515173722893,data\road_images\2127386404_1097698733_0\0_341.jpg
2127386404_1332943596_0,2127386404,1332943596,0,0,10.310635781567537,123.8941503761033,114.53484209506206,data\road_images\2127386404_1332943596_0\0_115.jpg
2127386406_960110984_0,2127386406,960110984,0,0,10.3114167,123.89297335,250.28577118136866,data\road_images\2127386406_960110984_0\0_250.jpg
2127386406_2127386404_0,2127386406,2127386404,0,0,10.3116022,123.89349955,70.28783203743598,data\road_images\2127386406_2127386404_0\0_70.jpg
2127386406_321793683_0,2127386406,321793683,0,0,10.3123591,123.8929863,341.513641739776,data\road_images\2127386406_321793683_0\0_342.jpg
2179444245_1093752296_0,2179444245,1093752296,0,0,10.297881749999998,123.90295705,84.30955960532958,data\road_images\2179444245_1093752296_0\0_84.jpg
2179444245_318387260_0,2179444245,318387260,0,0,10.297830765650485,123.90243754846227,264.29921943527637,data\road_images\2179444245_318387260_0\0_264.jpg
2179444245_8323856193_0,2179444245,8323856193,0,0,10.298412164487564,123.90282934891168,1.714344031697408,data\road_images\2179444245_8323856193_0\0_2.jpg
2201548378_1101215569_0,2201548378,1101215569,0,0,10.309495011492789,123.90602626961088,301.13802706838135,data\road_images\2201548378_1101215569_0\0_301.jpg
2201548378_2201548388_0,2201548378,2201548388,0,0,10.309090587919066,123.90734351287406,59.95154779810349,data\road_images\2201548378_2201548388_0\0_60.jpg
2201548378_8359445433_0,2201548378,8359445433,0,0,10.30887605,123.90704170000001,122.85008742968279,data\road_images\2201548378_8359445433_0\0_123.jpg
2201548388_8359445432_0,2201548388,8359445432,0,0,10.3091115705888,123.90747901411602,216.0179808849543,data\road_images\2201548388_8359445432_0\0_216.jpg
2201548388_2201548378_0,2201548388,2201548378,0,0,10.309090587919066,123.90734351287406,239.95168731515474,data\road_images\2201548388_2201548378_0\0_240.jpg
2201548388_622267620_0,2201548388,622267620,0,0,10.310311461657864,123.90837061679287,38.2939925903878,data\road_images\2201548388_622267620_0\0_38.jpg
2213820754_2213825038_0,2213820754,2213825038,0,0,10.3058154,123.9109254,227.46347214601258,data\road_images\2213820754_2213825038_0\0_227.jpg
2213820754_665829356_0,2213820754,665829356,0,0,10.30618213443953,123.91069076459829,321.25073518657894,data\road_images\2213820754_665829356_0\0_321.jpg
2213820754_324580279_0,2213820754,324580279,0,0,10.305814,123.91099080000001,141.23811357009038,data\road_images\2213820754_324580279_0\0_141.jpg
2213825038_5634224325_0,2213825038,5634224325,0,0,10.3057454,123.91087440000001,200.62345970261424,data\road_images\2213825038_5634224325_0\0_201.jpg
2213825038_666178211_0,2213825038,666178211,0,0,10.3057496,123.91091435,141.7617207018301,data\road_images\2213825038_666178211_0\0_142.jpg
2213825038_666178210_0,2213825038,666178210,0,0,10.306123851999407,123.91061576457909,321.8276632931403,data\road_images\2213825038_666178210_0\0_322.jpg
2213825038_2213820754_0,2213825038,2213820754,0,0,10.3058154,123.9109254,47.463458907525364,data\road_images\2213825038_2213820754_0\0_47.jpg
2231564468_5804558238_0,2231564468,5804558238,0,0,10.29869235,123.90416775,100.02488444442736,data\road_images\2231564468_5804558238_0\0_100.jpg
2231564468_665833183_0,2231564468,665833183,0,0,10.299119703219207,123.90381553547779,12.305168598937655,data\road_images\2231564468_665833183_0\0_12.jpg
2231564468_660735267_0,2231564468,660735267,0,0,10.298617400000001,123.90370419999999,192.30126359248408,data\road_images\2231564468_660735267_0\0_192.jpg
2231564475_1093751860_0,2231564475,1093751860,0,0,10.299889124515646,123.90790148925107,84.55635698799642,data\road_images\2231564475_1093751860_0\0_85.jpg
2231564475_8316094780_0,2231564475,8316094780,0,0,10.299122052093665,123.90718211562174,170.37901227416614,data\road_images\2231564475_8316094780_0\0_170.jpg
2231564475_1093752691_0,2231564475,1093752691,0,0,10.299700810987911,123.90668497771024,297.7950566772521,data\road_images\2231564475_1093752691_0\0_298.jpg
2248903659_1141745412_0,2248903659,1141745412,0,0,10.296716565331995,123.87857606452798,1.1207031850628937,data\road_images\2248903659_1141745412_0\0_1.jpg
2248903661_2295393165_0,2248903661,2295393165,0,0,10.298887650000001,123.8802585,285.3479019015983,data\road_images\2248903661_2295393165_0\0_285.jpg
2248903661_1140342620_0,2248903661,1140342620,0,0,10.298729526037956,123.88088464401623,103.63471572223318,data\road_images\2248903661_1140342620_0\0_104.jpg
2248903661_2248903663_0,2248903661,2248903663,0,0,10.298989800630723,123.88052804785,16.09872638030896,data\road_images\2248903661_2248903663_0\0_16.jpg
2248903663_2248903661_0,2248903663,2248903661,0,0,10.298989800630723,123.88052804785,196.09874338275657,data\road_images\2248903663_2248903661_0\0_196.jpg
2248903663_1140341970_0,2248903663,1140341970,0,0,10.299049003712092,123.88098521359868,104.24504331284658,data\road_images\2248903663_1140341970_0\0_104.jpg
2248903663_8689705337_0,2248903663,8689705337,0,0,10.299336589472283,123.87982045309998,283.9912923634666,data\road_images\2248903663_8689705337_0\0_284.jpg
2295393165_2248903661_0,2295393165,2248903661,0,0,10.298887650000001,123.8802585,105.34782252175006,data\road_images\2295393165_2248903661_0\0_105.jpg
2295393165_1140342624_0,2295393165,1140342624,0,0,10.2990079685897,123.87978819287792,280.7930647125309,data\road_images\2295393165_1140342624_0\0_281.jpg
2295393165_1140342624_1,2295393165,1140342624,1,0,10.298134259736676,123.87984467296273,280.7930647125309,data\road_images\2295393165_1140342624_1\0_281.jpg
2343095219_2434558866_0,2343095219,2434558866,0,0,10.2979956,123.89150384999999,335.2150894819784,data\road_images\2343095219_2434558866_0\0_335.jpg
2343095219_10779154831_0,2343095219,10779154831,0,0,10.29799431390172,123.89165417076049,62.47897597791933,data\road_images\2343095219_10779154831_0\0_62.jpg
2343095219_5771168179_0,2343095219,5771168179,0,0,10.2978653,123.89158714999999,142.03319740610374,data\road_images\2343095219_5771168179_0\0_142.jpg
2343095219_8594942416_0,2343095219,8594942416,0,0,10.297499197573767,123.89050698617078,253.00543913505697,data\road_images\2343095219_8594942416_0\0_253.jpg
2434558866_1093749144_0,2434558866,1093749144,0,0,10.297915156512593,123.89117617376112,244.46141643488357,data\road_images\2434558866_1093749144_0\0_244.jpg
2434558866_2343095219_0,2434558866,2343095219,0,0,10.2979956,123.89150384999999,155.21507909562024,data\road_images\2434558866_2343095219_0\0_155.jpg
2434558866_5799452618_0,2434558866,5799452618,0,0,10.298180646192348,123.89172646155286,63.78590988372082,data\road_images\2434558866_5799452618_0\0_64.jpg
2442292466_1138895481_0,2442292466,1138895481,0,0,10.3026421,123.87788545000001,343.0422581910105,data\road_images\2442292466_1138895481_0\0_343.jpg
2442292466_1140342041_0,2442292466,1140342041,0,0,10.302089989973847,123.87805646763704,163.048798715256,data\road_images\2442292466_1140342041_0\0_163.jpg
2442292466_2442292496_0,2442292466,2442292496,0,0,10.30234445449536,123.87731591940019,252.57070361161456,data\road_images\2442292466_2442292496_0\0_253.jpg
2442292496_2442292466_0,2442292496,2442292466,0,0,10.30234445449536,123.87731591940019,72.57048758762528,data\road_images\2442292496_2442292466_0\0_73.jpg
2454729650_648751004_0,2454729650,648751004,0,0,10.3174103,123.90324695000001,26.676902208884314,data\road_images\2454729650_648751004_0\0_27.jpg
2454729650_997375078_0,2454729650,997375078,0,0,10.317147533528383,123.90362240731241,125.95449639445496,data\road_images\2454729650_997375078_0\0_126.jpg
2454729650_648112573_0,2454729650,648112573,0,0,10.317515498621379,123.90288374935926,295.28591708314946,data\road_images\2454729650_648112573_0\0_295.jpg
2507910439_5846440304_0,2507910439,5846440304,0,0,10.319117649999999,123.88733775,219.23924614965358,data\road_images\2507910439_5846440304_0\0_219.jpg
2507910439_1138894717_0,2507910439,1138894717,0,0,10.319317399129675,123.88810755965943,84.06708505895801,data\road_images\2507910439_1138894717_0\0_84.jpg
2507910439_1138894725_0,2507910439,1138894725,0,0,10.319523264846099,123.88769368059008,46.39913310155623,data\road_images\2507910439_1138894725_0\0_46.jpg
2559428143_1093750331_0,2559428143,1093750331,0,0,10.300668850000001,123.9011036,35.11325213782578,data\road_images\2559428143_1093750331_0\0_35.jpg
2559428143_5797095121_0,2559428143,5797095121,0,0,10.300880724672952,123.90065197218507,301.20036153187544,data\road_images\2559428143_5797095121_0\0_301.jpg
2559428143_5797095121_1,2559428143,5797095121,1,0,10.300527545502327,123.90062038490541,301.20036153187544,data\road_images\2559428143_5797095121_1\0_301.jpg
2559428252_5938046309_0,2559428252,5938046309,0,0,10.3057467,123.9045783,295.91018248000717,data\road_images\2559428252_5938046309_0\0_296.jpg
2559428252_5812842774_0,2559428252,5812842774,0,0,10.30399489548294,123.90343993177926,215.2941165991675,data\road_images\2559428252_5812842774_0\0_215.jpg
2559428252_1093750603_0,2559428252,1093750603,0,0,10.305880464531715,123.90481208032743,36.001421389113034,data\road_images\2559428252_1093750603_0\0_36.jpg
2787195106_1099182034_0,2787195106,1099182034,0,0,10.315134077042249,123.89738191290449,323.4067710836087,data\road_images\2787195106_1099182034_0\0_323.jpg
2787250589_1099182500_0,2787250589,1099182500,0,0,10.317702950000001,123.89967525,73.91578070624786,data\road_images\2787250589_1099182500_0\0_74.jpg
2796375027_1099182485_0,2796375027,1099182485,0,0,10.31656717815461,123.89820293380149,63.05953747273264,data\road_images\2796375027_1099182485_0\0_63.jpg
3219802537_3219802539_0,3219802537,3219802539,0,0,10.323284123572055,123.88212147079517,274.79419762671785,data\road_images\3219802537_3219802539_0\0_275.jpg
3219802539_1138894087_0,3219802539,1138894087,0,0,10.322980459796717,123.88194426769591,170.22662143928585,data\road_images\3219802539_1138894087_0\0_170.jpg
3219802539_1138894081_0,3219802539,1138894081,0,0,10.323575614921044,123.88181836085255,347.4641680711602,data\road_images\3219802539_1138894081_0\0_347.jpg
3219802539_3219802537_0,3219802539,3219802537,0,0,10.323284123572055,123.88212147079517,94.79411944132454,data\road_images\3219802539_3219802537_0\0_95.jpg
3396924731_940959713_0,3396924731,940959713,0,0,10.29649361652742,123.9074856139291,18.955492504678375,data\road_images\3396924731_940959713_0\0_19.jpg
3396924731_1107238500_0,3396924731,1107238500,0,0,10.295954774550975,123.90782297038001,119.25569176357368,data\road_images\3396924731_1107238500_0\0_119.jpg
3396924731_940959694_0,3396924731,940959694,0,0,10.29504377093766,123.90680399347495,206.6208751724568,data\road_images\3396924731_940959694_0\0_207.jpg
3396924744_666178197_0,3396924744,666178197,0,0,10.308522335447678,123.90716561515661,62.48679493710097,data\road_images\3396924744_666178197_0\0_62.jpg
3396924744_622267614_0,3396924744,622267614,0,0,10.30742959914807,123.90646449239503,204.080830866165,data\road_images\3396924744_622267614_0\0_204.jpg
3396924744_8374957602_0,3396924744,8374957602,0,0,10.308326081679125,123.90695924269437,245.78650889079626,data\road_images\3396924744_8374957602_0\0_246.jpg
4034730273_8594919532_0,4034730273,8594919532,0,0,10.29627685,123.89823344999999,237.92630729506044,data\road_images\4034730273_8594919532_0\0_238.jpg
4034730273_8695596496_0,4034730273,8695596496,0,0,10.2963445,123.89820895,302.3510529072169,data\road_images\4034730273_8695596496_0\0_302.jpg
4034730273_8696673065_0,4034730273,8696673065,0,0,10.296380870195238,123.89841101718338,59.632559133127415,data\road_images\4034730273_8696673065_0\0_60.jpg
4034730273_8696673067_0,4034730273,8696673067,0,0,10.296228967614267,123.89839270263951,119.24189959596936,data\road_images\4034730273_8696673067_0\0_119.jpg
4034738995_8404145227_0,4034738995,8404145227,0,0,10.294295550000001,123.8934868,256.3431576757474,data\road_images\4034738995_8404145227_0\0_256.jpg
4034738995_922231021_0,4034738995,922231021,0,0,10.294421650518077,123.89385267863946,70.08827190039972,data\road_images\4034738995_922231021_0\0_70.jpg
4034738995_5770817070_0,4034738995,5770817070,0,0,10.294241630891646,123.8935965823414,151.25446004180912,data\road_images\4034738995_5770817070_0\0_151.jpg
4036028114_369910965_0,4036028114,369910965,0,0,10.311153944619356,123.90284047698675,288.5955426610882,data\road_images\4036028114_369910965_0\0_289.jpg
4036028114_280332314_0,4036028114,280332314,0,0,10.310760689937329,123.90386411877442,120.44661800354766,data\road_images\4036028114_280332314_0\0_120.jpg
4036028114_5814889645_0,4036028114,5814889645,0,0,10.3109412177023,123.90379785511249,1.564869851683227,data\road_images\4036028114_5814889645_0\0_2.jpg
4036150280_324580521_0,4036150280,324580521,0,0,10.295650589338305,123.89040831165084,344.70130334828406,data\road_images\4036150280_324580521_0\0_345.jpg
4036150280_1295696084_0,4036150280,1295696084,0,0,10.294976535485818,123.89121427216539,84.67181881028307,data\road_images\4036150280_1295696084_0\0_85.jpg
4036150280_1093382345_0,4036150280,1093382345,0,0,10.29488945,123.89056464999999,259.1070836238749,data\road_images\4036150280_1093382345_0\0_259.jpg
4036150280_5770898396_0,4036150280,5770898396,0,0,10.29484905,123.89062064999999,176.1431113953804,data\road_images\4036150280_5770898396_0\0_176.jpg
4177781850_1140341938_0,4177781850,1140341938,0,0,10.3005165,123.8849824,256.32804731907015,data\road_images\4177781850_1140341938_0\0_256.jpg
4183378130_5848354356_0,4183378130,5848354356,0,0,10.320028003719846,123.87917955182151,179.36950097577756,data\road_images\4183378130_5848354356_0\0_179.jpg
4183378131_5848266231_0,4183378131,5848266231,0,0,10.32130615,123.87645915,80.75482341019205,data\road_images\4183378131_5848266231_0\0_81.jpg
4195133257_1138894447_0,4195133257,1138894447,0,0,10.3173991,123.88332605,163.68651696940822,data\road_images\4195133257_1138894447_0\0_164.jpg
4750686504_4750686507_0,4750686504,4750686507,0,0,10.327199397571096,123.88551358885844,340.8753582889122,data\road_images\4750686504_4750686507_0\0_341.jpg
4750686507_4750686504_0,4750686507,4750686504,0,0,10.327199397571096,123.88551358885844,160.875321753805,data\road_images\4750686507_4750686504_0\0_161.jpg
4750686507_8315248524_0,4750686507,8315248524,0,0,10.327322400999824,123.88509605275614,274.3966850133028,data\road_images\4750686507_8315248524_0\0_274.jpg
4750686507_4750686515_0,4750686507,4750686515,0,0,10.32763067030336,123.88553560040839,39.57783970133585,data\road_images\4750686507_4750686515_0\0_40.jpg
4750686515_4750686507_0,4750686515,4750686507,0,0,10.32763067030336,123.88553560040839,219.5778731720716,data\road_images\4750686515_4750686507_0\0_220.jpg
4750686515_4750686522_0,4750686515,4750686522,0,0,10.327740534180663,123.88569408040601,72.28331119729307,data\road_images\4750686515_4750686522_0\0_72.jpg
4750686522_4750686515_0,4750686522,4750686515,0,0,10.327740534180663,123.88569408040601,252.28332813883205,data\road_images\4750686522_4750686515_0\0_252.jpg
4750686522_8314688507_0,4750686522,8314688507,0,0,10.327356650995062,123.88607433462681,137.1119763699338,data\road_images\4750686522_8314688507_0\0_137.jpg
4759260609_4759260970_0,4759260609,4759260970,0,0,10.317635450000001,123.88936645,69.55548554741557,data\road_images\4759260609_4759260970_0\0_70.jpg
4759260609_4759260610_0,4759260609,4759260610,0,0,10.3177767,123.889031,340.72607506104373,data\road_images\4759260609_4759260610_0\0_341.jpg
4759260609_4759260971_0,4759260609,4759260971,0,0,10.31746848295872,123.88889715584557,250.78289356613772,data\road_images\4759260609_4759260971_0\0_251.jpg
4759260610_4759260609_0,4759260610,4759260609,0,0,10.3177767,123.889031,160.7260452933541,data\road_images\4759260610_4759260609_0\0_161.jpg
4759260970_4759260609_0,4759260970,4759260609,0,0,10.317635450000001,123.88936645,249.55557594170386,data\road_images\4759260970_4759260609_0\0_250.jpg
4759260970_1099182378_0,4759260970,1099182378,0,0,10.31798083328743,123.88953626298728,343.52656354956764,data\road_images\4759260970_1099182378_0\0_344.jpg
4759260970_318314963_0,4759260970,318314963,0,0,10.317423080093757,123.8897292707716,167.879150412095,data\road_images\4759260970_318314963_0\0_168.jpg
4759260971_4759260609_0,4759260971,4759260609,0,0,10.31746848295872,123.88889715584557,70.78281585366517,data\road_images\4759260971_4759260609_0\0_71.jpg
4811636275_1093749808_0,4811636275,1093749808,0,0,10.306479293259247,123.89022737548744,356.55297533073104,data\road_images\4811636275_1093749808_0\0_357.jpg
4811636275_1093749692_0,4811636275,1093749692,0,0,10.305893825562954,123.89061354343927,96.64452328306402,data\road_images\4811636275_1093749692_0\0_97.jpg
4811636275_13047951967_0,4811636275,13047951967,0,0,10.305641266079569,123.89038938577025,158.35284434442065,data\road_images\4811636275_13047951967_0\0_158.jpg
4850731253_11703298005_0,4850731253,11703298005,0,0,10.31422635,123.87492435,239.47550168156556,data\road_images\4850731253_11703298005_0\0_239.jpg
4850731253_5250476268_0,4850731253,5250476268,0,0,10.314396115698347,123.87576331447833,94.11815679339588,data\road_images\4850731253_5250476268_0\0_94.jpg
4850731253_11703298001_0,4850731253,11703298001,0,0,10.314225149999999,123.8749701,146.0173830657294,data\road_images\4850731253_11703298001_0\0_146.jpg
5046185021_5046185022_0,5046185021,5046185022,0,0,10.310279600000001,123.90317404999999,230.96382094059683,data\road_images\5046185021_5046185022_0\0_231.jpg
5046185021_5046185023_0,5046185021,5046185023,0,0,10.31045575,123.90310260000001,294.7258113230368,data\road_images\5046185021_5046185023_0\0_295.jpg
5046185021_1097698521_0,5046185021,1097698521,0,0,10.31059699652287,123.90340946788818,26.843312457256218,data\road_images\5046185021_1097698521_0\0_27.jpg
5046185022_5046185021_0,5046185022,5046185021,0,0,10.310279600000001,123.90317404999999,50.963779793211415,data\road_images\5046185022_5046185021_0\0_51.jpg
5046185023_5046185021_0,5046185023,5046185021,0,0,10.31045575,123.90310260000001,114.7257445984742,data\road_images\5046185023_5046185021_0\0_115.jpg
5140122543_8341533298_0,5140122543,8341533298,0,0,10.320747185226134,123.89134446905051,330.38035481835914,data\road_images\5140122543_8341533298_0\0_330.jpg
5140122543_1099182189_0,5140122543,1099182189,0,0,10.318229187501725,123.89254164031688,165.1655612447462,data\road_images\5140122543_1099182189_0\0_165.jpg
5140122543_8317929700_0,5140122543,8317929700,0,0,10.320060040764318,123.8919750206976,339.17925109792384,data\road_images\5140122543_8317929700_0\0_339.jpg
5250476268_1138896101_0,5250476268,1138896101,0,0,10.313870538145531,123.87682633769566,137.78874228814118,data\road_images\5250476268_1138896101_0\0_138.jpg
5250476268_4850731253_0,5250476268,4850731253,0,0,10.314396115698347,123.87576331447833,274.1184472057458,data\road_images\5250476268_4850731253_0\0_274.jpg
5250476268_5250476273_0,5250476268,5250476273,0,0,10.314344240640184,123.8770291692069,101.00936473198306,data\road_images\5250476268_5250476273_0\0_101.jpg
5250476273_5250476277_0,5250476273,5250476277,0,0,10.31400845,123.8776802,57.823971833670214,data\road_images\5250476273_5250476277_0\0_58.jpg
5250476273_5250476268_0,5250476273,5250476268,0,0,10.314344240640184,123.8770291692069,281.00954227114653,data\road_images\5250476273_5250476268_0\0_281.jpg
5250476273_5250476276_0,5250476273,5250476276,0,0,10.313814305462948,123.87737017168882,260.3448869483502,data\road_images\5250476273_5250476276_0\0_260.jpg
5250476276_5250476273_0,5250476276,5250476273,0,0,10.313814305462948,123.87737017168882,80.34481987934242,data\road_images\5250476276_5250476273_0\0_80.jpg
5250476277_5250476273_0,5250476277,5250476273,0,0,10.31400845,123.8776802,237.82401125914714,data\road_images\5250476277_5250476273_0\0_238.jpg
5359783321_1101215283_0,5359783321,1101215283,0,0,10.3084196,123.9042719,263.9206114592463,data\road_images\5359783321_1101215283_0\0_264.jpg
5359783321_7737849713_0,5359783321,7737849713,0,0,10.308163050000001,123.90455915,175.65685335147782,data\road_images\5359783321_7737849713_0\0_176.jpg
5359783321_1101215316_0,5359783321,1101215316,0,0,10.308715258067526,123.90552080426761,95.36757286549516,data\road_images\5359783321_1101215316_0\0_95.jpg
5359783323_5359783328_0,5359783323,5359783328,0,0,10.3075788,123.90484135,74.93596212751135,data\road_images\5359783323_5359783328_0\0_75.jpg
5359783323_5359783341_0,5359783323,5359783341,0,0,10.30749015,123.9045241,250.80368865172886,data\road_images\5359783323_5359783341_0\0_251.jpg
5359783323_7737849713_0,5359783323,7737849713,0,0,10.30769465,123.90458244999999,359.58652758703477,data\road_images\5359783323_7737849713_0\0_360.jpg
5359783323_5359783331_0,5359783323,5359783331,0,0,10.307155081096997,123.90463030735025,170.93889927042142,data\road_images\5359783323_5359783331_0\0_171.jpg
5359783326_5359783339_0,5359783326,5359783339,0,0,10.30642295,123.9047193,0.0,data\road_images\5359783326_5359783339_0\0_0.jpg
5359783326_5359783334_0,5359783326,5359783334,0,0,10.3066405,123.90494874999999,36.55214824265806,data\road_images\5359783326_5359783334_0\0_37.jpg
5359783326_5359783333_0,5359783326,5359783333,0,0,10.30631245,123.90470805,205.17349663407845,data\road_images\5359783326_5359783333_0\0_205.jpg
5359783328_5938046400_0,5359783328,5938046400,0,0,10.3074436,123.90515275,165.400194426295,data\road_images\5359783328_5938046400_0\0_165.jpg
5359783328_5787277131_0,5359783328,5787277131,0,0,10.30767045,123.90517034999999,71.55204944991272,data\road_images\5359783328_5787277131_0\0_72.jpg
5359783328_5359783323_0,5359783328,5359783323,0,0,10.3075788,123.90484135,254.93605429564838,data\road_images\5359783328_5359783323_0\0_255.jpg
5359783331_5359783340_0,5359783331,5359783340,0,0,10.30684495,123.90485145,74.64480404016251,data\road_images\5359783331_5359783340_0\0_75.jpg
5359783331_5359783339_0,5359783331,5359783339,0,0,10.30665675,123.90470884999999,175.99509467748385,data\road_images\5359783331_5359783339_0\0_176.jpg
5359783331_5359783323_0,5359783331,5359783323,0,0,10.307155081096997,123.90463030735025,350.9389197752306,data\road_images\5359783331_5359783323_0\0_351.jpg
5359783332_5359783336_0,5359783332,5359783336,0,0,10.306955949999999,123.9053038,122.20497058277817,data\road_images\5359783332_5359783336_0\0_122.jpg
5359783332_5359783334_0,5359783332,5359783334,0,0,10.3069585,123.90522805,254.61022189476665,data\road_images\5359783332_5359783334_0\0_255.jpg
5359783332_5938046400_0,5359783332,5938046400,0,0,10.30710599394886,123.905241845392,345.34229426277744,data\road_images\5359783332_5938046400_0\0_345.jpg
5359783333_5359783335_0,5359783333,5359783335,0,0,10.306242600000001,123.90474425,134.76311805934517,data\road_images\5359783333_5359783335_0\0_135.jpg
5359783333_5359783342_0,5359783333,5359783342,0,0,10.30634755,123.90463175,312.50215679168275,data\road_images\5359783333_5359783342_0\0_313.jpg
5359783333_5359783326_0,5359783333,5359783326,0,0,10.30631245,123.90470805,25.17349260859379,data\road_images\5359783333_5359783326_0\0_25.jpg
5359783333_5938046309_0,5359783333,5938046309,0,0,10.306043051488603,123.90458455288194,203.4769474801943,data\road_images\5359783333_5938046309_0\0_203.jpg
5359783334_5359783332_0,5359783334,5359783332,0,0,10.3069585,123.90522805,74.61020405630745,data\road_images\5359783334_5359783332_0\0_75.jpg
5359783334_5359783340_0,5359783334,5359783340,0,0,10.30691565,123.90509134999999,251.04336279067124,data\road_images\5359783334_5359783340_0\0_251.jpg
5359783334_5359783326_0,5359783334,5359783326,0,0,10.3066405,123.90494874999999,216.5522303473354,data\road_images\5359783334_5359783326_0\0_217.jpg
5359783335_1093750603_0,5359783335,1093750603,0,0,10.3061291,123.9048689,131.5004859088607,data\road_images\5359783335_1093750603_0\0_132.jpg
5359783335_5359783333_0,5359783335,5359783333,0,0,10.306242600000001,123.90474425,314.76313503771956,data\road_images\5359783335_5359783333_0\0_315.jpg
5359783335_5359783336_0,5359783335,5359783336,0,0,10.3065681,123.9050607,35.44447305849468,data\road_images\5359783335_5359783336_0\0_35.jpg
5359783336_8585145411_0,5359783336,8585145411,0,0,10.30689935,123.90537044999999,135.3250834670689,data\road_images\5359783336_8585145411_0\0_135.jpg
5359783336_5359783332_0,5359783336,5359783332,0,0,10.306955949999999,123.9053038,302.20497985097035,data\road_images\5359783336_5359783332_0\0_302.jpg
5359783336_5359783335_0,5359783336,5359783335,0,0,10.3065681,123.9050607,215.44456931474633,data\road_images\5359783336_5359783335_0\0_215.jpg
5359783336_5938046400_0,5359783336,5938046400,0,0,10.307306735422411,123.90559506253757,338.03537485545604,data\road_images\5359783336_5938046400_0\0_338.jpg
5359783337_5938046304_0,5359783337,5938046304,0,0,10.3065182,123.90435695,107.17241126790725,data\road_images\5359783337_5938046304_0\0_107.jpg
5359783337_5938046306_0,5359783337,5938046306,0,0,10.3065257,123.90428650000001,271.2965277882009,data\road_images\5359783337_5938046306_0\0_271.jpg
5359783337_5867205203_0,5359783337,5867205203,0,0,10.306984631931469,123.90431885261928,357.9729314258277,data\road_images\5359783337_5867205203_0\0_358.jpg
5359783338_7737849713_0,5359783338,7737849713,0,0,10.3078579,123.9044141,82.78504356775989,data\road_images\5359783338_7737849713_0\0_83.jpg
5359783338_5867205203_0,5359783338,5867205203,0,0,10.307640899999999,123.90427495,172.04970872749414,data\road_images\5359783338_5867205203_0\0_172.jpg
5359783338_1093750528_0,5359783338,1093750528,0,0,10.307794187002585,123.90388600559923,263.92383259221583,data\road_images\5359783338_1093750528_0\0_264.jpg
5359783339_5359783331_0,5359783339,5359783331,0,0,10.30665675,123.90470884999999,355.99509841684164,data\road_images\5359783339_5359783331_0\0_356.jpg
5359783339_5359783326_0,5359783339,5359783326,0,0,10.30642295,123.9047193,180.0,data\road_images\5359783339_5359783326_0\0_180.jpg
5359783339_5359783340_0,5359783339,5359783340,0,0,10.3066981,123.9048619,36.703706072448085,data\road_images\5359783339_5359783340_0\0_37.jpg
5359783340_5359783334_0,5359783340,5359783334,0,0,10.30691565,123.90509134999999,71.04333171201546,data\road_images\5359783340_5359783334_0\0_71.jpg
5359783340_5359783331_0,5359783340,5359783331,0,0,10.30684495,123.90485145,254.64485880747446,data\road_images\5359783340_5359783331_0\0_255.jpg
5359783340_5359783339_0,5359783340,5359783339,0,0,10.3066981,123.9048619,216.70375709958742,data\road_images\5359783340_5359783339_0\0_217.jpg
5359783341_5359783323_0,5359783341,5359783323,0,0,10.30749015,123.9045241,70.80366728762249,data\road_images\5359783341_5359783323_0\0_71.jpg
5359783341_5867205203_0,5359783341,5867205203,0,0,10.3074572,123.90438359999999,261.06396158097664,data\road_images\5359783341_5867205203_0\0_261.jpg
5359783341_5359783342_0,5359783341,5359783342,0,0,10.30693955406651,123.90454283704642,174.59364326019465,data\road_images\5359783341_5359783342_0\0_175.jpg
5359783342_5359783333_0,5359783342,5359783333,0,0,10.30634755,123.90463175,132.5021335156564,data\road_images\5359783342_5359783333_0\0_133.jpg
5359783342_5938046304_0,5359783342,5938046304,0,0,10.306459,123.90447234999999,299.6310642765201,data\road_images\5359783342_5938046304_0\0_300.jpg
5359783342_5938046312_0,5359783342,5938046312,0,0,10.30612745,123.9044357,204.81456345952805,data\road_images\5359783342_5938046312_0\0_205.jpg
5359783342_5359783341_0,5359783342,5359783341,0,0,10.30693955406651,123.90454283704642,354.5936615638516,data\road_images\5359783342_5359783341_0\0_355.jpg
5634224325_666178211_0,5634224325,666178211,0,0,10.305713,123.91090034999999,83.9007792381733,data\road_images\5634224325_666178211_0\0_84.jpg
5634224325_1093752713_0,5634224325,1093752713,0,0,10.305154128677446,123.91021488150274,221.95556639437993,data\road_images\5634224325_1093752713_0\0_222.jpg
5634224325_2213825038_0,5634224325,2213825038,0,0,10.3057454,123.91087440000001,20.623454692774544,data\road_images\5634224325_2213825038_0\0_21.jpg
5684743417_8317803576_0,5684743417,8317803576,0,0,10.310597280931468,123.89850827327982,166.5589020468251,data\road_images\5684743417_8317803576_0\0_167.jpg
5684743417_666178175_0,5684743417,666178175,0,0,10.31128705264107,123.89880145251706,78.92225582473941,data\road_images\5684743417_666178175_0\0_79.jpg
5684743417_666178172_0,5684743417,666178172,0,0,10.311188399999999,123.8983015,257.1508594471623,data\road_images\5684743417_666178172_0\0_257.jpg
5709847586_281446259_0,5709847586,281446259,0,0,10.293004468405506,123.90242407423784,205.74082775845787,data\road_images\5709847586_281446259_0\0_206.jpg
5709847586_317773501_0,5709847586,317773501,0,0,10.2937822714652,123.90280583090036,26.000560372145117,data\road_images\5709847586_317773501_0\0_26.jpg
5709847586_529894729_0,5709847586,529894729,0,0,10.293213939701461,123.90297660524732,111.12929131496685,data\road_images\5709847586_529894729_0\0_111.jpg
5727256342_316824559_0,5727256342,316824559,0,0,10.325221611450457,123.89724543876738,38.54349368469735,data\road_images\5727256342_316824559_0\0_39.jpg
5727256361_8317803576_0,5727256361,8317803576,0,0,10.309879282690869,123.8977290452411,77.79318465183991,data\road_images\5727256361_8317803576_0\0_78.jpg
5740008936_5740008937_0,5740008936,5740008937,0,0,10.296755350000002,123.8820205,257.76649791963973,data\road_images\5740008936_5740008937_0\0_258.jpg
5740008937_5740008939_0,5740008937,5740008939,0,0,10.2967108,123.8818912,162.8078773938164,data\road_images\5740008937_5740008939_0\0_163.jpg
5740008937_1141745374_0,5740008937,1141745374,0,0,10.296883650000002,123.8818433,344.94741119958917,data\road_images\5740008937_1141745374_0\0_345.jpg
5740008937_5740008936_0,5740008937,5740008936,0,0,10.296755350000002,123.8820205,77.76644990848229,data\road_images\5740008937_5740008936_0\0_78.jpg
5740008938_5740008939_0,5740008938,5740008939,0,0,10.29666985,123.8817506,80.08135639179545,data\road_images\5740008938_5740008939_0\0_80.jpg
5740008939_5740008937_0,5740008939,5740008937,0,0,10.2967108,123.8818912,342.80787918045314,data\road_images\5740008939_5740008937_0\0_343.jpg
5740008939_5740008938_0,5740008939,5740008938,0,0,10.29666985,123.8817506,260.0814084422234,data\road_images\5740008939_5740008938_0\0_260.jpg
5740008939_5965252870_0,5740008939,5965252870,0,0,10.296422864573252,123.88199301051577,119.00217472980773,data\road_images\5740008939_5965252870_0\0_119.jpg
5767672626_1138894652_0,5767672626,1138894652,0,0,10.316060961221995,123.88281262496943,158.2747877247208,data\road_images\5767672626_1138894652_0\0_158.jpg
5768668624_912971844_0,5768668624,912971844,0,0,10.301917288465528,123.90196407917287,64.44051079059273,data\road_images\5768668624_912971844_0\0_64.jpg
5768668624_7975068634_0,5768668624,7975068634,0,0,10.301861107739407,123.90201752380133,92.37379603985391,data\road_images\5768668624_7975068634_0\0_92.jpg
5768668624_318387239_0,5768668624,318387239,0,0,10.301715461002221,123.9013034967393,254.3197096622858,data\road_images\5768668624_318387239_0\0_254.jpg
5768688016_317773494_0,5768688016,317773494,0,0,10.295437998778688,123.89794210839311,195.10502821623774,data\road_images\5768688016_317773494_0\0_195.jpg
5768688016_8404007219_0,5768688016,8404007219,0,0,10.296058176802633,123.89804488897556,310.78117668206767,data\road_images\5768688016_8404007219_0\0_311.jpg
5768688016_8594919532_0,5768688016,8594919532,0,0,10.29610666009127,123.89815755288829,16.837424340716666,data\road_images\5768688016_8594919532_0\0_17.jpg
5768688019_922231021_0,5768688019,922231021,0,0,10.294547349999998,123.8942146,249.92170994975257,data\road_images\5768688019_922231021_0\0_250.jpg
5768688019_1093749057_0,5768688019,1093749057,0,0,10.294186355636112,123.8945829867184,141.2820005567371,data\road_images\5768688019_1093749057_0\0_141.jpg
5768688019_5772793115_0,5768688019,5772793115,0,0,10.294685189154984,123.89459865388977,69.96410005747754,data\road_images\5768688019_5772793115_0\0_70.jpg
5769539317_1093748401_0,5769539317,1093748401,0,0,10.293195950000001,123.89543470000001,142.23330197621863,data\road_images\5769539317_1093748401_0\0_142.jpg
5769539317_1093748499_0,5769539317,1093748499,0,0,10.293607428040408,123.89539800880704,359.0597671476084,data\road_images\5769539317_1093748499_0\0_359.jpg
5769539317_1093749057_0,5769539317,1093749057,0,0,10.293524024404807,123.8951524143987,318.8332625782832,data\road_images\5769539317_1093749057_0\0_319.jpg
5769709240_601834715_0,5769709240,601834715,0,0,10.2919609,123.89949995,72.96552530094459,data\road_images\5769709240_601834715_0\0_73.jpg
5769709240_1093382155_0,5769709240,1093382155,0,0,10.2920058,123.8993902,346.91332245359996,data\road_images\5769709240_1093382155_0\0_347.jpg
5770391697_1093750837_0,5770391697,1093750837,0,0,10.30549387892345,123.90843497718359,200.23207852233608,data\road_images\5770391697_1093750837_0\0_200.jpg
5770391697_666178209_0,5770391697,666178209,0,0,10.307256110689284,123.90952315870871,121.67813607765373,data\road_images\5770391697_666178209_0\0_122.jpg
5770391697_1101216195_0,5770391697,1101216195,0,0,10.30761148143748,123.90893623876102,301.6062180588948,data\road_images\5770391697_1101216195_0\0_302.jpg
5770771913_1093382399_0,5770771913,1093382399,0,0,10.3000113,123.9050789,357.535885936523,data\road_images\5770771913_1093382399_0\0_358.jpg
5770771913_665833184_0,5770771913,665833184,0,0,10.299888140312056,123.90572670837285,78.04944803982062,data\road_images\5770771913_665833184_0\0_78.jpg
5770771913_665833183_0,5770771913,665833183,0,0,10.299607928246358,123.90449216629685,257.01274075646285,data\road_images\5770771913_665833183_0\0_257.jpg
5770771915_5812707844_0,5770771915,5812707844,0,0,10.301210399999999,123.9049486,170.45063155602384,data\road_images\5770771915_5812707844_0\0_170.jpg
5770771915_1093752457_0,5770771915,1093752457,0,0,10.30141730070896,123.90517439720445,86.8865318126243,data\road_images\5770771915_1093752457_0\0_87.jpg
5770771915_1093752466_0,5770771915,1093752466,0,0,10.301383763767076,123.9046602852294,265.3333825384509,data\road_images\5770771915_1093752466_0\0_265.jpg
5770817070_1093748950_0,5770817070,1093748950,0,0,10.29367772414841,123.89359564458981,181.20987569914325,data\road_images\5770817070_1093748950_0\0_181.jpg
5770817070_4034738995_0,5770817070,4034738995,0,0,10.294241630891646,123.8935965823414,331.2544743380549,data\road_images\5770817070_4034738995_0\0_331.jpg
5770817070_1093748968_0,5770817070,1093748968,0,0,10.293749389098211,123.89414852804397,133.31456591740323,data\road_images\5770817070_1093748968_0\0_133.jpg
5770898387_1143376351_0,5770898387,1143376351,0,0,10.297237195350291,123.88770808233737,262.87775174555986,data\road_images\5770898387_1143376351_0\0_263.jpg
5770898387_937431106_0,5770898387,937431106,0,0,10.297287432627314,123.88812561837086,83.41219231390352,data\road_images\5770898387_937431106_0\0_83.jpg
5770898387_5770898390_0,5770898387,5770898390,0,0,10.2972951,123.88801910000001,47.93159240337263,data\road_images\5770898387_5770898390_0\0_48.jpg
5770898390_5770898387_0,5770898390,5770898387,0,0,10.2972951,123.88801910000001,227.93160166359814,data\road_images\5770898390_5770898387_0\0_228.jpg
5770898390_1143376349_0,5770898390,1143376349,0,0,10.297398288929971,123.88769492192313,283.39900572778606,data\road_images\5770898390_1143376349_0\0_283.jpg
5770898390_5770898393_0,5770898390,5770898393,0,0,10.297549913193773,123.8880540328172,352.0659438397167,data\road_images\5770898390_5770898393_0\0_352.jpg
5770898393_1093749066_0,5770898393,1093749066,0,0,10.298128897097227,123.88780658057752,332.5352583511816,data\road_images\5770898393_1093749066_0\0_333.jpg
5770898393_937431106_0,5770898393,937431106,0,0,10.297546548308723,123.88811787432485,150.59042684454357,data\road_images\5770898393_937431106_0\0_151.jpg
5770898393_5770898390_0,5770898393,5770898390,0,0,10.297549913193773,123.8880540328172,172.06593186281032,data\road_images\5770898393_5770898390_0\0_172.jpg
5770898396_1093382345_0,5770898396,1093382345,0,0,10.2948391,123.8905681,306.25010120696794,data\road_images\5770898396_1093382345_0\0_306.jpg
5770898396_4036150280_0,5770898396,4036150280,0,0,10.29484905,123.89062064999999,356.1431126285127,data\road_images\5770898396_4036150280_0\0_356.jpg
5770898396_324580523_0,5770898396,324580523,0,0,10.294342149999999,123.89075235,164.5497494559279,data\road_images\5770898396_324580523_0\0_165.jpg
5771168168_1093748533_0,5771168168,1093748533,0,0,10.2968948,123.8936667,73.39921166253009,data\road_images\5771168168_1093748533_0\0_73.jpg
5771168168_5771168172_0,5771168168,5771168172,0,0,10.29687060031275,123.89307066697653,331.41354970903274,data\road_images\5771168168_5771168172_0\0_331.jpg
5771168168_1093748555_0,5771168168,1093748555,0,0,10.296727235841196,123.89342857930536,110.99078434995101,data\road_images\5771168168_1093748555_0\0_111.jpg
5771168172_5771168168_0,5771168172,5771168168,0,0,10.29687060031275,123.89307066697653,151.413519732797,data\road_images\5771168172_5771168168_0\0_151.jpg
5771168179_2343095219_0,5771168179,2343095219,0,0,10.2978653,123.89158714999999,322.033216801992,data\road_images\5771168179_2343095219_0\0_322.jpg
5771168179_10779154831_0,5771168179,10779154831,0,0,10.297934727472878,123.89169245621181,26.6372751565915,data\road_images\5771168179_10779154831_0\0_27.jpg
5771168179_281446244_0,5771168179,281446244,0,0,10.297120950635879,123.89223225315865,147.2582512590193,data\road_images\5771168179_281446244_0\0_147.jpg
5771168251_324580429_0,5771168251,324580429,0,0,10.29298335,123.89459045000001,257.6058062200033,data\road_images\5771168251_324580429_0\0_258.jpg
5771168251_1093748968_0,5771168251,1093748968,0,0,10.293149401991682,123.89471110219432,318.23247882133575,data\road_images\5771168251_1093748968_0\0_318.jpg
5771168251_1093748401_0,5771168251,1093748401,0,0,10.293092877790608,123.89514189286594,79.02288501416945,data\road_images\5771168251_1093748401_0\0_79.jpg
5771172377_5944043906_0,5771172377,5944043906,0,0,10.298693793507852,123.89560022554504,341.805806525821,data\road_images\5771172377_5944043906_0\0_342.jpg
5771172377_281418213_0,5771172377,281418213,0,0,10.29792195392991,123.89582765564849,163.97585571727745,data\road_images\5771172377_281418213_0\0_164.jpg
5771172377_5771172384_0,5771172377,5771172384,0,0,10.298652167986281,123.89532808863886,277.16365766379334,data\road_images\5771172377_5771172384_0\0_277.jpg
5771172384_5771172377_0,5771172384,5771172377,0,0,10.298652167986281,123.89532808863886,97.16353766808948,data\road_images\5771172384_5771172377_0\0_97.jpg
5771172384_5944043906_0,5771172384,5944043906,0,0,10.298709713615974,123.89527253470777,66.46625463266918,data\road_images\5771172384_5944043906_0\0_66.jpg
5771172384_8318641894_0,5771172384,8318641894,0,0,10.298488191372815,123.89394786759163,263.46186622214844,data\road_images\5771172384_8318641894_0\0_263.jpg
5772793115_5772793116_0,5772793115,5772793116,0,0,10.2952185,123.8947696,340.16682838776944,data\road_images\5772793115_5772793116_0\0_340.jpg
5772793115_5768688019_0,5772793115,5768688019,0,0,10.294685189154984,123.89459865388977,249.96421580851575,data\road_images\5772793115_5768688019_0\0_250.jpg
5772793115_1093748492_0,5772793115,1093748492,0,0,10.294879544410074,123.895139712863,69.98042949801743,data\road_images\5772793115_1093748492_0\0_70.jpg
5772793116_1680513010_0,5772793116,1680513010,0,0,10.29564135,123.8948641,88.64676302968684,data\road_images\5772793116_1680513010_0\0_89.jpg
5772793116_5772793115_0,5772793116,5772793115,0,0,10.2952185,123.8947696,160.16677373517837,data\road_images\5772793116_5772793115_0\0_160.jpg
5772793116_5773341635_0,5772793116,5773341635,0,0,10.295634536251768,123.89421264810424,269.4956502686438,data\road_images\5772793116_5773341635_0\0_269.jpg
5773232927_5773232928_0,5773232927,5773232928,0,0,10.29394313214193,123.88806442802401,84.77353561701841,data\road_images\5773232927_5773232928_0\0_85.jpg
5773232928_1093748774_0,5773232928,1093748774,0,0,10.29369065,123.8882799,169.5669226324634,data\road_images\5773232928_1093748774_0\0_170.jpg
5773232928_5947373647_0,5773232928,5947373647,0,0,10.294057800000001,123.88821285,350.5152940625918,data\road_images\5773232928_5947373647_0\0_351.jpg
5773232928_5773232927_0,5773232928,5773232927,0,0,10.29394313214193,123.88806442802401,264.7735945873369,data\road_images\5773232928_5773232927_0\0_265.jpg
5773265733_5773265735_0,5773265733,5773265735,0,0,10.297311950000001,123.8889724,170.02419518151714,data\road_images\5773265733_5773265735_0\0_170.jpg
5773265733_937431106_0,5773265733,937431106,0,0,10.297340467163698,123.88860941653398,264.0253381938583,data\road_images\5773265733_937431106_0\0_264.jpg
5773265733_8594974217_0,5773265733,8594974217,0,0,10.297396776288977,123.88917609302855,83.89755369180182,data\road_images\5773265733_8594974217_0\0_84.jpg
5773265735_5773265733_0,5773265735,5773265733,0,0,10.297311950000001,123.8889724,350.024199185588,data\road_images\5773265735_5773265733_0\0_350.jpg
5773265735_8594942416_0,5773265735,8594942416,0,0,10.297272750000001,123.88919824999999,83.6640205014528,data\road_images\5773265735_8594942416_0\0_84.jpg
5773265735_324580278_0,5773265735,324580278,0,0,10.297213305051928,123.88866358430847,263.304428770977,data\road_images\5773265735_324580278_0\0_263.jpg
5773325505_5773325506_0,5773325505,5773325506,0,0,10.3009728,123.89241545,275.2068152283045,data\road_images\5773325505_5773325506_0\0_275.jpg
5773325506_5773325505_0,5773325506,5773325505,0,0,10.3009728,123.89241545,95.20676975491745,data\road_images\5773325506_5773325505_0\0_95.jpg
5773325506_1093749264_0,5773325506,1093749264,0,0,10.301023413884902,123.89201911503147,272.08317218869456,data\road_images\5773325506_1093749264_0\0_272.jpg
5773325506_1093749285_0,5773325506,1093749285,0,0,10.300774108041237,123.89230593310197,177.08070894351454,data\road_images\5773325506_1093749285_0\0_177.jpg
5773325507_5773325509_0,5773325507,5773325509,0,0,10.2999114590008,123.89293543423791,243.55593301444367,data\road_images\5773325507_5773325509_0\0_244.jpg
5773325509_5773325511_0,5773325509,5773325511,0,0,10.29941285,123.89318735,107.26537467271407,data\road_images\5773325509_5773325511_0\0_107.jpg
5773325509_1093749281_0,5773325509,1093749281,0,0,10.2996409,123.89244165,287.2681987022828,data\road_images\5773325509_1093749281_0\0_287.jpg
5773325509_5773325507_0,5773325509,5773325507,0,0,10.2999114590008,123.89293543423791,63.55583648211626,data\road_images\5773325509_5773325507_0\0_64.jpg
5773325511_5773325509_0,5773325511,5773325509,0,0,10.29941285,123.89318735,287.2655131830392,data\road_images\5773325511_5773325509_0\0_287.jpg
5773325511_1093749094_0,5773325511,1093749094,0,0,10.299254583296799,123.89373500827581,104.1799715489218,data\road_images\5773325511_1093749094_0\0_104.jpg
5773325511_1093749130_0,5773325511,1093749130,0,0,10.299053573885459,123.8923817787543,249.7800969211809,data\road_images\5773325511_1093749130_0\0_250.jpg
5773341635_5772793116_0,5773341635,5772793116,0,0,10.295634536251768,123.89421264810424,89.49550583921814,data\road_images\5773341635_5772793116_0\0_89.jpg
5773341635_5773341637_0,5773341635,5773341637,0,0,10.295881464217686,123.89386379260274,350.92422199007717,data\road_images\5773341635_5773341637_0\0_351.jpg
5773341635_1093748519_0,5773341635,1093748519,0,0,10.295612241347404,123.89351517203477,264.88713656126987,data\road_images\5773341635_1093748519_0\0_265.jpg
5773341637_5773341635_0,5773341637,5773341635,0,0,10.295881464217686,123.89386379260274,170.92420774520133,data\road_images\5773341637_5773341635_0\0_171.jpg
5773378207_1093748772_0,5773378207,1093748772,0,0,10.29253425,123.8905995,170.0407609865324,data\road_images\5773378207_1093748772_0\0_170.jpg
5773524248_324580092_0,5773524248,324580092,0,0,10.302573759640898,123.90040780973344,337.5955822343533,data\road_images\5773524248_324580092_0\0_338.jpg
5773524248_912971898_0,5773524248,912971898,0,0,10.301768515639715,123.90089759379734,109.02372426180244,data\road_images\5773524248_912971898_0\0_109.jpg
5773524248_8382791875_0,5773524248,8382791875,0,0,10.3017507,123.90079765,168.49001840083326,data\road_images\5773524248_8382791875_0\0_168.jpg
5774188108_324580149_0,5774188108,324580149,0,0,10.301019066243835,123.89636319441942,340.9280395691607,data\road_images\5774188108_324580149_0\0_341.jpg
5774188108_317773530_0,5774188108,317773530,0,0,10.299727371623966,123.89680339906886,161.8363597613419,data\road_images\5774188108_317773530_0\0_162.jpg
5774188108_5774188114_0,5774188108,5774188114,0,0,10.299962817285177,123.89731207204571,77.46060201165687,data\road_images\5774188108_5774188114_0\0_77.jpg
5774188114_5774188108_0,5774188114,5774188108,0,0,10.299962817285177,123.89731207204571,257.46079704886586,data\road_images\5774188114_5774188108_0\0_257.jpg
5774188114_660726269_0,5774188114,660726269,0,0,10.30014942364185,123.89793545305365,61.95286315082387,data\road_images\5774188114_660726269_0\0_62.jpg
5774188114_5797116224_0,5774188114,5797116224,0,0,10.299903728164717,123.89746015386508,242.21228305244261,data\road_images\5774188114_5797116224_0\0_242.jpg
5774203484_660726274_0,5774203484,660726274,0,0,10.30236035,123.89712025,338.15717299764435,data\road_images\5774203484_660726274_0\0_338.jpg
5774203484_5774203485_0,5774203484,5774203485,0,0,10.3023037,123.89758029999999,70.8581702020237,data\road_images\5774203484_5774203485_0\0_71.jpg
5774203484_660726269_0,5774203484,660726269,0,0,10.301182768214787,123.89760734259039,157.76484018666667,data\road_images\5774203484_660726269_0\0_158.jpg
5774203485_5774203484_0,5774203485,5774203484,0,0,10.3023037,123.89758029999999,250.85830740940077,data\road_images\5774203485_5774203484_0\0_251.jpg
5774203485_281446238_0,5774203485,281446238,0,0,10.30218277560825,123.89810029742019,151.96672590371492,data\road_images\5774203485_281446238_0\0_152.jpg
5774203485_666067573_0,5774203485,666067573,0,0,10.302599409762234,123.8978579755401,331.45808021428564,data\road_images\5774203485_666067573_0\0_331.jpg
5779790308_5779790312_0,5779790308,5779790312,0,0,10.293011700000001,123.88356010000001,252.69421432707497,data\road_images\5779790308_5779790312_0\0_253.jpg
5779790310_5779790311_0,5779790310,5779790311,0,0,10.293147650000002,123.8838733,71.35851914355584,data\road_images\5779790310_5779790311_0\0_71.jpg
5779790311_1141747287_0,5779790311,1141747287,0,0,10.29306235,123.8840922,163.67217706152746,data\road_images\5779790311_1141747287_0\0_164.jpg
5779790311_5779790310_0,5779790311,5779790310,0,0,10.293147650000002,123.8838733,251.35858207630156,data\road_images\5779790311_5779790310_0\0_251.jpg
5779790311_8375123102_0,5779790311,8375123102,0,0,10.293377982448739,123.88400768721912,340.4673014706145,data\road_images\5779790311_8375123102_0\0_340.jpg
5779790312_1141747228_0,5779790312,1141747228,0,0,10.29309855,123.8834082,337.47550291628465,data\road_images\5779790312_1141747228_0\0_337.jpg
5779790312_5779790308_0,5779790312,5779790308,0,0,10.293011700000001,123.88356010000001,72.69417784044532,data\road_images\5779790312_5779790308_0\0_73.jpg
5779790312_5799758977_0,5779790312,5799758977,0,0,10.2929533,123.88336075000001,254.18677568322022,data\road_images\5779790312_5799758977_0\0_254.jpg
5779790312_1141747232_0,5779790312,1141747232,0,0,10.2928575,123.88350985,157.45673082112341,data\road_images\5779790312_1141747232_0\0_157.jpg
5779790319_5779790320_0,5779790319,5779790320,0,0,10.2957137,123.8836761,325.98381441101225,data\road_images\5779790319_5779790320_0\0_326.jpg
5779790319_1141747215_0,5779790319,1141747215,0,0,10.295794563971066,123.88390862109374,55.61669141071684,data\road_images\5779790319_1141747215_0\0_56.jpg
5779790319_1141747209_0,5779790319,1141747209,0,0,10.2956207,123.8836612,235.87936441369226,data\road_images\5779790319_1141747209_0\0_236.jpg
5779790320_5779790319_0,5779790320,5779790319,0,0,10.2957137,123.8836761,145.98380043450277,data\road_images\5779790320_5779790319_0\0_146.jpg
5779790320_1680335965_0,5779790320,1680335965,0,0,10.295664448062777,123.8834793832214,234.66422212888781,data\road_images\5779790320_1680335965_0\0_235.jpg
5779790320_937431165_0,5779790320,937431165,0,0,10.296114233375604,123.8841809219934,59.708921501597274,data\road_images\5779790320_937431165_0\0_60.jpg
5779790329_665869173_0,5779790329,665869173,0,0,10.2961986,123.88460409999999,61.88518015710997,data\road_images\5779790329_665869173_0\0_62.jpg
5779790329_1141747211_0,5779790329,1141747211,0,0,10.295852315044725,123.88449418662655,166.08453482108757,data\road_images\5779790329_1141747211_0\0_166.jpg
5779790329_1141747215_0,5779790329,1141747215,0,0,10.296006,123.8842534,239.3595641331048,data\road_images\5779790329_1141747215_0\0_239.jpg
5787277131_5938046394_0,5787277131,5938046394,0,0,10.3076866,123.9052441,162.77741985316152,data\road_images\5787277131_5938046394_0\0_163.jpg
5787277131_5359783328_0,5787277131,5359783328,0,0,10.30767045,123.90517034999999,251.55207501933813,data\road_images\5787277131_5359783328_0\0_252.jpg
5787277131_5938046395_0,5787277131,5938046395,0,0,10.308123023838702,123.90526491434566,83.7707168213791,data\road_images\5787277131_5938046395_0\0_84.jpg
5788163943_456852919_0,5788163943,456852919,0,0,10.31277775,123.8992371,80.41394583787667,data\road_images\5788163943_456852919_0\0_80.jpg
5788163943_5868576188_0,5788163943,5868576188,0,0,10.313185821372327,123.8991253637195,358.0596949689918,data\road_images\5788163943_5868576188_0\0_358.jpg
5788163943_1463212040_0,5788163943,1463212040,0,0,10.312692949654666,123.8987252500572,260.44338421427256,data\road_images\5788163943_1463212040_0\0_260.jpg
5788163952_1097698510_0,5788163952,1097698510,0,0,10.3092616,123.90223325,6.396187208170431,data\road_images\5788163952_1097698510_0\0_6.jpg
5788163952_8317830931_0,5788163952,8317830931,0,0,10.3084837,123.9023578,100.36720376324416,data\road_images\5788163952_8317830931_0\0_100.jpg
5788163952_318387195_0,5788163952,318387195,0,0,10.307095657992221,123.90196362760697,201.41596415894318,data\road_images\5788163952_318387195_0\0_201.jpg
5788317433_1141747220_0,5788317433,1141747220,0,0,10.29417677070242,123.88162662287749,55.5621653371835,data\road_images\5788317433_1141747220_0\0_56.jpg
5788317433_1141745774_0,5788317433,1141745774,0,0,10.293123513772043,123.88003531237084,233.9373772513029,data\road_images\5788317433_1141745774_0\0_234.jpg
5788317433_5965234734_0,5788317433,5965234734,0,0,10.293881250122821,123.88099211666001,51.68831404445962,data\road_images\5788317433_5965234734_0\0_52.jpg
5792422770_1129145562_0,5792422770,1129145562,0,0,10.30709565,123.89407525,255.7969268908056,data\road_images\5792422770_1129145562_0\0_256.jpg
5792422770_773093506_0,5792422770,773093506,0,0,10.30711565,123.8941424,69.83537719656897,data\road_images\5792422770_773093506_0\0_70.jpg
5792422770_10743602367_0,5792422770,10743602367,0,0,10.3063603,123.89437925,160.63610724210218,data\road_images\5792422770_10743602367_0\0_161.jpg
5792422770_1685351613_0,5792422770,1685351613,0,0,10.308157362144666,123.89373222382183,340.481047466912,data\road_images\5792422770_1685351613_0\0_340.jpg
5792422774_1129145567_0,5792422774,1129145567,0,0,10.30212105,123.89584195,247.3731352090516,data\road_images\5792422774_1129145567_0\0_247.jpg
5792422774_324580149_0,5792422774,324580149,0,0,10.302151695782765,123.89591665173103,67.35077894933215,data\road_images\5792422774_324580149_0\0_67.jpg
5792422774_1681093481_0,5792422774,1681093481,0,0,10.302958427076499,123.89558336731452,340.90903036569586,data\road_images\5792422774_1681093481_0\0_341.jpg
5792422774_912971884_0,5792422774,912971884,0,0,10.300845674982524,123.89635824047635,161.90832218026912,data\road_images\5792422774_912971884_0\0_162.jpg
5792422794_1097698592_0,5792422794,1097698592,0,0,10.30891465,123.8917643,161.2131728060856,data\road_images\5792422794_1097698592_0\0_161.jpg
5792422794_960110032_0,5792422794,960110032,0,0,10.308795300280668,123.8912884731832,251.40375402612096,data\road_images\5792422794_960110032_0\0_251.jpg
5792422794_960110031_0,5792422794,960110031,0,0,10.309029599999999,123.8919584,68.08923487059667,data\road_images\5792422794_960110031_0\0_68.jpg
5792573524_5792574062_0,5792573524,5792574062,0,0,10.305328313717135,123.89239085475374,76.87721014813138,data\road_images\5792573524_5792574062_0\0_77.jpg
5792573541_1093749783_0,5792573541,1093749783,0,0,10.30762837187943,123.88996452061346,155.85258463048035,data\road_images\5792573541_1093749783_0\0_156.jpg
5792573541_456863344_0,5792573541,456863344,0,0,10.308374164100211,123.89027008851183,71.67035215996384,data\road_images\5792573541_456863344_0\0_72.jpg
5792573541_1093749724_0,5792573541,1093749724,0,0,10.308119579613889,123.88945776299761,254.7292396843533,data\road_images\5792573541_1093749724_0\0_255.jpg
5792574056_5792574057_0,5792574056,5792574057,0,0,10.306081800000001,123.89380840000001,339.94193189420025,data\road_images\5792574056_5792574057_0\0_340.jpg
5792574056_5792574060_0,5792574056,5792574060,0,0,10.305751086626316,123.89357788884709,250.11460046804694,data\road_images\5792574056_5792574060_0\0_250.jpg
5792574056_1129145560_0,5792574056,1129145560,0,0,10.30596818386883,123.89415599083907,67.80765564835804,data\road_images\5792574056_1129145560_0\0_68.jpg
5792574057_5792574056_0,5792574057,5792574056,0,0,10.306081800000001,123.89380840000001,159.94190248201517,data\road_images\5792574057_5792574056_0\0_160.jpg
5792574060_5792574062_0,5792574060,5792574062,0,0,10.305531334217287,123.89298401562331,260.9352833442258,data\road_images\5792574060_5792574062_0\0_261.jpg
5792574060_5792574056_0,5792574060,5792574056,0,0,10.305751086626316,123.89357788884709,70.11448881606884,data\road_images\5792574060_5792574056_0\0_70.jpg
5792574060_11507657539_0,5792574060,11507657539,0,0,10.306171175961088,123.89309141095907,14.009684236257442,data\road_images\5792574060_11507657539_0\0_14.jpg
5792574062_1093749692_0,5792574062,1093749692,0,0,10.30561081512445,123.89178069404487,280.7233615817595,data\road_images\5792574062_1093749692_0\0_281.jpg
5792574062_5792574060_0,5792574062,5792574060,0,0,10.305531334217287,123.89298401562331,80.935181569201,data\road_images\5792574062_5792574060_0\0_81.jpg
5792574062_5792574063_0,5792574062,5792574063,0,0,10.30590322573458,123.89270282323399,2.1322429331534067,data\road_images\5792574062_5792574063_0\0_2.jpg
5792574062_5792573524_0,5792574062,5792573524,0,0,10.305328313717135,123.89239085475374,256.8773570932031,data\road_images\5792574062_5792573524_0\0_257.jpg
5792574063_5792574062_0,5792574063,5792574062,0,0,10.30590322573458,123.89270282323399,182.132247727767,data\road_images\5792574063_5792574062_0\0_182.jpg
5792574073_1093749740_0,5792574073,1093749740,0,0,10.306055749999999,123.88912805,268.86154767574135,data\road_images\5792574073_1093749740_0\0_269.jpg
5792574076_1097698715_0,5792574076,1097698715,0,0,10.309221966335553,123.88979105031459,57.79999033071016,data\road_images\5792574076_1097698715_0\0_58.jpg
5792605699_1093749327_0,5792605699,1093749327,0,0,10.302702,123.89297135000001,173.31226799827857,data\road_images\5792605699_1093749327_0\0_173.jpg
5792605699_1093749328_0,5792605699,1093749328,0,0,10.303141923638977,123.89249008791516,350.29023616318784,data\road_images\5792605699_1093749328_0\0_350.jpg
5792605699_1093749328_1,5792605699,1093749328,1,0,10.303214416421131,123.89290703653282,350.29023616318784,data\road_images\5792605699_1093749328_1\0_350.jpg
5792639768_1093749314_0,5792639768,1093749314,0,0,10.300694668325438,123.89387341987096,247.70349014492518,data\road_images\5792639768_1093749314_0\0_248.jpg
5792639773_1681093492_0,5792639773,1681093492,0,0,10.298503199999999,123.89045705,153.115393137831,data\road_images\5792639773_1681093492_0\0_153.jpg
5792639773_1093749102_0,5792639773,1093749102,0,0,10.298776046903983,123.8903097943625,331.6262733389939,data\road_images\5792639773_1093749102_0\0_332.jpg
5792639773_5939321309_0,5792639773,5939321309,0,0,10.298664152471561,123.89062107431204,69.60682515339056,data\road_images\5792639773_5939321309_0\0_70.jpg
5792639801_5792639802_0,5792639801,5792639802,0,0,10.30160245,123.8904374,163.72134010040827,data\road_images\5792639801_5792639802_0\0_164.jpg
5792639802_5792639801_0,5792639802,5792639801,0,0,10.30160245,123.8904374,343.72134789725294,data\road_images\5792639802_5792639801_0\0_344.jpg
5792639802_1093749193_0,5792639802,1093749193,0,0,10.30156945,123.8906494,77.80283355680251,data\road_images\5792639802_1093749193_0\0_78.jpg
5792639802_1093749186_0,5792639802,1093749186,0,0,10.301285383524874,123.89050600372137,211.78989337485015,data\road_images\5792639802_1093749186_0\0_212.jpg
5792920751_1674615838_0,5792920751,1674615838,0,0,10.306629449999999,123.895928,61.52187590680637,data\road_images\5792920751_1674615838_0\0_62.jpg
5792920870_1093749407_0,5792920870,1093749407,0,0,10.303058236128752,123.89405253167693,336.36525080093037,data\road_images\5792920870_1093749407_0\0_336.jpg
5792920871_1093749420_0,5792920871,1093749420,0,0,10.303622,123.89437145,15.135279205874554,data\road_images\5792920871_1093749420_0\0_15.jpg
5792920875_1093749529_0,5792920875,1093749529,0,0,10.305018477926644,123.89156284483172,171.03268857554542,data\road_images\5792920875_1093749529_0\0_171.jpg
5792920878_1093749195_0,5792920878,1093749195,0,0,10.3036521,123.8902722,164.29774158920657,data\road_images\5792920878_1093749195_0\0_164.jpg
5792920878_5792920879_0,5792920878,5792920879,0,0,10.3043337,123.89027655,72.44857341329276,data\road_images\5792920878_5792920879_0\0_72.jpg
5792920878_1093749196_0,5792920878,1093749196,0,0,10.304882548547404,123.88992946429566,345.18385492106853,data\road_images\5792920878_1093749196_0\0_345.jpg
5792920879_5792920878_0,5792920879,5792920878,0,0,10.3043337,123.89027655,252.4486388284568,data\road_images\5792920879_5792920878_0\0_252.jpg
5792920879_5792920880_0,5792920879,5792920880,0,0,10.30444155,123.89063325000001,73.41259140232944,data\road_images\5792920879_5792920880_0\0_73.jpg
5792920879_13047951967_0,5792920879,13047951967,0,0,10.304978924662247,123.89029339559762,3.161731158984253,data\road_images\5792920879_13047951967_0\0_3.jpg
5792920879_1093749207_0,5792920879,1093749207,0,0,10.30379814364971,123.89061239909138,142.140635267957,data\road_images\5792920879_1093749207_0\0_142.jpg
5792920880_1093749209_0,5792920880,1093749209,0,0,10.304920450000001,123.89068875000001,344.7788855675885,data\road_images\5792920880_1093749209_0\0_345.jpg
5792920880_1093749208_0,5792920880,1093749208,0,0,10.3042764,123.8908706,163.87507853652346,data\road_images\5792920880_1093749208_0\0_164.jpg
5792920880_5792920879_0,5792920880,5792920879,0,0,10.30444155,123.89063325000001,253.41265359848921,data\road_images\5792920880_5792920879_0\0_253.jpg
5793164912_8696556391_0,5793164912,8696556391,0,0,10.310326700000001,123.89988885,257.6359500404523,data\road_images\5793164912_8696556391_0\0_258.jpg
5793164912_5793164913_0,5793164912,5793164913,0,0,10.3106567,123.90014579999999,358.09824585086034,data\road_images\5793164912_5793164913_0\0_358.jpg
5793164912_1097698561_0,5793164912,1097698561,0,0,10.31047774927649,123.9009586513727,83.00943476698154,data\road_images\5793164912_1097698561_0\0_83.jpg
5793164913_5793164912_0,5793164913,5793164912,0,0,10.3106567,123.90014579999999,178.09824255753426,data\road_images\5793164913_5793164912_0\0_178.jpg
5793239143_5793239144_0,5793239143,5793239144,0,0,10.3046983,123.89388725,72.08560665531888,data\road_images\5793239143_5793239144_0\0_72.jpg
5793239143_5793239145_0,5793239143,5793239145,0,0,10.304651400000001,123.89373954999999,252.1285050068688,data\road_images\5793239143_5793239145_0\0_252.jpg
5793239143_1093749441_0,5793239143,1093749441,0,0,10.304405547712605,123.89390703415437,190.40158447273677,data\road_images\5793239143_1093749441_0\0_190.jpg
5793239144_5793239143_0,5793239144,5793239143,0,0,10.3046983,123.89388725,252.085625776907,data\road_images\5793239144_5793239143_0\0_252.jpg
5793239145_1093749450_0,5793239145,1093749450,0,0,10.3046835,123.89363134999999,347.5176879733904,data\road_images\5793239145_1093749450_0\0_348.jpg
5793239145_1093749441_0,5793239145,1093749441,0,0,10.30441905,123.8936962,166.10592826242407,data\road_images\5793239145_1093749441_0\0_166.jpg
5793239145_5793239143_0,5793239145,5793239143,0,0,10.304651400000001,123.89373954999999,72.12847128752674,data\road_images\5793239145_5793239143_0\0_72.jpg
5793270162_456863498_0,5793270162,456863498,0,0,10.310833541216878,123.89050612441731,145.74401768983762,data\road_images\5793270162_456863498_0\0_146.jpg
5793422982_5793422984_0,5793422982,5793422984,0,0,10.314323646723972,123.88286696744525,353.0362863672207,data\road_images\5793422982_5793422984_0\0_353.jpg
5793422984_1138893970_0,5793422984,1138893970,0,0,10.31469465,123.88256125,253.9676869122739,data\road_images\5793422984_1138893970_0\0_254.jpg
5793422984_1138893969_0,5793422984,1138893969,0,0,10.3148009,123.88294855,75.1623403826735,data\road_images\5793422984_1138893969_0\0_75.jpg
5793422984_5793422982_0,5793422984,5793422982,0,0,10.314323646723972,123.88286696744525,173.03626679725915,data\road_images\5793422984_5793422982_0\0_173.jpg
5793422985_1138895142_0,5793422985,1138895142,0,0,10.314470056800095,123.8832872116623,358.62210121107495,data\road_images\5793422985_1138895142_0\0_359.jpg
5793422996_1138895188_0,5793422996,1138895188,0,0,10.313533162980479,123.88540507067898,74.51391585332817,data\road_images\5793422996_1138895188_0\0_75.jpg
5793422997_5793422998_0,5793422997,5793422998,0,0,10.312991166846764,123.88422870995592,338.5871719795871,data\road_images\5793422997_5793422998_0\0_339.jpg
5793422997_1138895169_0,5793422997,1138895169,0,0,10.312799731285091,123.8846143307492,68.1952958625235,data\road_images\5793422997_1138895169_0\0_68.jpg
5793422997_1138895163_0,5793422997,1138895163,0,0,10.31280292628964,123.8839452660592,312.61609328867536,data\road_images\5793422997_1138895163_0\0_313.jpg
5793422998_1138895163_0,5793422998,1138895163,0,0,10.313076500000001,123.88402345,271.4251996643935,data\road_images\5793422998_1138895163_0\0_271.jpg
5793422998_5911832964_0,5793422998,5911832964,0,0,10.313370352275607,123.88412926481762,22.484605376413185,data\road_images\5793422998_5911832964_0\0_22.jpg
5793422998_5793422997_0,5793422998,5793422997,0,0,10.312991166846764,123.88422870995592,158.58715269866104,data\road_images\5793422998_5793422997_0\0_159.jpg
5793437488_1138894512_0,5793437488,1138894512,0,0,10.317948654990753,123.88137944163982,116.65833792087403,data\road_images\5793437488_1138894512_0\0_117.jpg
5793437517_1138894702_0,5793437517,1138894702,0,0,10.31870262760041,123.8884209214096,217.24125923516752,data\road_images\5793437517_1138894702_0\0_217.jpg
5793555419_5871250839_0,5793555419,5871250839,0,0,10.3214173,123.89587030000001,95.51552326795701,data\road_images\5793555419_5871250839_0\0_96.jpg
5793555419_1104252733_0,5793555419,1104252733,0,0,10.3213954,123.8956478,263.18753898904845,data\road_images\5793555419_1104252733_0\0_263.jpg
5793555419_1104252757_0,5793555419,1104252757,0,0,10.320800033549595,123.89549972117439,203.60878574749378,data\road_images\5793555419_1104252757_0\0_204.jpg
5793555558_1332943590_0,5793555558,1332943590,0,0,10.3165686,123.8929799,340.60588568347214,data\road_images\5793555558_1332943590_0\0_341.jpg
5796421436_1093749285_0,5796421436,1093749285,0,0,10.300442855707486,123.89267644916025,296.1444573000845,data\road_images\5796421436_1093749285_0\0_296.jpg
5796421437_5796421438_0,5796421437,5796421438,0,0,10.3001263,123.89147445,17.30058537621619,data\road_images\5796421437_5796421438_0\0_17.jpg
5796421437_1093749278_0,5796421437,1093749278,0,0,10.29992945,123.89150305000001,108.2501087810204,data\road_images\5796421437_1093749278_0\0_108.jpg
5796421437_1093749129_0,5796421437,1093749129,0,0,10.299984649999999,123.89133165000001,288.0083887248726,data\road_images\5796421437_1093749129_0\0_288.jpg
5796421438_1093749181_0,5796421438,1093749181,0,0,10.300267550000001,123.8916252,106.83613163023699,data\road_images\5796421438_1093749181_0\0_107.jpg
5796421438_5796421437_0,5796421438,5796421437,0,0,10.3001263,123.89147445,197.30060463349622,data\road_images\5796421438_5796421437_0\0_197.jpg
5796421438_1093749177_0,5796421438,1093749177,0,0,10.30043245274917,123.89107214718292,282.66493027164523,data\road_images\5796421438_1093749177_0\0_283.jpg
5796421438_5796421440_0,5796421438,5796421440,0,0,10.30052126441963,123.89159812667157,10.268490005240153,data\road_images\5796421438_5796421440_0\0_10.jpg
5796421440_1093749183_0,5796421440,1093749183,0,0,10.30077375,123.89169355000001,77.65145972647372,data\road_images\5796421440_1093749183_0\0_78.jpg
5796421440_1093749177_0,5796421440,1093749177,0,0,10.300649142101134,123.89110212108119,255.58763390788687,data\road_images\5796421440_1093749177_0\0_256.jpg
5796421440_5796421438_0,5796421440,5796421438,0,0,10.30052126441963,123.89159812667157,190.2685051505564,data\road_images\5796421440_5796421438_0\0_190.jpg
5796487553_1093749114_0,5796487553,1093749114,0,0,10.30178715,123.8896212,266.603001396877,data\road_images\5796487553_1093749114_0\0_267.jpg
5796546984_324580092_0,5796546984,324580092,0,0,10.3033497,123.8999489,83.60850859689003,data\road_images\5796546984_324580092_0\0_84.jpg
5796546984_666069189_0,5796546984,666069189,0,0,10.303245148264132,123.89917242368048,257.78807495546863,data\road_images\5796546984_666069189_0\0_258.jpg
5796546984_1093752883_0,5796546984,1093752883,0,0,10.303076466042153,123.89980412406757,202.16774080332306,data\road_images\5796546984_1093752883_0\0_202.jpg
5796546992_5797095177_0,5796546992,5797095177,0,0,10.299607397725568,123.89659078906544,196.21633067009301,data\road_images\5796546992_5797095177_0\0_196.jpg
5796546992_912971884_0,5796546992,912971884,0,0,10.299683521976247,123.89668525314421,157.15965967097395,data\road_images\5796546992_912971884_0\0_157.jpg
5796546992_1129145567_0,5796546992,1129145567,0,0,10.30096744609629,123.89621089051673,340.5881159147137,data\road_images\5796546992_1129145567_0\0_341.jpg
5796546994_317773531_0,5796546994,317773531,0,0,10.300596815222608,123.89878421317194,61.357587508832125,data\road_images\5796546994_317773531_0\0_61.jpg
5796546994_660726269_0,5796546994,660726269,0,0,10.30035529794534,123.89832951572818,241.91916883565466,data\road_images\5796546994_660726269_0\0_242.jpg
5796546994_5796546995_0,5796546994,5796546995,0,0,10.300910251175962,123.89841049242077,331.51083756504454,data\road_images\5796546994_5796546995_0\0_332.jpg
5796546995_5798088957_0,5796546995,5798088957,0,0,10.30139775,123.89835155,59.80467364609467,data\road_images\5796546995_5798088957_0\0_60.jpg
5796546995_5798088958_0,5796546995,5798088958,0,0,10.30127055,123.89811935,242.9342598223379,data\road_images\5796546995_5798088958_0\0_243.jpg
5796546995_5796546994_0,5796546995,5796546994,0,0,10.300910251175962,123.89841049242077,151.51075938587576,data\road_images\5796546995_5796546994_0\0_152.jpg
5796577941_1093749325_0,5796577941,1093749325,0,0,10.301522654259825,123.89275249145149,59.708947854420785,data\road_images\5796577941_1093749325_0\0_60.jpg
5797095111_1093750438_0,5797095111,1093750438,0,0,10.30213313830948,123.89953974503848,248.81429391636368,data\road_images\5797095111_1093750438_0\0_249.jpg
5797095121_2559428143_0,5797095121,2559428143,0,0,10.300880724672952,123.90065197218507,121.20023777449433,data\road_images\5797095121_2559428143_0\0_121.jpg
5797095121_2559428143_1,5797095121,2559428143,1,0,10.300527545502327,123.90062038490541,121.20023777449433,data\road_images\5797095121_2559428143_1\0_121.jpg
5797095121_1093750354_0,5797095121,1093750354,0,0,10.300805393358127,123.90010168275833,240.04932234974024,data\road_images\5797095121_1093750354_0\0_240.jpg
5797095124_5797095131_0,5797095124,5797095131,0,0,10.303938181938484,123.90131881890618,40.1259759168571,data\road_images\5797095124_5797095131_0\0_40.jpg
5797095131_5797095124_0,5797095131,5797095124,0,0,10.303938181938484,123.90131881890618,220.12606849836786,data\road_images\5797095131_5797095124_0\0_220.jpg
5797095131_1093382454_0,5797095131,1093382454,0,0,10.30316201784053,123.90185152776672,171.83409531869233,data\road_images\5797095131_1093382454_0\0_172.jpg
5797095131_5812723478_0,5797095131,5812723478,0,0,10.304373453968983,123.90171847917239,350.9956115560468,data\road_images\5797095131_5812723478_0\0_351.jpg
5797095132_5797095134_0,5797095132,5797095134,0,0,10.303865023877918,123.90055635004566,309.25317199087937,data\road_images\5797095132_5797095134_0\0_309.jpg
5797095134_5797095136_0,5797095134,5797095136,0,0,10.30401265,123.9002009,261.97990045592906,data\road_images\5797095134_5797095136_0\0_262.jpg
5797095134_5797095135_0,5797095134,5797095135,0,0,10.304060692895233,123.9004078787293,74.4694679856222,data\road_images\5797095134_5797095135_0\0_74.jpg
5797095134_5797095132_0,5797095134,5797095132,0,0,10.303865023877918,123.90055635004566,129.25309133913504,data\road_images\5797095134_5797095132_0\0_129.jpg
5797095135_5797095134_0,5797095135,5797095134,0,0,10.304060692895233,123.9004078787293,254.46950102328447,data\road_images\5797095135_5797095134_0\0_254.jpg
5797095136_5797095134_0,5797095136,5797095134,0,0,10.30401265,123.9002009,81.97985877876658,data\road_images\5797095136_5797095134_0\0_82.jpg
5797095136_1093749988_0,5797095136,1093749988,0,0,10.30411473177705,123.90006502176269,348.29410926780076,data\road_images\5797095136_1093749988_0\0_348.jpg
5797095136_324580092_0,5797095136,324580092,0,0,10.303683271897494,123.90010884525724,175.54532571134052,data\road_images\5797095136_324580092_0\0_176.jpg
5797095177_912971884_0,5797095177,912971884,0,0,10.2994695,123.89661874999999,62.44917128935083,data\road_images\5797095177_912971884_0\0_62.jpg
5797095177_281418215_0,5797095177,281418215,0,0,10.299162466839281,123.89604468686338,242.56299015373423,data\road_images\5797095177_281418215_0\0_243.jpg
5797095177_5797116231_0,5797095177,5797116231,0,0,10.29935170957472,123.89668012950926,112.39943960795443,data\road_images\5797095177_5797116231_0\0_112.jpg
5797095177_5796546992_0,5797095177,5796546992,0,0,10.299607397725568,123.89659078906544,16.216308213354125,data\road_images\5797095177_5796546992_0\0_16.jpg
5797095239_1093749477_0,5797095239,1093749477,0,0,10.3042804,123.89211549999999,334.5463183396526,data\road_images\5797095239_1093749477_0\0_335.jpg
5797095241_1093749529_0,5797095241,1093749529,0,0,10.304924255922616,123.89183707810267,211.28254912474125,data\road_images\5797095241_1093749529_0\0_211.jpg
5797116224_317773530_0,5797116224,317773530,0,0,10.29964515,123.89696125,242.4537795887146,data\road_images\5797116224_317773530_0\0_242.jpg
5797116224_5774188114_0,5797116224,5774188114,0,0,10.299903728164717,123.89746015386508,62.21214321249761,data\road_images\5797116224_5774188114_0\0_62.jpg
5797116224_5797116226_0,5797116224,5797116226,0,0,10.299491140413679,123.89701383619288,194.6123232385427,data\road_images\5797116224_5797116226_0\0_195.jpg
5797116226_5797116224_0,5797116226,5797116224,0,0,10.299491140413679,123.89701383619288,14.612303392435479,data\road_images\5797116226_5797116224_0\0_15.jpg
5797116226_317773530_0,5797116226,317773530,0,0,10.299435126074558,123.89690404944827,341.44128461360197,data\road_images\5797116226_317773530_0\0_341.jpg
5797116226_960097955_0,5797116226,960097955,0,0,10.298517854765878,123.8972242136786,161.09377910714989,data\road_images\5797116226_960097955_0\0_161.jpg
5797116231_1129145570_0,5797116231,1129145570,0,0,10.298490039204882,123.89712181924887,160.92536827510503,data\road_images\5797116231_1129145570_0\0_161.jpg
5797116231_912971884_0,5797116231,912971884,0,0,10.299395864845819,123.8967958437023,339.0988031609309,data\road_images\5797116231_912971884_0\0_339.jpg
5797116231_5797095177_0,5797116231,5797095177,0,0,10.29935170957472,123.89668012950926,292.39950375808803,data\road_images\5797116231_5797095177_0\0_292.jpg
5797815856_1093752705_0,5797815856,1093752705,0,0,10.30255365,123.9113582,319.9388347197364,data\road_images\5797815856_1093752705_0\0_320.jpg
5797815856_317764268_0,5797815856,317764268,0,0,10.302070244378193,123.91082937983718,229.7831658027136,data\road_images\5797815856_317764268_0\0_230.jpg
5798088957_5796546995_0,5798088957,5796546995,0,0,10.30139775,123.89835155,239.80472727596253,data\road_images\5798088957_5796546995_0\0_240.jpg
5798088957_317773531_0,5798088957,317773531,0,0,10.301080584582229,123.89871753719092,152.5036731824423,data\road_images\5798088957_317773531_0\0_153.jpg
5798088957_281446238_0,5798088957,281446238,0,0,10.3017072,123.89836905,329.76624073772047,data\road_images\5798088957_281446238_0\0_330.jpg
5798088958_5796546995_0,5798088958,5796546995,0,0,10.30127055,123.89811935,62.93423040588516,data\road_images\5798088958_5796546995_0\0_63.jpg
5798934966_1093749724_0,5798934966,1093749724,0,0,10.30781775,123.88913840000001,19.23972665631686,data\road_images\5798934966_1093749724_0\0_19.jpg
5798934966_1093749737_0,5798934966,1093749737,0,0,10.30715692304991,123.88884618088642,192.40875946508504,data\road_images\5798934966_1093749737_0\0_192.jpg
5798934966_1093749778_0,5798934966,1093749778,0,0,10.307202258798018,123.88928310032026,187.13216722853866,data\road_images\5798934966_1093749778_0\0_187.jpg
5799338150_1099182378_0,5799338150,1099182378,0,0,10.318739026428874,123.88958248163267,194.6683720459246,data\road_images\5799338150_1099182378_0\0_195.jpg
5799338559_317003682_0,5799338559,317003682,0,0,10.3180725,123.89145844999999,339.1839445714925,data\road_images\5799338559_317003682_0\0_339.jpg
5799338559_960111220_0,5799338559,960111220,0,0,10.3172687,123.89175384999999,160.41941404360466,data\road_images\5799338559_960111220_0\0_160.jpg
5799338559_1099182202_0,5799338559,1099182202,0,0,10.317646079284408,123.8921139809482,140.8663359472199,data\road_images\5799338559_1099182202_0\0_141.jpg
5799338564_1099182316_0,5799338564,1099182316,0,0,10.32137075,123.8921627,280.4038145334785,data\road_images\5799338564_1099182316_0\0_280.jpg
5799338600_1099182202_0,5799338600,1099182202,0,0,10.316771750000001,123.89243155,338.8873589541948,data\road_images\5799338600_1099182202_0\0_339.jpg
5799338600_1332943590_0,5799338600,1332943590,0,0,10.316802215801744,123.8926592205098,71.24602503889844,data\road_images\5799338600_1332943590_0\0_71.jpg
5799338600_317003680_0,5799338600,317003680,0,0,10.3166511,123.89222620000001,249.95734094067274,data\road_images\5799338600_317003680_0\0_250.jpg
5799418184_1727313895_0,5799418184,1727313895,0,0,10.2983623586856,123.88966511243532,152.24899302825247,data\road_images\5799418184_1727313895_0\0_152.jpg
5799452617_5799452618_0,5799452617,5799452618,0,0,10.2982402,123.89200790000001,335.2975386517833,data\road_images\5799452617_5799452618_0\0_335.jpg
5799452617_8642144814_0,5799452617,8642144814,0,0,10.298217341821974,123.89212741717607,67.35746920926016,data\road_images\5799452617_8642144814_0\0_67.jpg
5799452617_10779154831_0,5799452617,10779154831,0,0,10.298121273971045,123.89190390679369,244.8605855705708,data\road_images\5799452617_10779154831_0\0_245.jpg
5799452618_5799452617_0,5799452618,5799452617,0,0,10.2982402,123.89200790000001,155.29752835413865,data\road_images\5799452618_5799452617_0\0_155.jpg
5799452618_2434558866_0,5799452618,2434558866,0,0,10.298180646192348,123.89172646155286,243.78600003797908,data\road_images\5799452618_2434558866_0\0_244.jpg
5799452618_8642144813_0,5799452618,8642144813,0,0,10.298338039272881,123.89207725003686,70.92444267333508,data\road_images\5799452618_8642144813_0\0_71.jpg
5799643974_317773457_0,5799643974,317773457,0,0,10.30509865,123.8996165,76.4398610149143,data\road_images\5799643974_317773457_0\0_76.jpg
5799643974_1093749970_0,5799643974,1093749970,0,0,10.304884572621143,123.89881831407484,253.94383716506724,data\road_images\5799643974_1093749970_0\0_254.jpg
5799643974_5799643977_0,5799643974,5799643977,0,0,10.305381731627731,123.89928829158949,339.06926728370905,data\road_images\5799643974_5799643977_0\0_339.jpg
5799643977_5799643974_0,5799643977,5799643974,0,0,10.305381731627731,123.89928829158949,159.0692230253219,data\road_images\5799643977_5799643974_0\0_159.jpg
5799643979_281446236_0,5799643979,281446236,0,0,10.30496925,123.8980611,145.0412379192038,data\road_images\5799643979_281446236_0\0_145.jpg
5799643979_1093750099_0,5799643979,1093750099,0,0,10.305381650645558,123.89775079025061,323.26959653917805,data\road_images\5799643979_1093750099_0\0_323.jpg
5799643979_5799643980_0,5799643979,5799643980,0,0,10.305313392715702,123.89828425557641,56.392283083448774,data\road_images\5799643979_5799643980_0\0_56.jpg
5799643980_5799643981_0,5799643980,5799643981,0,0,10.305602350000001,123.8986842,41.39732918551999,data\road_images\5799643980_5799643981_0\0_41.jpg
5799643980_5799643979_0,5799643980,5799643979,0,0,10.305313392715702,123.89828425557641,236.39239725330714,data\road_images\5799643980_5799643979_0\0_236.jpg
5799643980_8375569143_0,5799643980,8375569143,0,0,10.305817897655333,123.89837532690179,323.93769802672864,data\road_images\5799643980_8375569143_0\0_324.jpg
5799643981_5799643980_0,5799643981,5799643980,0,0,10.305602350000001,123.8986842,221.3973567716276,data\road_images\5799643981_5799643980_0\0_221.jpg
5799643981_5799643982_0,5799643981,5799643982,0,0,10.30576,123.8988532,51.62487483550467,data\road_images\5799643981_5799643982_0\0_52.jpg
5799643981_5812892048_0,5799643981,5812892048,0,0,10.30587905,123.8986195,323.8044113786197,data\road_images\5799643981_5812892048_0\0_324.jpg
5799643982_5799643981_0,5799643982,5799643981,0,0,10.30576,123.8988532,231.624907717318,data\road_images\5799643982_5799643981_0\0_232.jpg
5799649476_1093382446_0,5799649476,1093382446,0,0,10.306842529337692,123.90061658518974,188.13766680566496,data\road_images\5799649476_1093382446_0\0_188.jpg
5799719507_5799719508_0,5799719507,5799719508,0,0,10.2947193,123.88328535,332.33557882764956,data\road_images\5799719507_5799719508_0\0_332.jpg
5799719507_5799730450_0,5799719507,5799730450,0,0,10.29453015,123.88329645,244.51461115151557,data\road_images\5799719507_5799730450_0\0_245.jpg
5799719507_5799730451_0,5799719507,5799730451,0,0,10.2946568,123.88357525,65.46250684317397,data\road_images\5799719507_5799730451_0\0_65.jpg
5799719508_1141747217_0,5799719508,1141747217,0,0,10.294772850000001,123.88303055,238.92660903872542,data\road_images\5799719508_1141747217_0\0_239.jpg
5799719508_5799719507_0,5799719508,5799719507,0,0,10.2947193,123.88328535,152.33554921515997,data\road_images\5799719508_5799719507_0\0_152.jpg
5799719508_1141747203_0,5799719508,1141747203,0,0,10.295003103916157,123.88347724983578,69.2258127367212,data\road_images\5799719508_1141747203_0\0_69.jpg
5799719526_5799719529_0,5799719526,5799719529,0,0,10.295325250000001,123.88202369999999,102.90917360017835,data\road_images\5799719526_5799719529_0\0_103.jpg
5799719526_5799719529_1,5799719526,5799719529,1,0,10.295520956271039,123.88204724920757,102.90917360017835,data\road_images\5799719526_5799719529_1\0_103.jpg
5799719526_5799719531_0,5799719526,5799719531,0,0,10.295159610992092,123.8819147721689,119.04096386763717,data\road_images\5799719526_5799719531_0\0_119.jpg
5799719529_5799719526_0,5799719529,5799719526,0,0,10.295325250000001,123.88202369999999,282.9092805116351,data\road_images\5799719529_5799719526_0\0_283.jpg
5799719529_5799719526_1,5799719529,5799719526,1,0,10.295520956271039,123.88204724920757,282.9092805116351,data\road_images\5799719529_5799719526_1\0_283.jpg
5799719529_5799719531_0,5799719529,5799719531,0,0,10.2951648,123.8823174,183.2697366122168,data\road_images\5799719529_5799719531_0\0_183.jpg
5799719530_5965234734_0,5799719530,5965234734,0,0,10.294618768238902,123.88201919662525,234.09470164916115,data\road_images\5799719530_5965234734_0\0_234.jpg
5799719530_5799719531_0,5799719530,5799719531,0,0,10.295007722359134,123.88239267806595,316.84098944216163,data\road_images\5799719530_5799719531_0\0_317.jpg
5799719530_1141745773_0,5799719530,1141745773,0,0,10.295013839279596,123.88257889968204,54.38864665461688,data\road_images\5799719530_1141745773_0\0_54.jpg
5799719531_5799719529_0,5799719531,5799719529,0,0,10.2951648,123.8823174,3.2697346820244775,data\road_images\5799719531_5799719529_0\0_3.jpg
5799719531_5799719526_0,5799719531,5799719526,0,0,10.295159610992092,123.8819147721689,299.04106884796334,data\road_images\5799719531_5799719526_0\0_299.jpg
5799719531_5799719530_0,5799719531,5799719530,0,0,10.295007722359134,123.88239267806595,136.8409644042526,data\road_images\5799719531_5799719530_0\0_137.jpg
5799730450_5799719507_0,5799730450,5799719507,0,0,10.29453015,123.88329645,64.51458550682224,data\road_images\5799730450_5799719507_0\0_65.jpg
5799730451_1141747203_0,5799730451,1141747203,0,0,10.294917049999999,123.88377305,356.8852639500937,data\road_images\5799730451_1141747203_0\0_357.jpg
5799730451_5799719507_0,5799730451,5799719507,0,0,10.2946568,123.88357525,245.46258084714856,data\road_images\5799730451_5799719507_0\0_245.jpg
5799730451_1141747199_0,5799730451,1141747199,0,0,10.294311446239709,123.88384055476911,141.0881640781614,data\road_images\5799730451_1141747199_0\0_141.jpg
5799742025_5899633547_0,5799742025,5899633547,0,0,10.29431585,123.87943655000001,255.126902083385,data\road_images\5799742025_5899633547_0\0_255.jpg
5799758977_5779790312_0,5799758977,5779790312,0,0,10.2929533,123.88336075000001,74.1867409298278,data\road_images\5799758977_5779790312_0\0_74.jpg
5799865008_1093750310_0,5799865008,1093750310,0,0,10.3052763,123.90292575000001,84.95804357556966,data\road_images\5799865008_1093750310_0\0_85.jpg
5799865008_1093382463_0,5799865008,1093382463,0,0,10.305203500000001,123.9020866,264.9630956797908,data\road_images\5799865008_1093382463_0\0_265.jpg
5799865008_5799865009_0,5799865008,5799865009,0,0,10.305366150000001,123.9025509,356.0673663812929,data\road_images\5799865008_5799865009_0\0_356.jpg
5799865009_5799865008_0,5799865009,5799865008,0,0,10.305366150000001,123.9025509,176.06736334009543,data\road_images\5799865009_5799865008_0\0_176.jpg
5799865009_5799865010_0,5799865009,5799865010,0,0,10.30549835,123.90266555,85.02363926962005,data\road_images\5799865009_5799865010_0\0_85.jpg
5799865009_5799865011_0,5799865009,5799865011,0,0,10.3054779,123.9024275,264.9951319583864,data\road_images\5799865009_5799865011_0\0_265.jpg
5799865010_5799865009_0,5799865010,5799865009,0,0,10.30549835,123.90266555,265.0236833318363,data\road_images\5799865010_5799865009_0\0_265.jpg
5799865011_5799865009_0,5799865011,5799865009,0,0,10.3054779,123.9024275,84.99509084801343,data\road_images\5799865011_5799865009_0\0_85.jpg
5799865014_1093382452_0,5799865014,1093382452,0,0,10.305585113254104,123.9019598444321,236.1648719751193,data\road_images\5799865014_1093382452_0\0_236.jpg
5799865016_1093382452_0,5799865016,1093382452,0,0,10.3054466,123.9015344,157.95030054672702,data\road_images\5799865016_1093382452_0\0_158.jpg
5799865016_324580081_0,5799865016,324580081,0,0,10.30561075,123.90145465,332.1630660065423,data\road_images\5799865016_324580081_0\0_332.jpg
5799865016_5799865019_0,5799865016,5799865019,0,0,10.30556499350832,123.90101900007801,275.22334536948995,data\road_images\5799865016_5799865019_0\0_275.jpg
5799865019_5799865016_0,5799865019,5799865016,0,0,10.30556499350832,123.90101900007801,95.22317053284854,data\road_images\5799865019_5799865016_0\0_95.jpg
5804490651_1093752166_0,5804490651,1093752166,0,0,10.2982058,123.9052925,9.891376996671852,data\road_images\5804490651_1093752166_0\0_10.jpg
5804490651_11699189430_0,5804490651,11699189430,0,0,10.2979315,123.90494415,274.08453634651454,data\road_images\5804490651_11699189430_0\0_274.jpg
5804490651_1093752143_0,5804490651,1093752143,0,0,10.297381097452238,123.90507136771977,201.96569371644074,data\road_images\5804490651_1093752143_0\0_202.jpg
5804491360_1093752691_0,5804491360,1093752691,0,0,10.299265037613466,123.90622637020931,10.697642726610866,data\road_images\5804491360_1093752691_0\0_11.jpg
5804491360_497829280_0,5804491360,497829280,0,0,10.298510553357664,123.90608343082587,189.78625792471203,data\road_images\5804491360_497829280_0\0_190.jpg
5804491360_5823514665_0,5804491360,5823514665,0,0,10.298864295866842,123.90560736370215,291.7506990667324,data\road_images\5804491360_5823514665_0\0_292.jpg
5804491360_5804491367_0,5804491360,5804491367,0,0,10.298565558459025,123.90647329617688,114.04211588098724,data\road_images\5804491360_5804491367_0\0_114.jpg
5804491367_1093752680_0,5804491367,1093752680,0,0,10.2983995,123.90696639999999,83.08198337222768,data\road_images\5804491367_1093752680_0\0_83.jpg
5804491367_497829280_0,5804491367,497829280,0,0,10.298341789004462,123.906423140572,267.2355504369666,data\road_images\5804491367_497829280_0\0_267.jpg
5804491367_5804491360_0,5804491367,5804491360,0,0,10.298565558459025,123.90647329617688,294.0422375029689,data\road_images\5804491367_5804491360_0\0_294.jpg
5804558238_1093752166_0,5804558238,1093752166,0,0,10.2985592,123.90497145,99.01816513866089,data\road_images\5804558238_1093752166_0\0_99.jpg
5804558238_5804558240_0,5804558238,5804558240,0,0,10.298152744849581,123.90435003185964,244.92638978292942,data\road_images\5804558238_5804558240_0\0_245.jpg
5804558238_2231564468_0,5804558238,2231564468,0,0,10.29869235,123.90416775,280.02503832012223,data\road_images\5804558238_2231564468_0\0_280.jpg
5804558240_660735267_0,5804558240,660735267,0,0,10.29833625,123.9036864,353.4197196107435,data\road_images\5804558240_660735267_0\0_353.jpg
5804558240_5807246178_0,5804558240,5807246178,0,0,10.2981353,123.90370995,173.42785059523396,data\road_images\5804558240_5807246178_0\0_173.jpg
5804558240_5804558238_0,5804558240,5804558238,0,0,10.298152744849581,123.90435003185964,64.92622954686766,data\road_images\5804558240_5804558238_0\0_65.jpg
5807246177_1093752296_0,5807246177,1093752296,0,0,10.2979028,123.90317145,264.28596465331145,data\road_images\5807246177_1093752296_0\0_264.jpg
5807246177_317773514_0,5807246177,317773514,0,0,10.2979135,123.9034906,89.19186675118743,data\road_images\5807246177_317773514_0\0_89.jpg
5807246177_5807246178_0,5807246177,5807246178,0,0,10.297987899999999,123.90348185,71.4943679001251,data\road_images\5807246177_5807246178_0\0_71.jpg
5807246178_5804558240_0,5807246178,5804558240,0,0,10.2981353,123.90370995,353.4278535091221,data\road_images\5807246178_5804558240_0\0_353.jpg
5807246178_317773514_0,5807246178,317773514,0,0,10.2979913,123.90372685,173.39948531691493,data\road_images\5807246178_317773514_0\0_173.jpg
5807246178_5807246177_0,5807246178,5807246177,0,0,10.297987899999999,123.90348185,251.49445236798783,data\road_images\5807246178_5807246177_0\0_251.jpg
5812707844_1093752455_0,5812707844,1093752455,0,0,10.30102975,123.9052028,86.75211007681378,data\road_images\5812707844_1093752455_0\0_87.jpg
5812707844_5770771915_0,5812707844,5770771915,0,0,10.301210399999999,123.9049486,350.4506433583723,data\road_images\5812707844_5770771915_0\0_350.jpg
5812707844_1093752531_0,5812707844,1093752531,0,0,10.300998611777644,123.90469312768155,266.1397605349317,data\road_images\5812707844_1093752531_0\0_266.jpg
5812723475_5812723477_0,5812723475,5812723477,0,0,10.3044929,123.9012247,352.3837977761003,data\road_images\5812723475_5812723477_0\0_352.jpg
5812723476_5812723477_0,5812723476,5812723477,0,0,10.3048041,123.9011648,166.7877065835263,data\road_images\5812723476_5812723477_0\0_167.jpg
5812723477_5812723475_0,5812723477,5812723475,0,0,10.3044929,123.9012247,172.38379097864754,data\road_images\5812723477_5812723475_0\0_172.jpg
5812723477_5812723476_0,5812723477,5812723476,0,0,10.3048041,123.9011648,346.7877212163697,data\road_images\5812723477_5812723476_0\0_347.jpg
5812723477_5812723478_0,5812723477,5812723478,0,0,10.304657550000002,123.9014364,83.75201286780981,data\road_images\5812723477_5812723478_0\0_84.jpg
5812723478_5812723477_0,5812723478,5812723477,0,0,10.304657550000002,123.9014364,263.75209540405314,data\road_images\5812723478_5812723477_0\0_264.jpg
5812723478_1093382457_0,5812723478,1093382457,0,0,10.30471775,123.9016646,356.0197383478262,data\road_images\5812723478_1093382457_0\0_356.jpg
5812723478_5797095131_0,5812723478,5797095131,0,0,10.304373453968983,123.90171847917239,170.99559373986517,data\road_images\5812723478_5797095131_0\0_171.jpg
5812739184_1093750656_0,5812739184,1093750656,0,0,10.3047623,123.9057552,176.11428327433578,data\road_images\5812739184_1093750656_0\0_176.jpg
5812739187_1093750635_0,5812739187,1093750635,0,0,10.3045533,123.90526510000001,262.2685942221591,data\road_images\5812739187_1093750635_0\0_262.jpg
5812739187_1093750656_0,5812739187,1093750656,0,0,10.304588690769267,123.90555694435928,82.83323583818822,data\road_images\5812739187_1093750656_0\0_83.jpg
5812739187_5812739189_0,5812739187,5812739189,0,0,10.304679803650254,123.90537343033807,7.397544922196914,data\road_images\5812739187_5812739189_0\0_7.jpg
5812739189_8374966945_0,5812739189,8374966945,0,0,10.305063093376232,123.90546755984433,356.78748088035564,data\road_images\5812739189_8374966945_0\0_357.jpg
5812739189_8374966945_1,5812739189,8374966945,1,0,10.305084324253126,123.90535990598273,356.78748088035564,data\road_images\5812739189_8374966945_1\0_357.jpg
5812739189_5812739187_0,5812739189,5812739187,0,0,10.304679803650254,123.90537343033807,187.39755043176277,data\road_images\5812739189_5812739187_0\0_187.jpg
5812739190_1093750656_0,5812739190,1093750656,0,0,10.304496799999999,123.90577365,356.0573827116294,data\road_images\5812739190_1093750656_0\0_356.jpg
5812739191_1214783234_0,5812739191,1214783234,0,0,10.30176295,123.90396885,265.0588240958996,data\road_images\5812739191_1214783234_0\0_265.jpg
5812739191_1093752459_0,5812739191,1093752459,0,0,10.301812315311766,123.90473447204309,86.14989138282834,data\road_images\5812739191_1093752459_0\0_86.jpg
5812739191_5812739194_0,5812739191,5812739194,0,0,10.302370357343708,123.9040674574562,7.882522955225909,data\road_images\5812739191_5812739194_0\0_8.jpg
5812739194_5812739195_0,5812739194,5812739195,0,0,10.3032282,123.9041925,357.1388502694002,data\road_images\5812739194_5812739195_0\0_357.jpg
5812739194_5812739197_0,5812739194,5812739197,0,0,10.303060625923365,123.90458543132515,30.58355637967776,data\road_images\5812739194_5812739197_0\0_31.jpg
5812739194_5812739191_0,5812739194,5812739191,0,0,10.302370357343708,123.9040674574562,187.8825528935188,data\road_images\5812739194_5812739191_0\0_188.jpg
5812739195_1093750746_0,5812739195,1093750746,0,0,10.3034751,123.90392675,264.74699001151384,data\road_images\5812739195_1093750746_0\0_265.jpg
5812739195_1093750663_0,5812739195,1093750663,0,0,10.303500750000001,123.9042102,84.7292637634215,data\road_images\5812739195_1093750663_0\0_85.jpg
5812739195_5812739194_0,5812739195,5812739194,0,0,10.3032282,123.9041925,177.13884536870023,data\road_images\5812739195_5812739194_0\0_177.jpg
5812739197_1093750743_0,5812739197,1093750743,0,0,10.30352815,123.9045132,264.77030891777054,data\road_images\5812739197_1093750743_0\0_265.jpg
5812739197_1093750719_0,5812739197,1093750719,0,0,10.303611375052975,123.9054340022555,84.7486735569297,data\road_images\5812739197_1093750719_0\0_85.jpg
5812739197_5812739194_0,5812739197,5812739194,0,0,10.303060625923365,123.90458543132515,210.58361794260455,data\road_images\5812739197_5812739194_0\0_211.jpg
5812739198_5812739199_0,5812739198,5812739199,0,0,10.304295537476957,123.9045631301659,357.53743048923127,data\road_images\5812739198_5812739199_0\0_358.jpg
5812739199_1093750633_0,5812739199,1093750633,0,0,10.304496499999999,123.9046948,84.03824952530283,data\road_images\5812739199_1093750633_0\0_84.jpg
5812739199_1093750631_0,5812739199,1093750631,0,0,10.3044588,123.90434095,263.67296813334656,data\road_images\5812739199_1093750631_0\0_264.jpg
5812739199_5812739198_0,5812739199,5812739198,0,0,10.304295537476957,123.9045631301659,177.5374275735653,data\road_images\5812739199_5812739198_0\0_178.jpg
5812739200_1093750743_0,5812739200,1093750743,0,0,10.30373575,123.9044588,175.41349346137326,data\road_images\5812739200_1093750743_0\0_175.jpg
5812842774_912971891_0,5812842774,912971891,0,0,10.302193195719584,123.9021524123273,217.86097936956918,data\road_images\5812842774_912971891_0\0_218.jpg
5812842774_1093382454_0,5812842774,1093382454,0,0,10.30227176340337,123.90212271230484,269.0524530806184,data\road_images\5812842774_1093382454_0\0_269.jpg
5812842774_2559428252_0,5812842774,2559428252,0,0,10.30399489548294,123.90343993177926,35.293676541427715,data\road_images\5812842774_2559428252_0\0_35.jpg
5812892048_5799643981_0,5812892048,5799643981,0,0,10.30587905,123.8986195,143.80436064173296,data\road_images\5812892048_5799643981_0\0_144.jpg
5813474005_5813474006_0,5813474005,5813474006,0,0,10.300764743394769,123.90895538199847,2.937789091759214,data\road_images\5813474005_5813474006_0\0_3.jpg
5813474006_1093750773_0,5813474006,1093750773,0,0,10.30125215,123.90806825,271.5413750553378,data\road_images\5813474006_1093750773_0\0_272.jpg
5813474006_1093750770_0,5813474006,1093750770,0,0,10.301216,123.9094333,91.54292609935078,data\road_images\5813474006_1093750770_0\0_92.jpg
5813474006_5813474005_0,5813474006,5813474005,0,0,10.300764743394769,123.90895538199847,182.9377977285384,data\road_images\5813474006_5813474005_0\0_183.jpg
5814208025_5815513272_0,5814208025,5815513272,0,0,10.31585353839515,123.89958352233192,27.9046799549443,data\road_images\5814208025_5815513272_0\0_28.jpg
5814889645_9179423364_0,5814889645,9179423364,0,0,10.310937398913868,123.90387173191257,152.7001264362044,data\road_images\5814889645_9179423364_0\0_153.jpg
5814889645_4036028114_0,5814889645,4036028114,0,0,10.3109412177023,123.90379785511249,181.5648711762116,data\road_images\5814889645_4036028114_0\0_182.jpg
5814889645_1682725119_0,5814889645,1682725119,0,0,10.311604723186395,123.90353219477053,333.66145979795004,data\road_images\5814889645_1682725119_0\0_334.jpg
5814889652_648756006_0,5814889652,648756006,0,0,10.3142702,123.90350475,155.70302880329916,data\road_images\5814889652_648756006_0\0_156.jpg
5814889652_997375055_0,5814889652,997375055,0,0,10.315430579344376,123.90304469347659,12.458614256317901,data\road_images\5814889652_997375055_0\0_12.jpg
5814889652_5814889954_0,5814889652,5814889954,0,0,10.31428758251696,123.90291090719407,183.67304055925786,data\road_images\5814889652_5814889954_0\0_184.jpg
5814889954_5815607641_0,5814889954,5815607641,0,0,10.313542,123.9032647,151.93390376843513,data\road_images\5814889954_5815607641_0\0_152.jpg
5814889954_5814889652_0,5814889954,5814889652,0,0,10.31428758251696,123.90291090719407,3.6730276500886134,data\road_images\5814889954_5814889652_0\0_4.jpg
5814889954_369910967_0,5814889954,369910967,0,0,10.31345444168666,123.90295127559585,241.95523917712833,data\road_images\5814889954_369910967_0\0_242.jpg
5814889954_648756006_0,5814889954,648756006,0,0,10.3137177,123.90346869999999,63.462704449668536,data\road_images\5814889954_648756006_0\0_63.jpg
5815513265_5815513266_0,5815513265,5815513266,0,0,10.31670345,123.90028889999999,71.93302118087092,data\road_images\5815513265_5815513266_0\0_72.jpg
5815513266_2126271267_0,5815513266,2126271267,0,0,10.3170839,123.90070084999999,332.8015230316449,data\road_images\5815513266_2126271267_0\0_333.jpg
5815513266_5815513265_0,5815513266,5815513265,0,0,10.31670345,123.90028889999999,251.93320850792247,data\road_images\5815513266_5815513265_0\0_252.jpg
5815513266_8865044738_0,5815513266,8865044738,0,0,10.316249445190428,123.90114083695116,153.5107836662297,data\road_images\5815513266_8865044738_0\0_154.jpg
5815513271_5815513272_0,5815513271,5815513272,0,0,10.31626445,123.89926795,60.57743160538746,data\road_images\5815513271_5815513272_0\0_61.jpg
5815513272_5815513271_0,5815513272,5815513271,0,0,10.31626445,123.89926795,240.57751890772653,data\road_images\5815513272_5815513271_0\0_241.jpg
5815513272_1099182449_0,5815513272,1099182449,0,0,10.316695124914244,123.89934820194883,330.0796773894946,data\road_images\5815513272_1099182449_0\0_330.jpg
5815513272_5814208025_0,5815513272,5814208025,0,0,10.31585353839515,123.89958352233192,207.90477362930622,data\road_images\5815513272_5814208025_0\0_208.jpg
5815513280_1099182478_0,5815513280,1099182478,0,0,10.317136417167998,123.89788831668443,63.23433864812591,data\road_images\5815513280_1099182478_0\0_63.jpg
5815513305_8585244527_0,5815513305,8585244527,0,0,10.31618895,123.90736915,132.62951134088001,data\road_images\5815513305_8585244527_0\0_133.jpg
5815513305_5815513309_0,5815513305,5815513309,0,0,10.316347970527078,123.90745245146722,320.0033801698007,data\road_images\5815513305_5815513309_0\0_320.jpg
5815513309_648751988_0,5815513309,648751988,0,0,10.316513065910478,123.90676736029678,255.31457553744258,data\road_images\5815513309_648751988_0\0_255.jpg
5815513309_5815513305_0,5815513309,5815513305,0,0,10.316235123222063,123.90730101399434,140.0033686552548,data\road_images\5815513309_5815513305_0\0_140.jpg
5815513346_1102906715_0,5815513346,1102906715,0,0,10.3250085,123.9004307,150.60093631484375,data\road_images\5815513346_1102906715_0\0_151.jpg
5815513346_8586577828_0,5815513346,8586577828,0,0,10.3249422,123.90001864999999,224.3973337443015,data\road_images\5815513346_8586577828_0\0_224.jpg
5815513346_1102906723_0,5815513346,1102906723,0,0,10.325363373224832,123.90021152484675,318.48409986480317,data\road_images\5815513346_1102906723_0\0_318.jpg
5815607636_5815607638_0,5815607636,5815607638,0,0,10.3149528,123.9044419,333.48259921399335,data\road_images\5815607636_5815607638_0\0_333.jpg
5815607637_5815607638_0,5815607637,5815607638,0,0,10.315054199999999,123.90438875000001,152.01951365494187,data\road_images\5815607637_5815607638_0\0_152.jpg
5815607638_5815607636_0,5815607638,5815607636,0,0,10.3149528,123.9044419,153.4825903328549,data\road_images\5815607638_5815607636_0\0_153.jpg
5815607638_5815607637_0,5815607638,5815607637,0,0,10.315054199999999,123.90438875000001,332.0195238077694,data\road_images\5815607638_5815607637_0\0_332.jpg
5815607638_5815607639_0,5815607638,5815607639,0,0,10.31488035,123.9041313,246.65635405399345,data\road_images\5815607638_5815607639_0\0_247.jpg
5815607639_1101215444_0,5815607639,1101215444,0,0,10.3143901,123.9039973,157.95970768535574,data\road_images\5815607639_1101215444_0\0_158.jpg
5815607639_5815607638_0,5815607639,5815607638,0,0,10.31488035,123.9041313,66.65625170455291,data\road_images\5815607639_5815607638_0\0_67.jpg
5815607639_997375055_0,5815607639,997375055,0,0,10.31537031803293,123.90361629635504,348.7695111829198,data\road_images\5815607639_997375055_0\0_349.jpg
5815607641_648756009_0,5815607641,648756009,0,0,10.3136007,123.90352795,62.49647361601353,data\road_images\5815607641_648756009_0\0_62.jpg
5815607641_5814889954_0,5815607641,5814889954,0,0,10.313542,123.9032647,331.9339153342767,data\road_images\5815607641_5814889954_0\0_332.jpg
5815607641_648756008_0,5815607641,648756008,0,0,10.313341441538608,123.90301132992744,243.33603987054968,data\road_images\5815607641_648756008_0\0_243.jpg
5823514665_5804491360_0,5823514665,5804491360,0,0,10.298864295866842,123.90560736370215,111.75051971175981,data\road_images\5823514665_5804491360_0\0_112.jpg
5823514667_1093752531_0,5823514667,1093752531,0,0,10.30096795,123.90426925,85.2173636951041,data\road_images\5823514667_1093752531_0\0_85.jpg
5823791578_648743420_0,5823791578,648743420,0,0,10.314363323645772,123.90975425116623,359.4251103832943,data\road_images\5823791578_648743420_0\0_359.jpg
5824047869_1105801808_0,5824047869,1105801808,0,0,10.31975810814632,123.90929301825273,234.50194145084123,data\road_images\5824047869_1105801808_0\0_235.jpg
5824047869_937431032_0,5824047869,937431032,0,0,10.320284373500513,123.9101285669315,57.51608623536845,data\road_images\5824047869_937431032_0\0_58.jpg
5824047869_937432726_0,5824047869,937432726,0,0,10.320992561795274,123.90902116920292,18.602483972761263,data\road_images\5824047869_937432726_0\0_19.jpg
5824092956_8344309127_0,5824092956,8344309127,0,0,10.3199711,123.91118335,58.895206701534505,data\road_images\5824092956_8344309127_0\0_59.jpg
5824092956_1105801766_0,5824092956,1105801766,0,0,10.319793068610924,123.91125433377697,148.75687557284732,data\road_images\5824092956_1105801766_0\0_149.jpg
5824092956_5940017404_0,5824092956,5940017404,0,0,10.31962735953877,123.91062582131902,235.24279148506616,data\road_images\5824092956_5940017404_0\0_235.jpg
5824092956_937431034_0,5824092956,937431034,0,0,10.320261374329686,123.91096650888741,329.12087851019385,data\road_images\5824092956_937431034_0\0_329.jpg
5824823726_1105801830_0,5824823726,1105801830,0,0,10.31971305,123.9072322,33.69003252715714,data\road_images\5824823726_1105801830_0\0_34.jpg
5824833960_655579273_0,5824833960,655579273,0,0,10.326592565804878,123.90668438736066,306.2483089846887,data\road_images\5824833960_655579273_0\0_306.jpg
5824833960_9096788039_0,5824833960,9096788039,0,0,10.326028271539391,123.90738026620697,138.5235684874056,data\road_images\5824833960_9096788039_0\0_139.jpg
5824833960_6351608171_0,5824833960,6351608171,0,0,10.326065199754758,123.9074157075517,124.67409527826669,data\road_images\5824833960_6351608171_0\0_125.jpg
5824889604_5824889605_0,5824889604,5824889605,0,0,10.313826899999999,123.9079221,63.38822773340053,data\road_images\5824889604_5824889605_0\0_63.jpg
5824889605_5824889607_0,5824889605,5824889607,0,0,10.31402925,123.90807945,335.2226648342496,data\road_images\5824889605_5824889607_0\0_335.jpg
5824889605_5824889604_0,5824889605,5824889604,0,0,10.313826899999999,123.9079221,243.3883011037372,data\road_images\5824889605_5824889604_0\0_243.jpg
5824889605_996264873_0,5824889605,996264873,0,0,10.3138191,123.90817805,155.22062038995614,data\road_images\5824889605_996264873_0\0_155.jpg
5824889606_5824889607_0,5824889606,5824889607,0,0,10.31403545,123.90783735,63.56753233600665,data\road_images\5824889606_5824889607_0\0_64.jpg
5824889607_5824889609_0,5824889607,5824889609,0,0,10.3142291,123.9079857,335.22875329633183,data\road_images\5824889607_5824889609_0\0_335.jpg
5824889607_5824889606_0,5824889607,5824889606,0,0,10.31403545,123.90783735,243.5676020016625,data\road_images\5824889607_5824889606_0\0_244.jpg
5824889607_5824889605_0,5824889607,5824889605,0,0,10.31402925,123.90807945,155.22264780729972,data\road_images\5824889607_5824889605_0\0_155.jpg
5824889608_5824889609_0,5824889608,5824889609,0,0,10.3142319,123.9077439,63.558812078610686,data\road_images\5824889608_5824889609_0\0_64.jpg
5824889609_996265001_0,5824889609,996265001,0,0,10.31443375,123.9078897,335.2235679273391,data\road_images\5824889609_996265001_0\0_335.jpg
5824889609_5824889608_0,5824889609,5824889608,0,0,10.3142319,123.9077439,243.55888212171652,data\road_images\5824889609_5824889608_0\0_244.jpg
5824889609_5824889607_0,5824889609,5824889607,0,0,10.3142291,123.9079857,155.22873675241237,data\road_images\5824889609_5824889607_0\0_155.jpg
5824889614_5824889615_0,5824889614,5824889615,0,0,10.313210900000001,123.90665200000001,62.12256385962456,data\road_images\5824889614_5824889615_0\0_62.jpg
5824889614_996264264_0,5824889614,996264264,0,0,10.312994549999999,123.9064709,154.8947759154819,data\road_images\5824889614_996264264_0\0_155.jpg
5824889614_996264726_0,5824889614,996264726,0,0,10.313192449999999,123.90637665,334.8937561094017,data\road_images\5824889614_996264726_0\0_335.jpg
5824889615_5824889614_0,5824889615,5824889614,0,0,10.313210900000001,123.90665200000001,242.12264538948315,data\road_images\5824889615_5824889614_0\0_242.jpg
5825209220_1105801779_0,5825209220,1105801779,0,0,10.3236198,123.90896325,56.00092174265234,data\road_images\5825209220_1105801779_0\0_56.jpg
5825209220_937432726_0,5825209220,937432726,0,0,10.322619667371725,123.90952721454761,148.98841664579328,data\road_images\5825209220_937432726_0\0_149.jpg
5825209220_6351608173_0,5825209220,6351608173,0,0,10.32462896060645,123.90829322049022,328.75935577061034,data\road_images\5825209220_6351608173_0\0_329.jpg
5825249408_996264345_0,5825249408,996264345,0,0,10.3138789,123.9059307,61.03834637664971,data\road_images\5825249408_996264345_0\0_61.jpg
5825380285_1102906875_0,5825380285,1102906875,0,0,10.322885146110739,123.91063928075957,149.8482925783385,data\road_images\5825380285_1102906875_0\0_150.jpg
5827165285_1101216534_0,5827165285,1101216534,0,0,10.32533415,123.90387575,122.12083647121813,data\road_images\5827165285_1101216534_0\0_122.jpg
5827165285_1101216491_0,5827165285,1101216491,0,0,10.3255261,123.90356495,302.11608388096494,data\road_images\5827165285_1101216491_0\0_302.jpg
5827165285_5827165286_0,5827165285,5827165286,0,0,10.32562665,123.90377154999999,30.165946322749903,data\road_images\5827165285_5827165286_0\0_30.jpg
5827165286_5827165285_0,5827165286,5827165285,0,0,10.32562665,123.90377154999999,210.165981723123,data\road_images\5827165286_5827165285_0\0_210.jpg
5827165287_1101216491_0,5827165287,1101216491,0,0,10.3256476,123.9033703,122.73696087260788,data\road_images\5827165287_1101216491_0\0_123.jpg
5827165287_5827165288_0,5827165287,5827165288,0,0,10.325862650000001,123.90337170000001,28.44944482183007,data\road_images\5827165287_5827165288_0\0_28.jpg
5827165287_1101216530_0,5827165287,1101216530,0,0,10.326042436307354,123.9027264835823,301.2514706526544,data\road_images\5827165287_1101216530_0\0_301.jpg
5827165288_5827165287_0,5827165288,5827165287,0,0,10.325862650000001,123.90337170000001,208.44947644090934,data\road_images\5827165288_5827165287_0\0_208.jpg
5828554982_322100210_0,5828554982,322100210,0,0,10.32572103246636,123.8926036243366,341.1405380706974,data\road_images\5828554982_322100210_0\0_341.jpg
5833764405_1138894402_0,5833764405,1138894402,0,0,10.32177985,123.8808175,348.3965030380229,data\road_images\5833764405_1138894402_0\0_348.jpg
5833764450_1138899801_0,5833764450,1138899801,0,0,10.30680815,123.8856838,68.52605490431068,data\road_images\5833764450_1138899801_0\0_69.jpg
5834602510_1104252830_0,5834602510,1104252830,0,0,10.325484887086324,123.89341839369312,346.9152126116102,data\road_images\5834602510_1104252830_0\0_347.jpg
5836449605_997375078_0,5836449605,997375078,0,0,10.3168986,123.90397970000001,201.57389343511116,data\road_images\5836449605_997375078_0\0_202.jpg
5836449605_648751004_0,5836449605,648751004,0,0,10.317265118039057,123.90367538432825,304.7700632801665,data\road_images\5836449605_648751004_0\0_305.jpg
5836449605_12116282631_0,5836449605,12116282631,0,0,10.316515261350522,123.90469208712274,113.85921670807579,data\road_images\5836449605_12116282631_0\0_114.jpg
5836460308_648751003_0,5836460308,648751003,0,0,10.3201068,123.9045026,200.54087313696516,data\road_images\5836460308_648751003_0\0_201.jpg
5836460308_648110963_0,5836460308,648110963,0,0,10.320283029615638,123.90421345928877,294.0586819057089,data\road_images\5836460308_648110963_0\0_294.jpg
5836460308_12116282675_0,5836460308,12116282675,0,0,10.319724125093657,123.90624755290402,116.43866239626561,data\road_images\5836460308_12116282675_0\0_116.jpg
5836534012_1099182024_0,5836534012,1099182024,0,0,10.31630345,123.89564949999999,251.45516254452338,data\road_images\5836534012_1099182024_0\0_251.jpg
5836534012_8375377345_0,5836534012,8375377345,0,0,10.316536249999999,123.89580219999999,341.76595975829247,data\road_images\5836534012_8375377345_0\0_342.jpg
5836534012_1099182030_0,5836534012,1099182030,0,0,10.315903694769792,123.89612888693068,155.2847368956311,data\road_images\5836534012_1099182030_0\0_155.jpg
5846370635_1138894801_0,5846370635,1138894801,0,0,10.322200393572452,123.88545449328656,78.72865739144765,data\road_images\5846370635_1138894801_0\0_79.jpg
5846385019_5846385022_0,5846385019,5846385022,0,0,10.3208141,123.88552565,348.7860223922557,data\road_images\5846385019_5846385022_0\0_349.jpg
5846385020_1138894749_0,5846385020,1138894749,0,0,10.3212098,123.8860233,169.44515036293114,data\road_images\5846385020_1138894749_0\0_169.jpg
5846385020_1138894801_0,5846385020,1138894801,0,0,10.321812908683672,123.885920073909,348.8882385608194,data\road_images\5846385020_1138894801_0\0_349.jpg
5846385020_5846385022_0,5846385020,5846385022,0,0,10.32130077794312,123.88551445461346,229.5305861792932,data\road_images\5846385020_5846385022_0\0_230.jpg
5846385022_1138894749_0,5846385022,1138894749,0,0,10.32100185,123.88577555,79.72207678588563,data\road_images\5846385022_1138894749_0\0_80.jpg
5846385022_5846385019_0,5846385022,5846385019,0,0,10.3208141,123.88552565,168.78601241304273,data\road_images\5846385022_5846385019_0\0_169.jpg
5846385022_5846385020_0,5846385022,5846385020,0,0,10.32130077794312,123.88551445461346,49.530497402746676,data\road_images\5846385022_5846385020_0\0_50.jpg
5846394095_5846394096_0,5846394095,5846394096,0,0,10.32399165,123.88322455,58.451080315815716,data\road_images\5846394095_5846394096_0\0_58.jpg
5846394096_5846394095_0,5846394096,5846394095,0,0,10.32399165,123.88322455,238.45115671472308,data\road_images\5846394096_5846394095_0\0_238.jpg
5846394096_1138894056_0,5846394096,1138894056,0,0,10.32416125,123.88341775,334.3373420942797,data\road_images\5846394096_1138894056_0\0_334.jpg
5846394096_1138894951_0,5846394096,1138894951,0,0,10.32394115,123.88352714999999,153.85150169138853,data\road_images\5846394096_1138894951_0\0_154.jpg
5846428564_1138894430_0,5846428564,1138894430,0,0,10.320336300000001,123.8841468,79.39127713353463,data\road_images\5846428564_1138894430_0\0_79.jpg
5846428564_5846428565_0,5846428564,5846428565,0,0,10.32060525,123.88381955,348.09957255617746,data\road_images\5846428564_5846428565_0\0_348.jpg
5846428564_8318126983_0,5846428564,8318126983,0,0,10.320218382711163,123.88353991609073,258.344946143484,data\road_images\5846428564_8318126983_0\0_258.jpg
5846428565_5846428564_0,5846428565,5846428564,0,0,10.32060525,123.88381955,168.09954824471617,data\road_images\5846428565_5846428564_0\0_168.jpg
5846440304_318314967_0,5846440304,318314967,0,0,10.3191343,123.8873076,345.45709923031745,data\road_images\5846440304_318314967_0\0_345.jpg
5846440304_1138894680_0,5846440304,1138894680,0,0,10.318823349999999,123.88738975,165.42621347264242,data\road_images\5846440304_1138894680_0\0_165.jpg
5846440304_2507910439_0,5846440304,2507910439,0,0,10.319117649999999,123.88733775,39.23923914656166,data\road_images\5846440304_2507910439_0\0_39.jpg
5846440306_1138894813_0,5846440306,1138894813,0,0,10.323298,123.88625185000001,262.00818254545607,data\road_images\5846440306_1138894813_0\0_262.jpg
5846440306_1138894819_0,5846440306,1138894819,0,0,10.323407361898639,123.88693352363849,80.59988956415503,data\road_images\5846440306_1138894819_0\0_81.jpg
5846440306_1138894806_0,5846440306,1138894806,0,0,10.322620182429098,123.88651521173254,194.49370743956885,data\road_images\5846440306_1138894806_0\0_194.jpg
5846464941_1138894046_0,5846464941,1138894046,0,0,10.325683176554202,123.88701852081726,285.0347982354407,data\road_images\5846464941_1138894046_0\0_285.jpg
5846464942_1138894834_0,5846464942,1138894834,0,0,10.324764746790787,123.88831572864257,179.94462084024167,data\road_images\5846464942_1138894834_0\0_180.jpg
5846464942_5846464946_0,5846464942,5846464946,0,0,10.325232414090896,123.88831460061188,0.607172133910467,data\road_images\5846464942_5846464946_0\0_1.jpg
5846464942_5871421547_0,5846464942,5871421547,0,0,10.325121724756379,123.88823051900808,271.3501312760707,data\road_images\5846464942_5871421547_0\0_271.jpg
5846464946_5846464942_0,5846464946,5846464942,0,0,10.325232414090896,123.88831460061188,180.60717256407932,data\road_images\5846464946_5846464942_0\0_181.jpg
5846464946_1104252880_0,5846464946,1104252880,0,0,10.32619045678634,123.88782798960789,7.934276648610023,data\road_images\5846464946_1104252880_0\0_8.jpg
5846464946_5846464948_0,5846464946,5846464948,0,0,10.325433251108764,123.88812369329061,290.2831095822627,data\road_images\5846464946_5846464948_0\0_290.jpg
5846464948_5871421494_0,5846464948,5871421494,0,0,10.32533293783575,123.8879274463361,177.75954606165794,data\road_images\5846464948_5871421494_0\0_178.jpg
5846464948_8410930315_0,5846464948,8410930315,0,0,10.325596900084502,123.88791805259983,358.1698276821755,data\road_images\5846464948_8410930315_0\0_358.jpg
5846464948_5846464946_0,5846464948,5846464946,0,0,10.325433251108764,123.88812369329061,110.28303869340505,data\road_images\5846464948_5846464946_0\0_110.jpg
5846492002_5846524424_0,5846492002,5846524424,0,0,10.32409035,123.8785561,254.41511668006535,data\road_images\5846492002_5846524424_0\0_254.jpg
5846492002_1138894105_0,5846492002,1138894105,0,0,10.3239459,123.87873295,163.09697706189695,data\road_images\5846492002_1138894105_0\0_163.jpg
5846492002_1138894130_0,5846492002,1138894130,0,0,10.3244473821675,123.87852241886692,322.09550712808834,data\road_images\5846492002_1138894130_0\0_322.jpg
5846494997_1138894099_0,5846494997,1138894099,0,0,10.324545,123.8807275,168.45224670045127,data\road_images\5846494997_1138894099_0\0_168.jpg
5846494997_1138894097_0,5846494997,1138894097,0,0,10.324775,123.8806759,347.04590560782003,data\road_images\5846494997_1138894097_0\0_347.jpg
5846494997_6357875063_0,5846494997,6357875063,0,0,10.32457975,123.88057165000001,250.39502930842852,data\road_images\5846494997_6357875063_0\0_250.jpg
5846495011_1118274677_0,5846495011,1118274677,0,0,10.325384149692471,123.879354935973,343.6756522322903,data\road_images\5846495011_1118274677_0\0_344.jpg
5846508298_5846508299_0,5846508298,5846508299,0,0,10.3252808,123.87904535,78.1499564117563,data\road_images\5846508298_5846508299_0\0_78.jpg
5846508298_5846508300_0,5846508298,5846508300,0,0,10.3251142,123.8789934,163.94522397021422,data\road_images\5846508298_5846508300_0\0_164.jpg
5846508298_5846508301_0,5846508298,5846508301,0,0,10.32542015,123.87889985,342.6264474595629,data\road_images\5846508298_5846508301_0\0_343.jpg
5846508299_5846508298_0,5846508299,5846508298,0,0,10.3252808,123.87904535,258.1499904489786,data\road_images\5846508299_5846508298_0\0_258.jpg
5846508300_5846508298_0,5846508300,5846508298,0,0,10.3251142,123.8789934,343.9452393842106,data\road_images\5846508300_5846508298_0\0_344.jpg
5846508301_5846508298_0,5846508301,5846508298,0,0,10.32542015,123.87889985,162.62642933860946,data\road_images\5846508301_5846508298_0\0_163.jpg
5846508301_1118274677_0,5846508301,1118274677,0,0,10.325622899999999,123.87905925,78.02744159876192,data\road_images\5846508301_1118274677_0\0_78.jpg
5846508301_1138894147_0,5846508301,1138894147,0,0,10.325519378631233,123.87863253312528,239.5893257191991,data\road_images\5846508301_1138894147_0\0_240.jpg
5846524424_5846492002_0,5846524424,5846492002,0,0,10.32409035,123.8785561,74.4150729873515,data\road_images\5846524424_5846492002_0\0_74.jpg
5846532860_1118274668_0,5846532860,1118274668,0,0,10.327804586341,123.87912633448295,111.26408597873461,data\road_images\5846532860_1118274668_0\0_111.jpg
5846532861_5846532863_0,5846532861,5846532863,0,0,10.3272887,123.87972205,359.7549251460187,data\road_images\5846532861_5846532863_0\0_360.jpg
5846532862_5846532863_0,5846532862,5846532863,0,0,10.3275001,123.87972675,182.17356465322246,data\road_images\5846532862_5846532863_0\0_182.jpg
5846532863_5846532861_0,5846532863,5846532861,0,0,10.3272887,123.87972205,179.75492502052657,data\road_images\5846532863_5846532861_0\0_180.jpg
5846532863_5846532862_0,5846532863,5846532862,0,0,10.3275001,123.87972675,2.1735628425435607,data\road_images\5846532863_5846532862_0\0_2.jpg
5846532863_1118274672_0,5846532863,1118274672,0,0,10.327369149999999,123.87952154999999,269.985486972051,data\road_images\5846532863_1118274672_0\0_270.jpg
5848266220_8396772031_0,5848266220,8396772031,0,0,10.320939094015701,123.87668074734245,279.2420374170201,data\road_images\5848266220_8396772031_0\0_279.jpg
5848266221_8396772028_0,5848266221,8396772028,0,0,10.320996761477527,123.87640893811077,91.88708364378004,data\road_images\5848266221_8396772028_0\0_92.jpg
5848266222_5848266224_0,5848266222,5848266224,0,0,10.32023955,123.8767092,8.627492188437714,data\road_images\5848266222_5848266224_0\0_9.jpg
5848266223_5848266224_0,5848266223,5848266224,0,0,10.3206083,123.87676755000001,189.28961925524584,data\road_images\5848266223_5848266224_0\0_189.jpg
5848266224_5848266222_0,5848266224,5848266222,0,0,10.32023955,123.8767092,188.62750576798575,data\road_images\5848266224_5848266222_0\0_189.jpg
5848266224_5848266223_0,5848266224,5848266223,0,0,10.3206083,123.87676755000001,9.289611927757448,data\road_images\5848266224_5848266223_0\0_9.jpg
5848266224_5848266227_0,5848266224,5848266227,0,0,10.3205222,123.87656435,281.5981187356499,data\road_images\5848266224_5848266227_0\0_282.jpg
5848266225_5848266227_0,5848266225,5848266227,0,0,10.32024315,123.8763431,6.836176859008674,data\road_images\5848266225_5848266227_0\0_7.jpg
5848266227_5848266224_0,5848266227,5848266224,0,0,10.3205222,123.87656435,101.59805325447553,data\road_images\5848266227_5848266224_0\0_102.jpg
5848266227_5848266225_0,5848266227,5848266225,0,0,10.32024315,123.8763431,186.83619065354787,data\road_images\5848266227_5848266225_0\0_187.jpg
5848266227_8396772029_0,5848266227,8396772029,0,0,10.320733024263586,123.87647084180647,21.80981160307067,data\road_images\5848266227_8396772029_0\0_22.jpg
5848266231_4183378131_0,5848266231,4183378131,0,0,10.32130615,123.87645915,260.7548696177698,data\road_images\5848266231_4183378131_0\0_261.jpg
5848266231_1138895586_0,5848266231,1138895586,0,0,10.32069753315758,123.87747001059468,147.07553481966147,data\road_images\5848266231_1138895586_0\0_147.jpg
5848266231_8396772030_0,5848266231,8396772030,0,0,10.321174988696807,123.87658798740418,183.17584882864512,data\road_images\5848266231_8396772030_0\0_183.jpg
5848313474_1138645192_0,5848313474,1138645192,0,0,10.327085449999998,123.87838325,3.8251141844233985,data\road_images\5848313474_1138645192_0\0_4.jpg
5848354356_1138894274_0,5848354356,1138894274,0,0,10.3200545,123.87934385,58.948892960742114,data\road_images\5848354356_1138894274_0\0_59.jpg
5848354356_5856989121_0,5848354356,5856989121,0,0,10.31973671104363,123.87880374389609,239.66832721299113,data\road_images\5848354356_5856989121_0\0_240.jpg
5848354356_4183378130_0,5848354356,4183378130,0,0,10.320028003719846,123.87917955182151,359.36950124449413,data\road_images\5848354356_4183378130_0\0_359.jpg
5848398436_1138894270_0,5848398436,1138894270,0,0,10.32107230060854,123.87942418956108,159.3270982922919,data\road_images\5848398436_1138894270_0\0_159.jpg
5848742700_1118274680_0,5848742700,1118274680,0,0,10.32590285,123.88039325,262.51153959454825,data\road_images\5848742700_1118274680_0\0_263.jpg
5848742700_5848742701_0,5848742700,5848742701,0,0,10.3261930525538,123.8803285562786,338.1948328544809,data\road_images\5848742700_5848742701_0\0_338.jpg
5848742700_1138645164_0,5848742700,1138645164,0,0,10.3259203769849,123.88072855104434,80.68150253695364,data\road_images\5848742700_1138645164_0\0_81.jpg
5848742701_5848742700_0,5848742701,5848742700,0,0,10.3261930525538,123.8803285562786,158.19479150100494,data\road_images\5848742701_5848742700_0\0_158.jpg
5848742701_6301937945_0,5848742701,6301937945,0,0,10.326735363699497,123.88013813782747,324.3901817697549,data\road_images\5848742701_6301937945_0\0_324.jpg
5848742701_8375249185_0,5848742701,8375249185,0,0,10.326474041249782,123.8800690159015,262.79388621436317,data\road_images\5848742701_8375249185_0\0_263.jpg
5848742758_1138894086_0,5848742758,1138894086,0,0,10.3253201166294,123.8812780159214,134.54124242460398,data\road_images\5848742758_1138894086_0\0_135.jpg
5856614938_1138895357_0,5856614938,1138895357,0,0,10.3152701,123.87718910000001,193.6529290618342,data\road_images\5856614938_1138895357_0\0_194.jpg
5856729740_5856866906_0,5856729740,5856866906,0,0,10.31443095,123.87759345,63.345034474103954,data\road_images\5856729740_5856866906_0\0_63.jpg
5856729741_5856866906_0,5856729741,5856866906,0,0,10.31453125,123.87780335,244.5352013185674,data\road_images\5856729741_5856866906_0\0_245.jpg
5856729742_1138895501_0,5856729742,1138895501,0,0,10.31429246836872,123.87815185097477,163.03489613182956,data\road_images\5856729742_1138895501_0\0_163.jpg
5856729745_5856729746_0,5856729745,5856729746,0,0,10.314514723246877,123.87864328852389,175.53194641202685,data\road_images\5856729745_5856729746_0\0_176.jpg
5856729746_1138895503_0,5856729746,1138895503,0,0,10.31409955,123.87871815,244.7522848023902,data\road_images\5856729746_1138895503_0\0_245.jpg
5856729746_5856849195_0,5856729746,5856849195,0,0,10.31430056267336,123.87901996082493,9.102978626368781,data\road_images\5856729746_5856849195_0\0_9.jpg
5856729746_5856729745_0,5856729746,5856729745,0,0,10.314514723246877,123.87864328852389,355.5319552033993,data\road_images\5856729746_5856729745_0\0_356.jpg
5856757347_1138895573_0,5856757347,1138895573,0,0,10.31684405,123.87809899999999,127.73450117909277,data\road_images\5856757347_1138895573_0\0_128.jpg
5856757349_5856757353_0,5856757349,5856757353,0,0,10.316751107131589,123.87767575046759,176.675551557963,data\road_images\5856757349_5856757353_0\0_177.jpg
5856757353_1138895573_0,5856757353,1138895573,0,0,10.316726599999999,123.8780242,55.39693678998714,data\road_images\5856757353_1138895573_0\0_55.jpg
5856757353_1138895291_0,5856757353,1138895291,0,0,10.316554568466302,123.87817760734389,76.88403551206534,data\road_images\5856757353_1138895291_0\0_77.jpg
5856757353_5856757349_0,5856757353,5856757349,0,0,10.316751107131589,123.87767575046759,356.67555383240693,data\road_images\5856757353_5856757349_0\0_357.jpg
5856773897_5856773899_0,5856773897,5856773899,0,0,10.319132450000001,123.8829026,167.26491428203212,data\road_images\5856773897_5856773899_0\0_167.jpg
5856773897_1138894435_0,5856773897,1138894435,0,0,10.31923485,123.88287629999999,343.6143024057586,data\road_images\5856773897_1138894435_0\0_344.jpg
5856773897_5856773898_0,5856773897,5856773898,0,0,10.31926965,123.8831279,72.36158214881249,data\road_images\5856773897_5856773898_0\0_72.jpg
5856773898_5856773897_0,5856773898,5856773897,0,0,10.31926965,123.8831279,252.36166798937228,data\road_images\5856773898_5856773897_0\0_252.jpg
5856773899_5856773897_0,5856773899,5856773897,0,0,10.319132450000001,123.8829026,347.26491940516104,data\road_images\5856773899_5856773897_0\0_347.jpg
5856773901_12293210075_0,5856773901,12293210075,0,0,10.318386678829075,123.88425606547631,90.37199503283244,data\road_images\5856773901_12293210075_0\0_90.jpg
5856785434_5856785435_0,5856785434,5856785435,0,0,10.318846812476718,123.87524265554825,3.7134429314166937,data\road_images\5856785434_5856785435_0\0_4.jpg
5856785435_6351417371_0,5856785435,6351417371,0,0,10.318843020738175,123.87570377264856,104.28313106325118,data\road_images\5856785435_6351417371_0\0_104.jpg
5856785435_5856785434_0,5856785435,5856785434,0,0,10.318846812476718,123.87524265554825,183.71344620942526,data\road_images\5856785435_5856785434_0\0_184.jpg
5856849195_5856729746_0,5856849195,5856729746,0,0,10.31430056267336,123.87901996082493,189.10299049729332,data\road_images\5856849195_5856729746_0\0_189.jpg
5856849197_1138895492_0,5856849197,1138895492,0,0,10.313899006629004,123.87895133875935,244.75957448914056,data\road_images\5856849197_1138895492_0\0_245.jpg
5856866906_5856729740_0,5856866906,5856729740,0,0,10.31443095,123.87759345,243.34506213695462,data\road_images\5856866906_5856729740_0\0_243.jpg
5856866906_5856729741_0,5856866906,5856729741,0,0,10.31453125,123.87780335,64.53515381617046,data\road_images\5856866906_5856729741_0\0_65.jpg
5856866906_1138895493_0,5856866906,1138895493,0,0,10.314071835596442,123.87790072540042,133.30742585669486,data\road_images\5856866906_1138895493_0\0_133.jpg
5856922952_1138893972_0,5856922952,1138893972,0,0,10.31489315,123.8816561,160.6544973875226,data\road_images\5856922952_1138893972_0\0_161.jpg
5856989120_5856989121_0,5856989120,5856989121,0,0,10.319251950000002,123.8785638,331.7075978500439,data\road_images\5856989120_5856989121_0\0_332.jpg
5856989121_5856989120_0,5856989121,5856989120,0,0,10.319251950000002,123.8785638,151.707545543204,data\road_images\5856989121_5856989120_0\0_152.jpg
5856989121_1138894278_0,5856989121,1138894278,0,0,10.319378856726868,123.87817397434105,235.77968213316933,data\road_images\5856989121_1138894278_0\0_236.jpg
5856989121_5848354356_0,5856989121,5848354356,0,0,10.31973671104363,123.87880374389609,59.668189596743446,data\road_images\5856989121_5848354356_0\0_60.jpg
5857023314_1138643840_0,5857023314,1138643840,0,0,10.317562259529547,123.87719413267176,53.228306258346095,data\road_images\5857023314_1138643840_0\0_53.jpg
5857127074_1138895065_0,5857127074,1138895065,0,0,10.315872196592354,123.88813113776175,288.657773958671,data\road_images\5857127074_1138895065_0\0_289.jpg
5867205203_5359783338_0,5867205203,5359783338,0,0,10.307640899999999,123.90427495,352.0497186940755,data\road_images\5867205203_5359783338_0\0_352.jpg
5867205203_5359783341_0,5867205203,5359783341,0,0,10.3074572,123.90438359999999,81.063932665344,data\road_images\5867205203_5359783341_0\0_81.jpg
5867205203_5359783337_0,5867205203,5359783337,0,0,10.306984631931469,123.90431885261928,177.97292550350687,data\road_images\5867205203_5359783337_0\0_178.jpg
5867337157_5867337160_0,5867337157,5867337160,0,0,10.313787359015954,123.89585937799174,72.11748259975559,data\road_images\5867337157_5867337160_0\0_72.jpg
5867337160_1099182030_0,5867337160,1099182030,0,0,10.314701526442523,123.89615288921122,0.5474139507113023,data\road_images\5867337160_1099182030_0\0_1.jpg
5867337160_321793530_0,5867337160,321793530,0,0,10.313466778427545,123.89644667698684,167.76454931027047,data\road_images\5867337160_321793530_0\0_168.jpg
5867337160_5867337157_0,5867337160,5867337157,0,0,10.313787359015954,123.89585937799174,252.11764480880942,data\road_images\5867337160_5867337157_0\0_252.jpg
5868576188_5788163943_0,5868576188,5788163943,0,0,10.313185821372327,123.8991253637195,178.05969017103712,data\road_images\5868576188_5788163943_0\0_178.jpg
5871135652_5871135663_0,5871135652,5871135663,0,0,10.327374505123048,123.89238849469352,165.12012207850216,data\road_images\5871135652_5871135663_0\0_165.jpg
5871135663_322100198_0,5871135663,322100198,0,0,10.32692945,123.8923249,255.48283306881217,data\road_images\5871135663_322100198_0\0_255.jpg
5871135663_1104252832_0,5871135663,1104252832,0,0,10.32705655,123.8928239,75.48562377505016,data\road_images\5871135663_1104252832_0\0_75.jpg
5871135663_5871135652_0,5871135663,5871135652,0,0,10.327374505123048,123.89238849469352,345.1201609626853,data\road_images\5871135663_5871135652_0\0_345.jpg
5871250839_5793555419_0,5871250839,5793555419,0,0,10.3214173,123.89587030000001,275.5155304363326,data\road_images\5871250839_5793555419_0\0_276.jpg
5871250839_5871250840_0,5871250839,5871250840,0,0,10.321699299999999,123.8958672,355.4232396302076,data\road_images\5871250839_5871250840_0\0_355.jpg
5871250839_1104252706_0,5871250839,1104252706,0,0,10.321420752748445,123.8961235362219,88.38959217024399,data\road_images\5871250839_1104252706_0\0_88.jpg
5871250840_5871250839_0,5871250840,5871250839,0,0,10.321699299999999,123.8958672,175.42323135233505,data\road_images\5871250840_5871250839_0\0_175.jpg
5871250840_1104252713_0,5871250840,1104252713,0,0,10.321963971269525,123.89562897521144,264.6266736462492,data\road_images\5871250840_1104252713_0\0_265.jpg
5871250840_1104252711_0,5871250840,1104252711,0,0,10.322023625313399,123.89623429215544,80.30531732303302,data\road_images\5871250840_1104252711_0\0_80.jpg
5871421494_5846464948_0,5871421494,5846464948,0,0,10.32533293783575,123.8879274463361,357.75954826628964,data\road_images\5871421494_5846464948_0\0_358.jpg
5871421512_1138894840_0,5871421512,1138894840,0,0,10.323120337269803,123.88925712422541,333.12547154537964,data\road_images\5871421512_1138894840_0\0_333.jpg
5871421519_1138894840_0,5871421519,1138894840,0,0,10.323621330991207,123.88884107993692,244.869965000903,data\road_images\5871421519_1138894840_0\0_245.jpg
5871421547_5846464942_0,5871421547,5846464942,0,0,10.325121724756379,123.88823051900808,91.35010112908265,data\road_images\5871421547_5846464942_0\0_91.jpg
5871801450_1104252728_0,5871801450,1104252728,0,0,10.319936250000001,123.89384115,330.49255669380625,data\road_images\5871801450_1104252728_0\0_330.jpg
5871801450_1099182256_0,5871801450,1099182256,0,0,10.319528318718845,123.8941746240152,86.20806961335882,data\road_images\5871801450_1099182256_0\0_86.jpg
5871801450_1099182250_0,5871801450,1099182250,0,0,10.319540262614206,123.89361185258174,275.78346456037826,data\road_images\5871801450_1099182250_0\0_276.jpg
5871801455_5871801460_0,5871801455,5871801460,0,0,10.31957515,123.89504765000001,245.8801249899102,data\road_images\5871801455_5871801460_0\0_246.jpg
5871801459_5871801460_0,5871801459,5871801460,0,0,10.31940275,123.89465630000001,65.8718591432243,data\road_images\5871801459_5871801460_0\0_66.jpg
5871801460_5871801455_0,5871801460,5871801455,0,0,10.31957515,123.89504765000001,65.8800095352708,data\road_images\5871801460_5871801455_0\0_66.jpg
5871801460_5871801459_0,5871801460,5871801459,0,0,10.31940275,123.89465630000001,245.87188389977433,data\road_images\5871801460_5871801459_0\0_246.jpg
5871801460_1099182256_0,5871801460,1099182256,0,0,10.31959598665276,123.89454844039435,282.90937487774397,data\road_images\5871801460_1099182256_0\0_283.jpg
5888127034_1105801827_0,5888127034,1105801827,0,0,10.31992530284757,123.90800344527628,312.0918147306424,data\road_images\5888127034_1105801827_0\0_312.jpg
5888127034_1105801807_0,5888127034,1105801807,0,0,10.319808507456239,123.90857126920616,55.872060355431415,data\road_images\5888127034_1105801807_0\0_56.jpg
5888127034_1105801832_0,5888127034,1105801832,0,0,10.319483855870574,123.9081150819706,230.55385288923407,data\road_images\5888127034_1105801832_0\0_231.jpg
5899626458_5899626467_0,5899626458,5899626467,0,0,10.296566660608429,123.87686540879415,27.758934531437433,data\road_images\5899626458_5899626467_0\0_28.jpg
5899626467_5899633528_0,5899626467,5899633528,0,0,10.297163950000002,123.8769423,72.20948834474189,data\road_images\5899626467_5899633528_0\0_72.jpg
5899626467_1141745459_0,5899626467,1141745459,0,0,10.297041514328042,123.87654924031638,250.84541885357723,data\road_images\5899626467_1141745459_0\0_251.jpg
5899626467_5899626458_0,5899626467,5899626458,0,0,10.296566660608429,123.87686540879415,207.7590011681695,data\road_images\5899626467_5899626458_0\0_208.jpg
5899633508_5899633542_0,5899633508,5899633542,0,0,10.29742995,123.87800475,265.9734493012226,data\road_images\5899633508_5899633542_0\0_266.jpg
5899633508_1141745412_0,5899633508,1141745412,0,0,10.297440602390346,123.87818805212127,86.21343649233927,data\road_images\5899633508_1141745412_0\0_86.jpg
5899633508_1140342655_0,5899633508,1140342655,0,0,10.298446511471143,123.87766227865764,324.82034424588505,data\road_images\5899633508_1140342655_0\0_325.jpg
5899633524_5899633528_0,5899633524,5899633528,0,0,10.296478840410495,123.87696892886088,19.550584940874103,data\road_images\5899633524_5899633528_0\0_20.jpg
5899633528_5899626467_0,5899633528,5899626467,0,0,10.297163950000002,123.8769423,252.20955022903314,data\road_images\5899633528_5899626467_0\0_252.jpg
5899633528_1140342596_0,5899633528,1140342596,0,0,10.297291822564041,123.87735057637008,72.99887313810382,data\road_images\5899633528_1140342596_0\0_73.jpg
5899633528_5899633524_0,5899633528,5899633524,0,0,10.296478840410495,123.87696892886088,199.55067581347777,data\road_images\5899633528_5899633524_0\0_200.jpg
5899633537_8344460807_0,5899633537,8344460807,0,0,10.294307211005322,123.87879868397954,163.38429100114,data\road_images\5899633537_8344460807_0\0_163.jpg
5899633539_5899633542_0,5899633539,5899633542,0,0,10.296873996357828,123.87799896910387,357.5209363724273,data\road_images\5899633539_5899633542_0\0_358.jpg
5899633542_5899633508_0,5899633542,5899633508,0,0,10.29742995,123.87800475,85.9734345897449,data\road_images\5899633542_5899633508_0\0_86.jpg
5899633542_1140342596_0,5899633542,1140342596,0,0,10.297407040975354,123.87777287658365,259.8078120451182,data\road_images\5899633542_1140342596_0\0_260.jpg
5899633542_5899633539_0,5899633542,5899633539,0,0,10.296873996357828,123.87799896910387,177.52092764950203,data\road_images\5899633542_5899633539_0\0_178.jpg
5899633543_5899633547_0,5899633543,5899633547,0,0,10.294689655496128,123.87919376117306,216.12041899916255,data\road_images\5899633543_5899633547_0\0_216.jpg
5899633547_5799742025_0,5899633547,5799742025,0,0,10.29431585,123.87943655000001,75.12683923312642,data\road_images\5899633547_5799742025_0\0_75.jpg
5899633547_5899633543_0,5899633547,5899633543,0,0,10.294689655496128,123.87919376117306,36.12035075043332,data\road_images\5899633547_5899633543_0\0_36.jpg
5899633547_1141745774_0,5899633547,1141745774,0,0,10.293555469848785,123.87945244750361,165.63910258756448,data\road_images\5899633547_1141745774_0\0_166.jpg
5901089931_1141745465_0,5901089931,1141745465,0,0,10.29560045,123.87568385,310.67124953667854,data\road_images\5901089931_1141745465_0\0_311.jpg
5901141182_5963433435_0,5901141182,5963433435,0,0,10.3013406,123.87620405000001,266.99795899053584,data\road_images\5901141182_5963433435_0\0_267.jpg
5901141183_5901142085_0,5901141183,5901142085,0,0,10.30177135,123.8764381,348.0451828341072,data\road_images\5901141183_5901142085_0\0_348.jpg
5901141183_5901141184_0,5901141183,5901141184,0,0,10.3016384,123.87659805000001,77.71461275030049,data\road_images\5901141183_5901141184_0\0_78.jpg
5901141183_5963433437_0,5901141183,5963433437,0,0,10.301150660447552,123.87650679167015,172.05699236794044,data\road_images\5901141183_5963433437_0\0_172.jpg
5901141184_5901141183_0,5901141184,5901141183,0,0,10.3016384,123.87659805000001,257.7146576544457,data\road_images\5901141184_5901141183_0\0_258.jpg
5901142085_5963433431_0,5901142085,5963433431,0,0,10.3020672,123.87638005,350.2910716716305,data\road_images\5901142085_5963433431_0\0_350.jpg
5901142085_5901141183_0,5901142085,5901141183,0,0,10.30177135,123.8764381,168.0451705303933,data\road_images\5901142085_5901141183_0\0_168.jpg
5901142085_5901142086_0,5901142085,5901142086,0,0,10.3019523,123.87651199999999,78.79908957675667,data\road_images\5901142085_5901142086_0\0_79.jpg
5901142086_5901142085_0,5901142086,5901142085,0,0,10.3019523,123.87651199999999,258.7991283126832,data\road_images\5901142086_5901142085_0\0_259.jpg
5901142095_1140342081_0,5901142095,1140342081,0,0,10.3024033,123.87625425,77.93568731337962,data\road_images\5901142095_1140342081_0\0_78.jpg
5901175482_1138896110_0,5901175482,1138896110,0,0,10.312974650000001,123.8761291,56.49079975779824,data\road_images\5901175482_1138896110_0\0_56.jpg
5901175483_5901176985_0,5901175483,5901176985,0,0,10.312874331349601,123.87670348751556,285.27670839833905,data\road_images\5901175483_5901176985_0\0_285.jpg
5901176985_5901176988_0,5901176985,5901176988,0,0,10.31312065,123.87672355000001,55.431101489789626,data\road_images\5901176985_5901176988_0\0_55.jpg
5901176985_5901176987_0,5901176985,5901176987,0,0,10.31298795,123.87652775000001,235.45282802641728,data\road_images\5901176985_5901176987_0\0_235.jpg
5901176985_5901175483_0,5901176985,5901175483,0,0,10.312874331349601,123.87670348751556,105.27666129695399,data\road_images\5901176985_5901175483_0\0_105.jpg
5901176986_5901176987_0,5901176986,5901176987,0,0,10.31279095,123.8765627,326.5318532319231,data\road_images\5901176986_5901176987_0\0_327.jpg
5901176987_5901176986_0,5901176987,5901176986,0,0,10.31279095,123.8765627,146.5318167472791,data\road_images\5901176987_5901176986_0\0_147.jpg
5901176987_5901176985_0,5901176987,5901176985,0,0,10.31298795,123.87652775000001,55.45280405504519,data\road_images\5901176987_5901176985_0\0_55.jpg
5901176987_5901176989_0,5901176987,5901176989,0,0,10.312870799999999,123.87635485,235.44071848603295,data\road_images\5901176987_5901176989_0\0_235.jpg
5901176988_5901176985_0,5901176988,5901176985,0,0,10.31312065,123.87672355000001,235.43114762525752,data\road_images\5901176988_5901176985_0\0_235.jpg
5901176989_5901176987_0,5901176989,5901176987,0,0,10.312870799999999,123.87635485,55.44068055117077,data\road_images\5901176989_5901176987_0\0_55.jpg
5901176989_1138896110_0,5901176989,1138896110,0,0,10.312897150000001,123.87620485,336.1760399896891,data\road_images\5901176989_1138896110_0\0_336.jpg
5901176989_5901176990_0,5901176989,5901176990,0,0,10.31265055,123.8763381,149.40972542856468,data\road_images\5901176989_5901176990_0\0_149.jpg
5901176990_5901176989_0,5901176990,5901176989,0,0,10.31265055,123.8763381,329.4097573656731,data\road_images\5901176990_5901176989_0\0_329.jpg
5901177188_1140342689_0,5901177188,1140342689,0,0,10.299506699999998,123.87684275,281.9190634497942,data\road_images\5901177188_1140342689_0\0_282.jpg
5905339929_937431075_0,5905339929,937431075,0,0,10.325736666811029,123.90749228330841,44.729862573588775,data\road_images\5905339929_937431075_0\0_45.jpg
5905339929_6351608173_0,5905339929,6351608173,0,0,10.325678968106653,123.9075353197587,89.00857435902515,data\road_images\5905339929_6351608173_0\0_89.jpg
5905339929_456833143_0,5905339929,456833143,0,0,10.324877108761259,123.90683826452181,216.75270590146005,data\road_images\5905339929_456833143_0\0_217.jpg
5905339932_456833162_0,5905339932,456833162,0,0,10.325782283470202,123.90767352382247,328.13527515000465,data\road_images\5905339932_456833162_0\0_328.jpg
5905339932_456833165_0,5905339932,456833165,0,0,10.325907853575895,123.90778397748127,19.667248132856912,data\road_images\5905339932_456833165_0\0_20.jpg
5905339932_1105801779_0,5905339932,1105801779,0,0,10.324677037717713,123.90836278989734,148.74616347323706,data\road_images\5905339932_1105801779_0\0_149.jpg
5911832954_5911832956_0,5911832954,5911832956,0,0,10.311563300815825,123.8841481587927,275.49148665339084,data\road_images\5911832954_5911832956_0\0_275.jpg
5911832956_5911832958_0,5911832956,5911832958,0,0,10.311803399999999,123.8839537,8.17558144185358,data\road_images\5911832956_5911832958_0\0_8.jpg
5911832956_1138897295_0,5911832956,1138897295,0,0,10.311382618512608,123.88388218566666,187.40417968008734,data\road_images\5911832956_1138897295_0\0_187.jpg
5911832956_5911832954_0,5911832956,5911832954,0,0,10.311563300815825,123.8841481587927,95.49140565548038,data\road_images\5911832956_5911832954_0\0_95.jpg
5911832957_5911832958_0,5911832957,5911832958,0,0,10.311997049999999,123.88413505,278.7779707986856,data\road_images\5911832957_5911832958_0\0_279.jpg
5911832958_5911832956_0,5911832958,5911832956,0,0,10.311803399999999,123.8839537,188.17559275495566,data\road_images\5911832958_5911832956_0\0_188.jpg
5911832958_5911832957_0,5911832958,5911832957,0,0,10.311997049999999,123.88413505,98.77791718541516,data\road_images\5911832958_5911832957_0\0_99.jpg
5911832958_5911990590_0,5911832958,5911990590,0,0,10.312357599538508,123.88411846177023,59.97552220086379,data\road_images\5911832958_5911990590_0\0_60.jpg
5911832964_5793422998_0,5911832964,5793422998,0,0,10.313370352275607,123.88412926481762,202.48463761975108,data\road_images\5911832964_5793422998_0\0_202.jpg
5911843040_1138897125_0,5911843040,1138897125,0,0,10.3102184,123.87851665,79.40161073141849,data\road_images\5911843040_1138897125_0\0_79.jpg
5911843040_1138897121_0,5911843040,1138897121,0,0,10.3101366,123.87810644999999,257.79187634286507,data\road_images\5911843040_1138897121_0\0_258.jpg
5911843040_10878391342_0,5911843040,10878391342,0,0,10.309676408833381,123.8783167325994,172.9695338505711,data\road_images\5911843040_10878391342_0\0_173.jpg
5911843056_1138897305_0,5911843056,1138897305,0,0,10.311249553315918,123.88479611247553,183.28112699607672,data\road_images\5911843056_1138897305_0\0_183.jpg
5911868191_1138895209_0,5911868191,1138895209,0,0,10.3134585,123.88252575,7.0640324214858765,data\road_images\5911868191_1138895209_0\0_7.jpg
5911868191_5911868192_0,5911868191,5911868192,0,0,10.31346005,123.882747,79.59864034348561,data\road_images\5911868191_5911868192_0\0_80.jpg
5911868191_5911868194_0,5911868191,5911868194,0,0,10.313141628718444,123.88258087917113,169.43149251567309,data\road_images\5911868191_5911868194_0\0_169.jpg
5911868192_5911868191_0,5911868192,5911868191,0,0,10.31346005,123.882747,259.598721338289,data\road_images\5911868192_5911868191_0\0_260.jpg
5911868192_5911868193_0,5911868192,5911868193,0,0,10.3134435,123.8829752,178.03665505233175,data\road_images\5911868192_5911868193_0\0_178.jpg
5911868192_8374921399_0,5911868192,8374921399,0,0,10.31347095887491,123.88304380841147,115.0977823855248,data\road_images\5911868192_8374921399_0\0_115.jpg
5911868193_5911868192_0,5911868193,5911868192,0,0,10.3134435,123.8829752,358.0366557684931,data\road_images\5911868193_5911868192_0\0_358.jpg
5911868194_8318786064_0,5911868194,8318786064,0,0,10.312774099999999,123.88263795,172.70254189221112,data\road_images\5911868194_8318786064_0\0_173.jpg
5911868194_5911868198_0,5911868194,5911868198,0,0,10.312867749999999,123.8826708,81.56317569142743,data\road_images\5911868194_5911868198_0\0_82.jpg
5911868194_5911868191_0,5911868194,5911868191,0,0,10.313141628718444,123.88258087917113,349.431511456812,data\road_images\5911868194_5911868191_0\0_349.jpg
5911868195_5911868196_0,5911868195,5911868196,0,0,10.3128433,123.88334660000001,358.11943111199224,data\road_images\5911868195_5911868196_0\0_358.jpg
5911868196_5911868198_0,5911868196,5911868198,0,0,10.3129007,123.8830294,265.1033930096654,data\road_images\5911868196_5911868198_0\0_265.jpg
5911868196_5911868197_0,5911868196,5911868197,0,0,10.312932,123.8834009,85.11630423490146,data\road_images\5911868196_5911868197_0\0_85.jpg
5911868196_5911868195_0,5911868196,5911868195,0,0,10.3128433,123.88334660000001,178.11943010947584,data\road_images\5911868196_5911868195_0\0_178.jpg
5911868197_5911868196_0,5911868197,5911868196,0,0,10.312932,123.8834009,265.11632467936556,data\road_images\5911868197_5911868196_0\0_265.jpg
5911868198_5911868194_0,5911868198,5911868194,0,0,10.312867749999999,123.8826708,261.5631915172394,data\road_images\5911868198_5911868194_0\0_262.jpg
5911868198_5911868196_0,5911868198,5911868196,0,0,10.3129007,123.8830294,85.10328043940746,data\road_images\5911868198_5911868196_0\0_85.jpg
5911868198_5911868200_0,5911868198,5911868200,0,0,10.313176270795015,123.88292541140329,64.10393566127925,data\road_images\5911868198_5911868200_0\0_64.jpg
5911868200_5911868198_0,5911868200,5911868198,0,0,10.313176270795015,123.88292541140329,244.10406819446462,data\road_images\5911868200_5911868198_0\0_244.jpg
5911884048_5911884049_0,5911884048,5911884049,0,0,10.321938035077688,123.88385255775437,84.05961136291455,data\road_images\5911884048_5911884049_0\0_84.jpg
5911884049_1138894418_0,5911884049,1138894418,0,0,10.321791300000001,123.88410264999999,168.4403040593004,data\road_images\5911884049_1138894418_0\0_168.jpg
5911884049_5911884048_0,5911884049,5911884048,0,0,10.321938035077688,123.88385255775437,264.059686277634,data\road_images\5911884049_5911884048_0\0_264.jpg
5911884049_318314965_0,5911884049,318314965,0,0,10.322445047033852,123.88396673569129,348.4421779556731,data\road_images\5911884049_318314965_0\0_348.jpg
5911884070_8374921586_0,5911884070,8374921586,0,0,10.3132998,123.88320425,16.293708407020745,data\road_images\5911884070_8374921586_0\0_16.jpg
5911894527_1138894252_0,5911894527,1138894252,0,0,10.320398717043195,123.88087939112941,341.535633807685,data\road_images\5911894527_1138894252_0\0_342.jpg
5911894530_1138894249_0,5911894530,1138894249,0,0,10.321009741835864,123.88164023540716,323.39638708808843,data\road_images\5911894530_1138894249_0\0_323.jpg
5911930266_1138894249_0,5911930266,1138894249,0,0,10.321978145090904,123.88122891586941,159.23268740421486,data\road_images\5911930266_1138894249_0\0_159.jpg
5911931021_1138894400_0,5911931021,1138894400,0,0,10.321999865210568,123.88032306891903,95.55983221431308,data\road_images\5911931021_1138894400_0\0_96.jpg
5911986559_1138898007_0,5911986559,1138898007,0,0,10.31122175,123.88788915,342.43292009257794,data\road_images\5911986559_1138898007_0\0_342.jpg
5911986559_1138897996_0,5911986559,1138897996,0,0,10.3107246,123.88806625,159.5654981944117,data\road_images\5911986559_1138897996_0\0_160.jpg
5911986559_8318139091_0,5911986559,8318139091,0,0,10.311023631195102,123.88851018439398,137.37871634444753,data\road_images\5911986559_8318139091_0\0_137.jpg
5911986561_5911986562_0,5911986561,5911986562,0,0,10.315132049999999,123.88835524999999,73.34812143058235,data\road_images\5911986561_5911986562_0\0_73.jpg
5911986561_1138895004_0,5911986561,1138895004,0,0,10.315260426718455,123.88795701319495,341.1645011533953,data\road_images\5911986561_1138895004_0\0_341.jpg
5911986561_1138895013_0,5911986561,1138895013,0,0,10.31495615,123.8880512,167.96941366696115,data\road_images\5911986561_1138895013_0\0_168.jpg
5911986562_5911986561_0,5911986562,5911986561,0,0,10.315132049999999,123.88835524999999,253.34823662126712,data\road_images\5911986562_5911986561_0\0_253.jpg
5911986563_1138895102_0,5911986563,1138895102,0,0,10.31511875,123.88662445,163.04141305004373,data\road_images\5911986563_1138895102_0\0_163.jpg
5911986563_5911986564_0,5911986563,5911986564,0,0,10.3151562,123.88649655,252.7791603840228,data\road_images\5911986563_5911986564_0\0_253.jpg
5911986563_1138893962_0,5911986563,1138893962,0,0,10.315663928786321,123.88650429990561,351.4864323298802,data\road_images\5911986563_1138893962_0\0_351.jpg
5911986564_5911986563_0,5911986564,5911986563,0,0,10.3151562,123.88649655,72.77912233295689,data\road_images\5911986564_5911986563_0\0_73.jpg
5911990590_5911832958_0,5911990590,5911832958,0,0,10.312357599538508,123.88411846177023,239.9756264751171,data\road_images\5911990590_5911832958_0\0_240.jpg
5912016809_1138899886_0,5912016809,1138899886,0,0,10.304651839145285,123.88613731075107,68.96068083607543,data\road_images\5912016809_1138899886_0\0_69.jpg
5912016814_5912016815_0,5912016814,5912016815,0,0,10.3061991,123.8855805,245.21345337922295,data\road_images\5912016814_5912016815_0\0_245.jpg
5912016815_5912016814_0,5912016815,5912016814,0,0,10.3061991,123.8855805,65.21342321543659,data\road_images\5912016815_5912016814_0\0_65.jpg
5912016815_5912016816_0,5912016815,5912016816,0,0,10.30612025,123.8853505,254.2051159054094,data\road_images\5912016815_5912016816_0\0_254.jpg
5912016815_5912016819_0,5912016815,5912016819,0,0,10.305853754607794,123.8855833611623,160.80815456701782,data\road_images\5912016815_5912016819_0\0_161.jpg
5912016816_5912016815_0,5912016816,5912016815,0,0,10.30612025,123.8853505,74.20506377187343,data\road_images\5912016816_5912016815_0\0_74.jpg
5912016817_5912016819_0,5912016817,5912016819,0,0,10.3053453,123.885752,348.7522403922462,data\road_images\5912016817_5912016819_0\0_349.jpg
5912016819_5912016817_0,5912016819,5912016817,0,0,10.3053453,123.885752,168.75222479265904,data\road_images\5912016819_5912016817_0\0_169.jpg
5912016819_1138899854_0,5912016819,1138899854,0,0,10.305620246067145,123.8861795124083,86.30057822093192,data\road_images\5912016819_1138899854_0\0_86.jpg
5912016819_5912016815_0,5912016819,5912016815,0,0,10.305853754607794,123.8855833611623,340.8081925302094,data\road_images\5912016819_5912016815_0\0_341.jpg
5912016825_1138899801_0,5912016825,1138899801,0,0,10.307150353659084,123.88569955498869,179.64611462008156,data\road_images\5912016825_1138899801_0\0_180.jpg
5912016839_5912016840_0,5912016839,5912016840,0,0,10.30861409135638,123.88555933089111,154.62109448897854,data\road_images\5912016839_5912016840_0\0_155.jpg
5912016840_8318745446_0,5912016840,8318745446,0,0,10.308259076629993,123.88529230370229,251.22204904582668,data\road_images\5912016840_8318745446_0\0_251.jpg
5912016840_324580287_0,5912016840,324580287,0,0,10.308488024723395,123.88614380440184,77.64588733912456,data\road_images\5912016840_324580287_0\0_78.jpg
5912016840_5912016839_0,5912016840,5912016839,0,0,10.30861409135638,123.88555933089111,334.6211336790552,data\road_images\5912016840_5912016839_0\0_335.jpg
5912050923_5912050924_0,5912050923,5912050924,0,0,10.30198545,123.8833415,351.56949043852666,data\road_images\5912050923_5912050924_0\0_352.jpg
5912050924_1138899911_0,5912050924,1138899911,0,0,10.30211825,123.8832806,264.3109186903181,data\road_images\5912050924_1138899911_0\0_264.jpg
5912050924_5912050923_0,5912050924,5912050923,0,0,10.30198545,123.8833415,171.56948307046605,data\road_images\5912050924_5912050923_0\0_172.jpg
5912050924_1138899909_0,5912050924,1138899909,0,0,10.30217642905742,123.8838850956081,80.82280260751139,data\road_images\5912050924_1138899909_0\0_81.jpg
5912050930_1138899903_0,5912050930,1138899903,0,0,10.30282110787807,123.88512287290288,256.6341151076397,data\road_images\5912050930_1138899903_0\0_257.jpg
5912106700_1140341937_0,5912106700,1140341937,0,0,10.2995179,123.8848505,172.93340724758957,data\road_images\5912106700_1140341937_0\0_173.jpg
5912106700_1140341938_0,5912106700,1140341938,0,0,10.3000232,123.88477925,351.95605088750784,data\road_images\5912106700_1140341938_0\0_352.jpg
5912106700_5912106701_0,5912106700,5912106701,0,0,10.29961595,123.8851758,86.06645551378108,data\road_images\5912106700_5912106701_0\0_86.jpg
5912106701_5912106700_0,5912106701,5912106700,0,0,10.29961595,123.8851758,266.06657523537456,data\road_images\5912106701_5912106700_0\0_266.jpg
5912126575_8337350778_0,5912126575,8337350778,0,0,10.29945958064833,123.88674898948244,75.63346479669627,data\road_images\5912126575_8337350778_0\0_76.jpg
5912184340_5912184341_0,5912184340,5912184341,0,0,10.303167635544368,123.88415209065755,67.71323037086796,data\road_images\5912184340_5912184341_0\0_68.jpg
5912184341_1140343073_0,5912184341,1140343073,0,0,10.3033671,123.88426774999999,353.98238532990916,data\road_images\5912184341_1140343073_0\0_354.jpg
5912184341_1138899906_0,5912184341,1138899906,0,0,10.30291013301721,123.88433009023262,170.5841599241984,data\road_images\5912184341_1138899906_0\0_171.jpg
5912184341_5912184340_0,5912184341,5912184340,0,0,10.303167635544368,123.88415209065755,247.7132765874386,data\road_images\5912184341_5912184340_0\0_248.jpg
5912184342_1140343073_0,5912184342,1140343073,0,0,10.30364655,123.8842343,172.41031044570082,data\road_images\5912184342_1140343073_0\0_172.jpg
5912184342_8314403233_0,5912184342,8314403233,0,0,10.30442080806735,123.88405656329655,13.678561057173454,data\road_images\5912184342_8314403233_0\0_14.jpg
5912184342_5912184344_0,5912184342,5912184344,0,0,10.303919811061212,123.884628245118,68.86468700288799,data\road_images\5912184342_5912184344_0\0_69.jpg
5912184344_5912184342_0,5912184344,5912184342,0,0,10.303919811061212,123.884628245118,248.864833121498,data\road_images\5912184344_5912184342_0\0_249.jpg
5912184381_1140341958_0,5912184381,1140341958,0,0,10.300910181817148,123.8837140417952,172.1975713824428,data\road_images\5912184381_1140341958_0\0_172.jpg
5912184509_5912184510_0,5912184509,5912184510,0,0,10.301714087908708,123.88620175304708,83.01232927697288,data\road_images\5912184509_5912184510_0\0_83.jpg
5912184510_8318824015_0,5912184510,8318824015,0,0,10.301943251287359,123.88669851673389,2.140433567911032,data\road_images\5912184510_8318824015_0\0_2.jpg
5912184510_1140341942_0,5912184510,1140341942,0,0,10.301584651056508,123.8866849717141,182.11498025398797,data\road_images\5912184510_1140341942_0\0_182.jpg
5912184510_5912184509_0,5912184510,5912184509,0,0,10.301714087908708,123.88620175304708,263.0125005615738,data\road_images\5912184510_5912184509_0\0_263.jpg
5913050500_1099182378_0,5913050500,1099182378,0,0,10.318827984184882,123.89035167430303,221.56881929898233,data\road_images\5913050500_1099182378_0\0_222.jpg
5938046297_5938046303_0,5938046297,5938046303,0,0,10.305923228418111,123.90345340998721,326.94669005438607,data\road_images\5938046297_5938046303_0\0_327.jpg
5938046298_5938046299_0,5938046298,5938046299,0,0,10.306399200000001,123.90345545,248.78584682367023,data\road_images\5938046298_5938046299_0\0_249.jpg
5938046299_1093752788_0,5938046299,1093752788,0,0,10.30626685,123.90332805,162.45942200382,data\road_images\5938046299_1093752788_0\0_162.jpg
5938046299_1093750560_0,5938046299,1093750560,0,0,10.3064871,123.90324065,336.80694807432104,data\road_images\5938046299_1093750560_0\0_337.jpg
5938046299_5938046298_0,5938046299,5938046298,0,0,10.306399200000001,123.90345545,68.78579266691554,data\road_images\5938046299_5938046298_0\0_69.jpg
5938046300_5938046303_0,5938046300,5938046303,0,0,10.30618,123.9034399,251.28365273004454,data\road_images\5938046300_5938046303_0\0_251.jpg
5938046300_5938046307_0,5938046300,5938046307,0,0,10.306017131353574,123.90371116164533,118.69840081256967,data\road_images\5938046300_5938046307_0\0_119.jpg
5938046300_5938046301_0,5938046300,5938046301,0,0,10.306255861125257,123.90377625711633,79.74020208695714,data\road_images\5938046300_5938046301_0\0_80.jpg
5938046301_5938046307_0,5938046301,5938046307,0,0,10.306117449999999,123.9040256,184.8482670637562,data\road_images\5938046301_5938046307_0\0_185.jpg
5938046301_648756016_0,5938046301,648756016,0,0,10.30641135,123.90405435,6.5344470463996345,data\road_images\5938046301_648756016_0\0_7.jpg
5938046301_5938046300_0,5938046301,5938046300,0,0,10.306255861125257,123.90377625711633,259.7402966226549,data\road_images\5938046301_5938046300_0\0_260.jpg
5938046303_1093752788_0,5938046303,1093752788,0,0,10.306173999999999,123.9033595,338.0395423988058,data\road_images\5938046303_1093752788_0\0_338.jpg
5938046303_5938046300_0,5938046303,5938046300,0,0,10.30618,123.9034399,71.28362664540089,data\road_images\5938046303_5938046300_0\0_71.jpg
5938046303_5938046297_0,5938046303,5938046297,0,0,10.305923228418111,123.90345340998721,146.94664584688712,data\road_images\5938046303_5938046297_0\0_147.jpg
5938046304_5359783342_0,5938046304,5359783342,0,0,10.306459,123.90447234999999,119.6310305156511,data\road_images\5938046304_5359783342_0\0_120.jpg
5938046304_5359783337_0,5938046304,5359783337,0,0,10.3065182,123.90435695,287.1724187999555,data\road_images\5938046304_5359783337_0\0_287.jpg
5938046304_7737761252_0,5938046304,7737761252,0,0,10.3062937,123.90429215,201.17019348899407,data\road_images\5938046304_7737761252_0\0_201.jpg
5938046306_5359783337_0,5938046306,5359783337,0,0,10.3065257,123.90428650000001,91.29651011159706,data\road_images\5938046306_5359783337_0\0_91.jpg
5938046306_648756016_0,5938046306,648756016,0,0,10.30652555,123.90415229999999,269.1416562283915,data\road_images\5938046306_648756016_0\0_269.jpg
5938046306_7737761252_0,5938046306,7737761252,0,0,10.3063012,123.9042217,183.84227583317974,data\road_images\5938046306_7737761252_0\0_184.jpg
5938046307_8375055959_0,5938046307,8375055959,0,0,10.3059045,123.90409729999999,110.43350747870545,data\road_images\5938046307_8375055959_0\0_110.jpg
5938046307_5938046301_0,5938046307,5938046301,0,0,10.306117449999999,123.9040256,4.848261481860618,data\road_images\5938046307_5938046301_0\0_5.jpg
5938046307_5938046300_0,5938046307,5938046300,0,0,10.306017131353574,123.90371116164533,298.6984897647338,data\road_images\5938046307_5938046300_0\0_299.jpg
5938046309_5938046312_0,5938046309,5938046312,0,0,10.305821550000001,123.9043916,287.61732235985096,data\road_images\5938046309_5938046312_0\0_288.jpg
5938046309_2559428252_0,5938046309,2559428252,0,0,10.3057467,123.9045783,115.91014677126725,data\road_images\5938046309_2559428252_0\0_116.jpg
5938046309_5359783333_0,5938046309,5359783333,0,0,10.306043051488603,123.90458455288194,23.476908424981843,data\road_images\5938046309_5359783333_0\0_23.jpg
5938046312_8375055959_0,5938046312,8375055959,0,0,10.305860599999999,123.90424465,281.38802687107443,data\road_images\5938046312_8375055959_0\0_281.jpg
5938046312_5359783342_0,5938046312,5359783342,0,0,10.30612745,123.9044357,24.81451658581159,data\road_images\5938046312_5359783342_0\0_25.jpg
5938046312_5938046309_0,5938046312,5938046309,0,0,10.305821550000001,123.9043916,107.6172912666691,data\road_images\5938046312_5938046309_0\0_108.jpg
5938046392_5938046393_0,5938046392,5938046393,0,0,10.3075937,123.90540845,260.18013965917805,data\road_images\5938046392_5938046393_0\0_260.jpg
5938046392_5938046393_1,5938046392,5938046393,1,0,10.307444823818251,123.90544894901622,260.18013965917805,data\road_images\5938046392_5938046393_1\0_260.jpg
5938046392_5938046395_0,5938046392,5938046395,0,0,10.3076697,123.90552794999999,348.1522720852084,data\road_images\5938046392_5938046395_0\0_348.jpg
5938046393_5938046394_0,5938046393,5938046394,0,0,10.30762535,123.90526195,344.1678241180939,data\road_images\5938046393_5938046394_0\0_344.jpg
5938046393_5938046392_0,5938046393,5938046392,0,0,10.3075937,123.90540845,80.18009279683952,data\road_images\5938046393_5938046392_0\0_80.jpg
5938046393_5938046392_1,5938046393,5938046392,1,0,10.307444823818251,123.90544894901622,80.18009279683952,data\road_images\5938046393_5938046392_1\0_80.jpg
5938046394_5787277131_0,5938046394,5787277131,0,0,10.3076866,123.9052441,342.7774206746996,data\road_images\5938046394_5787277131_0\0_343.jpg
5938046394_5938046393_0,5938046394,5938046393,0,0,10.30762535,123.90526195,164.16781855343777,data\road_images\5938046394_5938046393_0\0_164.jpg
5938046394_5938046395_0,5938046394,5938046395,0,0,10.30770135,123.90538145,80.57754643118034,data\road_images\5938046394_5938046395_0\0_81.jpg
5938046395_5938046394_0,5938046395,5938046394,0,0,10.30770135,123.90538145,260.5775947616131,data\road_images\5938046395_5938046394_0\0_261.jpg
5938046395_5938046392_0,5938046395,5938046392,0,0,10.3076697,123.90552794999999,168.15226798782896,data\road_images\5938046395_5938046392_0\0_168.jpg
5938046395_5787277131_0,5938046395,5787277131,0,0,10.308123023838702,123.90526491434566,263.7707659749027,data\road_images\5938046395_5787277131_0\0_264.jpg
5938046400_5359783328_0,5938046400,5359783328,0,0,10.3074436,123.90515275,345.4002136970824,data\road_images\5938046400_5359783328_0\0_345.jpg
5938046400_5359783332_0,5938046400,5359783332,0,0,10.30710599394886,123.905241845392,165.3422815054554,data\road_images\5938046400_5359783332_0\0_165.jpg
5938046400_5359783336_0,5938046400,5359783336,0,0,10.307306735422411,123.90559506253757,158.0353528298956,data\road_images\5938046400_5359783336_0\0_158.jpg
5939321303_5939321304_0,5939321303,5939321304,0,0,10.29492895,123.8846792,266.3251064318982,data\road_images\5939321303_5939321304_0\0_266.jpg
5939321304_5939321306_0,5939321304,5939321306,0,0,10.29507495,123.88451,357.47610933083575,data\road_images\5939321304_5939321306_0\0_357.jpg
5939321304_1141747198_0,5939321304,1141747198,0,0,10.294574050000001,123.88453445,177.14810707034303,data\road_images\5939321304_1141747198_0\0_177.jpg
5939321304_5939321303_0,5939321304,5939321303,0,0,10.29492895,123.8846792,86.32504845655887,data\road_images\5939321304_5939321303_0\0_86.jpg
5939321305_5939321306_0,5939321305,5939321306,0,0,10.295248,123.8847265,265.63125489149485,data\road_images\5939321305_5939321306_0\0_266.jpg
5939321305_5939321307_0,5939321305,5939321307,0,0,10.294971050000001,123.88499155,172.07705029224962,data\road_images\5939321305_5939321307_0\0_172.jpg
5939321305_5939321308_0,5939321305,5939321308,0,0,10.2953758,123.8849347,352.2767504524516,data\road_images\5939321305_5939321308_0\0_352.jpg
5939321306_5939321304_0,5939321306,5939321304,0,0,10.29507495,123.88451,177.4761068287919,data\road_images\5939321306_5939321304_0\0_177.jpg
5939321306_5939321305_0,5939321306,5939321305,0,0,10.295248,123.8847265,85.63117500341372,data\road_images\5939321306_5939321305_0\0_86.jpg
5939321306_1141747211_0,5939321306,1141747211,0,0,10.295418811628128,123.88449392866853,3.023006043837654,data\road_images\5939321306_1141747211_0\0_3.jpg
5939321307_5939321305_0,5939321307,5939321305,0,0,10.294971050000001,123.88499155,352.07706514354476,data\road_images\5939321307_5939321305_0\0_352.jpg
5939321308_5939321305_0,5939321308,5939321305,0,0,10.2953758,123.8849347,172.27674498348358,data\road_images\5939321308_5939321305_0\0_172.jpg
5939321309_5792639773_0,5939321309,5792639773,0,0,10.298664152471561,123.89062107431204,249.6068990072045,data\road_images\5939321309_5792639773_0\0_250.jpg
5940017404_5824092956_0,5940017404,5824092956,0,0,10.31962735953877,123.91062582131902,55.24260811861524,data\road_images\5940017404_5824092956_0\0_55.jpg
5940241015_1093751349_0,5940241015,1093751349,0,0,10.302370784799022,123.90305323787119,262.3350642699587,data\road_images\5940241015_1093751349_0\0_262.jpg
5944043901_1093749968_0,5944043901,1093749968,0,0,10.3046274,123.89816275,178.00052802976438,data\road_images\5944043901_1093749968_0\0_178.jpg
5944043901_281446236_0,5944043901,281446236,0,0,10.304756699999999,123.8981572,357.3467144674101,data\road_images\5944043901_281446236_0\0_357.jpg
5944043901_1093749970_0,5944043901,1093749970,0,0,10.30470395,123.8982234,63.88353569543972,data\road_images\5944043901_1093749970_0\0_64.jpg
5944043906_281418215_0,5944043906,281418215,0,0,10.29889825,123.8955646,25.800655854431284,data\road_images\5944043906_281418215_0\0_26.jpg
5944043906_10861633943_0,5944043906,10861633943,0,0,10.2988727,123.8955219,310.2110570307651,data\road_images\5944043906_10861633943_0\0_310.jpg
5944043906_5771172377_0,5944043906,5771172377,0,0,10.298693793507852,123.89560022554504,161.80578716393734,data\road_images\5944043906_5771172377_0\0_162.jpg
5944043906_5771172384_0,5944043906,5771172384,0,0,10.298709713615974,123.89527253470777,246.46635526812506,data\road_images\5944043906_5771172384_0\0_246.jpg
5944435311_665869176_0,5944435311,665869176,0,0,10.29773075,123.88506815,88.94625185233247,data\road_images\5944435311_665869176_0\0_89.jpg
5944435311_1140343077_0,5944435311,1140343077,0,0,10.29765937242655,123.8844527570319,263.96675005395105,data\road_images\5944435311_1140343077_0\0_264.jpg
5944435311_5944435315_0,5944435311,5944435315,0,0,10.29780115,123.88503125,33.68899115048907,data\road_images\5944435311_5944435315_0\0_34.jpg
5944435315_665869176_0,5944435315,665869176,0,0,10.2978027,123.8851169,152.71962274439738,data\road_images\5944435315_665869176_0\0_153.jpg
5944435315_5944435311_0,5944435315,5944435311,0,0,10.29780115,123.88503125,213.6890085799468,data\road_images\5944435315_5944435311_0\0_214.jpg
5944435315_1140341934_0,5944435315,1140341934,0,0,10.297961749999999,123.88507,353.66688781313013,data\road_images\5944435315_1140341934_0\0_354.jpg
5944675288_1143376357_0,5944675288,1143376357,0,0,10.29595367613905,123.88529872796393,31.204985295518554,data\road_images\5944675288_1143376357_0\0_31.jpg
5947373637_1141747211_0,5947373637,1141747211,0,0,10.2955997,123.88461670000001,266.78880031231614,data\road_images\5947373637_1141747211_0\0_267.jpg
5947373646_5947373647_0,5947373646,5947373647,0,0,10.2941904,123.88840859999999,259.96796596866096,data\road_images\5947373646_5947373647_0\0_260.jpg
5947373647_5773232928_0,5947373647,5773232928,0,0,10.294057800000001,123.88821285,170.5152882548523,data\road_images\5947373647_5773232928_0\0_171.jpg
5947373647_1093748761_0,5947373647,1093748761,0,0,10.294369450000001,123.88815389999999,348.9907495954583,data\road_images\5947373647_1093748761_0\0_349.jpg
5947373647_5947373646_0,5947373647,5947373646,0,0,10.2941904,123.88840859999999,79.96789019899171,data\road_images\5947373647_5947373646_0\0_80.jpg
5948001700_1093748986_0,5948001700,1093748986,0,0,10.292167977454147,123.89487513786027,262.08660118659213,data\road_images\5948001700_1093748986_0\0_262.jpg
5955834080_1140341973_0,5955834080,1140341973,0,0,10.3012911,123.88110705,82.88745591382747,data\road_images\5955834080_1140341973_0\0_83.jpg
5955834080_1140341990_0,5955834080,1140341990,0,0,10.3014409,123.88092455,350.54656475826323,data\road_images\5955834080_1140341990_0\0_351.jpg
5955834080_1140341978_0,5955834080,1140341978,0,0,10.301168701910887,123.88038804694945,268.9003569266561,data\road_images\5955834080_1140341978_0\0_269.jpg
5955843401_1140342629_0,5955843401,1140342629,0,0,10.299159549999999,123.87899555,161.74114985048436,data\road_images\5955843401_1140342629_0\0_162.jpg
5955843401_324580695_0,5955843401,324580695,0,0,10.29946318043231,123.87888866074803,337.4133756638904,data\road_images\5955843401_324580695_0\0_337.jpg
5955843401_8689705337_0,5955843401,8689705337,0,0,10.299462549938054,123.87895886272561,35.99214796977719,data\road_images\5955843401_8689705337_0\0_36.jpg
5955883254_1140341985_0,5955883254,1140341985,0,0,10.30239925,123.88079475,82.36459045802786,data\road_images\5955883254_1140341985_0\0_82.jpg
5955883254_1140341984_0,5955883254,1140341984,0,0,10.302334850000001,123.88033225000001,261.3975782142829,data\road_images\5955883254_1140341984_0\0_261.jpg
5955883254_5955883257_0,5955883254,5955883257,0,0,10.302504032028288,123.88054777122261,47.48722121163098,data\road_images\5955883254_5955883257_0\0_47.jpg
5955883257_5955883254_0,5955883257,5955883254,0,0,10.302504032028288,123.88054777122261,227.48725404723584,data\road_images\5955883257_5955883254_0\0_227.jpg
5955983119_8313999707_0,5955983119,8313999707,0,0,10.30289105,123.88134655,178.38979671221773,data\road_images\5955983119_8313999707_0\0_178.jpg
5955983129_5966552958_0,5955983129,5966552958,0,0,10.30365774928336,123.88135099904929,158.16536080225228,data\road_images\5955983129_5966552958_0\0_158.jpg
5955983133_1140341992_0,5955983133,1140341992,0,0,10.303248799999999,123.8810315,354.797087323398,data\road_images\5955983133_1140341992_0\0_355.jpg
5955983133_1140341985_0,5955983133,1140341985,0,0,10.302819073240439,123.8810424411303,178.457036228182,data\road_images\5955983133_1140341985_0\0_178.jpg
5955983133_5966552958_0,5955983133,5966552958,0,0,10.303224727364135,123.88128361995541,65.16464598854077,data\road_images\5955983133_5966552958_0\0_65.jpg
5955983158_5955983162_0,5955983158,5955983162,0,0,10.304958521571605,123.8795273594833,147.56119102614548,data\road_images\5955983158_5955983162_0\0_148.jpg
5955983159_5955983162_0,5955983159,5955983162,0,0,10.305071900000002,123.87976359999999,175.79383433098917,data\road_images\5955983159_5955983162_0\0_176.jpg
5955983162_5955983159_0,5955983162,5955983159,0,0,10.305071900000002,123.87976359999999,355.79384019855644,data\road_images\5955983162_5955983159_0\0_356.jpg
5955983162_5955983158_0,5955983162,5955983158,0,0,10.304958521571605,123.8795273594833,327.5612418844062,data\road_images\5955983162_5955983158_0\0_328.jpg
5955983162_5955983164_0,5955983162,5955983164,0,0,10.304817322153141,123.88012331800924,114.18825714622074,data\road_images\5955983162_5955983164_0\0_114.jpg
5955983164_5955983162_0,5955983164,5955983162,0,0,10.304817322153141,123.88012331800924,294.188350326546,data\road_images\5955983164_5955983162_0\0_294.jpg
5955983164_1140341994_0,5955983164,1140341994,0,0,10.304185543812842,123.88031818784034,160.17522520755813,data\road_images\5955983164_1140341994_0\0_160.jpg
5955983164_1140342000_0,5955983164,1140342000,0,0,10.304355232053862,123.88054754858314,151.3741372686262,data\road_images\5955983164_1140342000_0\0_151.jpg
5956832717_12116698009_0,5956832717,12116698009,0,0,10.3001574,123.87643975,103.80607737365057,data\road_images\5956832717_12116698009_0\0_104.jpg
5956832717_1140342688_0,5956832717,1140342688,0,0,10.29995065,123.8761447,191.85078816849423,data\road_images\5956832717_1140342688_0\0_192.jpg
5956832717_1140342684_0,5956832717,1140342684,0,0,10.300336806640432,123.87569775160571,283.80640504574717,data\road_images\5956832717_1140342684_0\0_284.jpg
5956832717_12116698011_0,5956832717,12116698011,0,0,10.300737365852532,123.87578922152701,302.35691491237264,data\road_images\5956832717_12116698011_0\0_302.jpg
5956837088_1138895477_0,5956837088,1138895477,0,0,10.304136549999999,123.8769519,61.49677759011189,data\road_images\5956837088_1138895477_0\0_61.jpg
5956837088_5956837089_0,5956837088,5956837089,0,0,10.3044866,123.87656534999999,331.04878064003987,data\road_images\5956837088_5956837089_0\0_331.jpg
5956837088_1138899767_0,5956837088,1138899767,0,0,10.303671053546665,123.87601569541683,203.26462875682367,data\road_images\5956837088_1138899767_0\0_203.jpg
5956837089_5956837088_0,5956837089,5956837088,0,0,10.3044866,123.87656534999999,151.04869454547804,data\road_images\5956837089_5956837088_0\0_151.jpg
5956842686_5956842689_0,5956842686,5956842689,0,0,10.305191371351924,123.876798592571,283.62663855132257,data\road_images\5956842686_5956842689_0\0_284.jpg
5956842689_1138895476_0,5956842689,1138895476,0,0,10.305248002123987,123.87656070135591,238.23857173667852,data\road_images\5956842689_1138895476_0\0_238.jpg
5956842689_1138897554_0,5956842689,1138897554,0,0,10.305634832127248,123.8771480015312,68.46065570794991,data\road_images\5956842689_1138897554_0\0_68.jpg
5956842689_5956842686_0,5956842689,5956842686,0,0,10.305191371351924,123.876798592571,103.62657434689157,data\road_images\5956842689_5956842686_0\0_104.jpg
5957055932_1138899609_0,5957055932,1138899609,0,0,10.305840756762628,123.87503679930326,9.974439568663342,data\road_images\5957055932_1138899609_0\0_10.jpg
5957418617_1138899955_0,5957418617,1138899955,0,0,10.303145902298317,123.87854746496798,68.07428886177229,data\road_images\5957418617_1138899955_0\0_68.jpg
5957418617_1138895481_0,5957418617,1138895481,0,0,10.302907208591822,123.87811822223237,239.19279483578828,data\road_images\5957418617_1138895481_0\0_239.jpg
5957418617_5957418619_0,5957418617,5957418619,0,0,10.303280156685474,123.87826318868467,323.98561063565285,data\road_images\5957418617_5957418619_0\0_324.jpg
5957418619_5957418617_0,5957418619,5957418617,0,0,10.303280156685474,123.87826318868467,143.98555704964633,data\road_images\5957418619_5957418617_0\0_144.jpg
5961695479_1140342081_0,5961695479,1140342081,0,0,10.30243885,123.8764232,257.92363168920616,data\road_images\5961695479_1140342081_0\0_258.jpg
5963371038_5963371039_0,5963371038,5963371039,0,0,10.306557649999998,123.8764553,54.27447671042631,data\road_images\5963371038_5963371039_0\0_54.jpg
5963371038_1138895473_0,5963371038,1138895473,0,0,10.306246,123.87615655,166.72544313181254,data\road_images\5963371038_1138895473_0\0_167.jpg
5963371038_8375006867_0,5963371038,8375006867,0,0,10.306773735022647,123.87604650776449,349.64248085916824,data\road_images\5963371038_8375006867_0\0_350.jpg
5963371039_5963371038_0,5963371039,5963371038,0,0,10.306557649999998,123.8764553,234.2745909653577,data\road_images\5963371039_5963371038_0\0_234.jpg
5963433429_1140342084_0,5963433429,1140342084,0,0,10.3021159,123.8754517,351.00076814944305,data\road_images\5963433429_1140342084_0\0_351.jpg
5963433431_1140342081_0,5963433431,1140342081,0,0,10.3023101,123.87633790000001,350.3369874849227,data\road_images\5963433431_1140342081_0\0_350.jpg
5963433431_5901142085_0,5963433431,5901142085,0,0,10.3020672,123.87638005,170.2910632126309,data\road_images\5963433431_5901142085_0\0_170.jpg
5963433431_5963433432_0,5963433431,5963433432,0,0,10.30222455,123.8764515,77.14633998027898,data\road_images\5963433431_5963433432_0\0_77.jpg
5963433432_5963433431_0,5963433432,5963433431,0,0,10.30222455,123.8764515,257.14637399543545,data\road_images\5963433432_5963433431_0\0_257.jpg
5963433435_5901141182_0,5963433435,5901141182,0,0,10.3013406,123.87620405000001,86.99792710563128,data\road_images\5963433435_5901141182_0\0_87.jpg
5963433435_1140342104_0,5963433435,1140342104,0,0,10.30121641717754,123.87560294048541,257.9718867758878,data\road_images\5963433435_1140342104_0\0_258.jpg
5963433435_5963433437_0,5963433435,5963433437,0,0,10.30084539714011,123.87627100868177,143.17202331128,data\road_images\5963433435_5963433437_0\0_143.jpg
5963433437_5901141183_0,5963433437,5901141183,0,0,10.301150660447552,123.87650679167015,352.05701559692585,data\road_images\5963433437_5901141183_0\0_352.jpg
5963433437_12116698009_0,5963433437,12116698009,0,0,10.30040026855606,123.87665790317361,172.84655666287085,data\road_images\5963433437_12116698009_0\0_173.jpg
5963433437_5963433435_0,5963433437,5963433435,0,0,10.30084539714011,123.87627100868177,323.1721104858938,data\road_images\5963433437_5963433435_0\0_323.jpg
5963433455_324580063_0,5963433455,324580063,0,0,10.30507307782435,123.87713319092308,254.94322236897943,data\road_images\5963433455_324580063_0\0_255.jpg
5965165328_1141745465_0,5965165328,1141745465,0,0,10.29556424121193,123.87547269856977,34.01055713729545,data\road_images\5965165328_1141745465_0\0_34.jpg
5965165336_5965165337_0,5965165336,5965165337,0,0,10.2969686,123.8751491,354.6723343261099,data\road_images\5965165336_5965165337_0\0_355.jpg
5965165336_1140342592_0,5965165336,1140342592,0,0,10.296753968203548,123.8753880152142,84.66647444374814,data\road_images\5965165336_1140342592_0\0_85.jpg
5965165337_5965165336_0,5965165337,5965165336,0,0,10.2969686,123.8751491,174.67232621084258,data\road_images\5965165337_5965165336_0\0_175.jpg
5965234732_5965234734_0,5965234732,5965234734,0,0,10.294666651128091,123.88139304808023,169.86078286416387,data\road_images\5965234732_5965234734_0\0_170.jpg
5965234734_5788317433_0,5965234734,5788317433,0,0,10.293881250122821,123.88099211666001,231.68852024269373,data\road_images\5965234734_5788317433_0\0_232.jpg
5965234734_5965234732_0,5965234734,5965234732,0,0,10.294666651128091,123.88139304808023,349.8608079015762,data\road_images\5965234734_5965234732_0\0_350.jpg
5965234734_5799719530_0,5965234734,5799719530,0,0,10.294618768238902,123.88201919662525,54.094547315454065,data\road_images\5965234734_5799719530_0\0_54.jpg
5965252870_5740008939_0,5965252870,5740008939,0,0,10.296422864573252,123.88199301051577,299.00224653118767,data\road_images\5965252870_5740008939_0\0_299.jpg
5965252877_1140342610_0,5965252877,1140342610,0,0,10.298128904588888,123.88232250457294,259.62679008948186,data\road_images\5965252877_1140342610_0\0_260.jpg
5965252878_1141745374_0,5965252878,1141745374,0,0,10.2970693,123.8817924,164.66337419817853,data\road_images\5965252878_1141745374_0\0_165.jpg
5965252878_1140342588_0,5965252878,1140342588,0,0,10.29732235,123.8817305,346.7005511362337,data\road_images\5965252878_1140342588_0\0_347.jpg
5965252878_5965252879_0,5965252878,5965252879,0,0,10.2971349,123.88196305,78.14401604412342,data\road_images\5965252878_5965252879_0\0_78.jpg
5965252879_5965252878_0,5965252879,5965252878,0,0,10.2971349,123.88196305,258.14407991235856,data\road_images\5965252879_5965252878_0\0_258.jpg
5966552893_6818631609_0,5966552893,6818631609,0,0,10.30678413046656,123.88313609132922,316.85528017338004,data\road_images\5966552893_6818631609_0\0_317.jpg
5966552957_10705586854_0,5966552957,10705586854,0,0,10.303430800000001,123.8816054,244.65624611301118,data\road_images\5966552957_10705586854_0\0_245.jpg
5966552958_10705586854_0,5966552958,10705586854,0,0,10.303395850000001,123.8814927,77.09970264052419,data\road_images\5966552958_10705586854_0\0_77.jpg
5966552958_5955983133_0,5966552958,5955983133,0,0,10.303224727364135,123.88128361995541,245.16471468833632,data\road_images\5966552958_5955983133_0\0_245.jpg
5966552958_5955983129_0,5966552958,5955983129,0,0,10.30365774928336,123.88135099904929,338.16539621741805,data\road_images\5966552958_5955983129_0\0_338.jpg
5972511878_8375027781_0,5972511878,8375027781,0,0,10.298956738924163,123.89520770730239,100.79774855903605,data\road_images\5972511878_8375027781_0\0_101.jpg
5972511878_937431151_0,5972511878,937431151,0,0,10.298877424395874,123.89501698710444,189.87316337846664,data\road_images\5972511878_937431151_0\0_190.jpg
5972511878_1093749094_0,5972511878,1093749094,0,0,10.299090091416087,123.89444235694599,281.3957875597256,data\road_images\5972511878_1093749094_0\0_281.jpg
6223987697_1138645292_0,6223987697,1138645292,0,0,10.323838154139759,123.8863416921646,76.48802514837712,data\road_images\6223987697_1138645292_0\0_76.jpg
6301937937_1484307098_0,6301937937,1484307098,0,0,10.324728499999999,123.87970605000001,258.72958021986017,data\road_images\6301937937_1484307098_0\0_259.jpg
6301937937_6301937938_0,6301937937,6301937938,0,0,10.32457185,123.8798409,165.39477217563956,data\road_images\6301937937_6301937938_0\0_165.jpg
6301937937_1138894109_0,6301937937,1138894109,0,0,10.324774747835757,123.87994204933482,89.21874563839026,data\road_images\6301937937_1138894109_0\0_89.jpg
6301937938_1306268006_0,6301937938,1306268006,0,0,10.32437585,123.8798026,255.19252617954731,data\road_images\6301937938_1306268006_0\0_255.jpg
6301937938_1138894112_0,6301937938,1138894112,0,0,10.32443005,123.88001084999999,75.17482106765681,data\road_images\6301937938_1138894112_0\0_75.jpg
6301937938_6301937937_0,6301937938,6301937937,0,0,10.32457185,123.8798409,345.394788700088,data\road_images\6301937938_6301937937_0\0_345.jpg
6301937943_1118274672_0,6301937943,1118274672,0,0,10.32747565,123.8793264,182.64324569452486,data\road_images\6301937943_1118274672_0\0_183.jpg
6301937945_5848742701_0,6301937945,5848742701,0,0,10.326735363699497,123.88013813782747,144.39013657836438,data\road_images\6301937945_5848742701_0\0_144.jpg
6301937951_1138645164_0,6301937951,1138645164,0,0,10.326448072244764,123.88081283269376,157.90333658342036,data\road_images\6301937951_1138645164_0\0_158.jpg
6301937952_1138645160_0,6301937952,1138645160,0,0,10.326895468311186,123.88106037180489,158.96240721464653,data\road_images\6301937952_1138645160_0\0_159.jpg
6351417371_1138643840_0,6351417371,1138643840,0,0,10.318188988326934,123.87670161442544,131.82412652089943,data\road_images\6351417371_1138643840_0\0_132.jpg
6351417371_5856785435_0,6351417371,5856785435,0,0,10.318843020738175,123.87570377264856,284.28328446710753,data\road_images\6351417371_5856785435_0\0_284.jpg
6351417371_1138895662_0,6351417371,1138895662,0,0,10.319062553265242,123.87646616153314,44.80904209951353,data\road_images\6351417371_1138895662_0\0_45.jpg
6351417373_1138894366_0,6351417373,1138894366,0,0,10.319202214467852,123.87953053774204,104.4805631493681,data\road_images\6351417373_1138894366_0\0_104.jpg
6351608155_316824561_0,6351608155,316824561,0,0,10.32065215,123.91081715,329.52382886612713,data\road_images\6351608155_316824561_0\0_330.jpg
6351608155_6351608156_0,6351608155,6351608156,0,0,10.32066012593631,123.91087828539692,33.77941310159298,data\road_images\6351608155_6351608156_0\0_34.jpg
6351608155_937431034_0,6351608155,937431034,0,0,10.320588950000001,123.9108113,237.948599260732,data\road_images\6351608155_937431034_0\0_238.jpg
6351608155_8344309127_0,6351608155,8344309127,0,0,10.320298247003295,123.91102738520829,149.591436685051,data\road_images\6351608155_8344309127_0\0_150.jpg
6351608156_938153678_0,6351608156,938153678,0,0,10.32080745,123.91107855,59.50382626008815,data\road_images\6351608156_938153678_0\0_60.jpg
6351608156_316824561_0,6351608156,316824561,0,0,10.32070369090534,123.91085220119083,262.4192813566293,data\road_images\6351608156_316824561_0\0_262.jpg
6351608156_6351608155_0,6351608156,6351608155,0,0,10.32066012593631,123.91087828539692,213.77942566056592,data\road_images\6351608156_6351608155_0\0_214.jpg
6351608171_9096788039_0,6351608171,9096788039,0,0,10.3259377,123.9075176,224.0162263808914,data\road_images\6351608171_9096788039_0\0_224.jpg
6351608171_5824833960_0,6351608171,5824833960,0,0,10.326065199754758,123.9074157075517,304.6741438728965,data\road_images\6351608171_5824833960_0\0_305.jpg
6351608171_456833162_0,6351608171,456833162,0,0,10.32591155,123.9075856,143.65401814978873,data\road_images\6351608171_456833162_0\0_144.jpg
6351608171_10603448739_0,6351608171,10603448739,0,0,10.326076055218461,123.90765961161043,43.458988978354,data\road_images\6351608171_10603448739_0\0_43.jpg
6351608173_5825209220_0,6351608173,5825209220,0,0,10.32462896060645,123.90829322049022,148.7591277962248,data\road_images\6351608173_5825209220_0\0_149.jpg
6351608173_937431075_0,6351608173,937431075,0,0,10.325738852063687,123.90761583108436,331.12929025141733,data\road_images\6351608173_937431075_0\0_331.jpg
6351608173_5905339929_0,6351608173,5905339929,0,0,10.325678968106653,123.9075353197587,269.0086185782435,data\road_images\6351608173_5905339929_0\0_269.jpg
6351694901_470965752_0,6351694901,470965752,0,0,10.3203839,123.90381295,138.19386747760205,data\road_images\6351694901_470965752_0\0_138.jpg
6351694901_1101216358_0,6351694901,1101216358,0,0,10.319943102206805,123.90353400191205,204.6849498747342,data\road_images\6351694901_1101216358_0\0_205.jpg
6351694901_1101216373_0,6351694901,1101216373,0,0,10.320264891023339,123.90338487352153,243.63133433280336,data\road_images\6351694901_1101216373_0\0_244.jpg
6351694901_470965746_0,6351694901,470965746,0,0,10.321198717064965,123.9042514461407,34.45149066547066,data\road_images\6351694901_470965746_0\0_34.jpg
6351694901_648110963_0,6351694901,648110963,0,0,10.3204304,123.90383944999999,93.66727767141367,data\road_images\6351694901_648110963_0\0_94.jpg
6353466090_6353466092_0,6353466090,6353466092,0,0,10.324104819934416,123.90575580227986,297.7040499291094,data\road_images\6353466090_6353466092_0\0_298.jpg
6353466090_456833143_0,6353466090,456833143,0,0,10.324019666694577,123.90617857486886,33.16656004347891,data\road_images\6353466090_456833143_0\0_33.jpg
6353466090_1105801799_0,6353466090,1105801799,0,0,10.323182548030344,123.90563040080315,212.73105978744374,data\road_images\6353466090_1105801799_0\0_213.jpg
6353466092_6353466090_0,6353466092,6353466090,0,0,10.324104819934416,123.90575580227986,117.70392198667321,data\road_images\6353466092_6353466090_0\0_118.jpg
6357875063_5846494997_0,6357875063,5846494997,0,0,10.32457975,123.88057165000001,70.39497964519671,data\road_images\6357875063_5846494997_0\0_70.jpg
6357875064_1138894099_0,6357875064,1138894099,0,0,10.32450995,123.88084144999999,243.09494645557257,data\road_images\6357875064_1138894099_0\0_243.jpg
6357875080_1138894105_0,6357875080,1138894105,0,0,10.323476721283132,123.8780689503236,49.423629926644026,data\road_images\6357875080_1138894105_0\0_49.jpg
6810721078_1138895016_0,6810721078,1138895016,0,0,10.314924636025685,123.88733949290085,166.40581926795562,data\road_images\6810721078_1138895016_0\0_166.jpg
6810721078_8318111135_0,6810721078,8318111135,0,0,10.314970296236812,123.88708924880302,177.9573904115391,data\road_images\6810721078_8318111135_0\0_178.jpg
6810721078_1138894995_0,6810721078,1138894995,0,0,10.315855782334754,123.88714528073405,33.62081024311436,data\road_images\6810721078_1138894995_0\0_34.jpg
6818631609_6818631611_0,6818631609,6818631611,0,0,10.30704415,123.88315564999999,54.96204639321553,data\road_images\6818631609_6818631611_0\0_55.jpg
6818631609_1138897450_0,6818631609,1138897450,0,0,10.307261148026623,123.88282751301121,345.4005562191559,data\road_images\6818631609_1138897450_0\0_345.jpg
6818631609_5966552893_0,6818631609,5966552893,0,0,10.30678413046656,123.88313609132922,136.85522944976532,data\road_images\6818631609_5966552893_0\0_137.jpg
6818631610_6818631611_0,6818631610,6818631611,0,0,10.307180599999999,123.88335344999999,234.97082086701295,data\road_images\6818631610_6818631611_0\0_235.jpg
6818631611_6818631610_0,6818631611,6818631610,0,0,10.307180599999999,123.88335344999999,54.97080789420306,data\road_images\6818631611_6818631610_0\0_55.jpg
6818631611_6818631609_0,6818631611,6818631609,0,0,10.30704415,123.88315564999999,234.96210420332926,data\road_images\6818631611_6818631609_0\0_235.jpg
6818631611_6818631612_0,6818631611,6818631612,0,0,10.3072083,123.88327029999999,318.7952137464291,data\road_images\6818631611_6818631612_0\0_319.jpg
6818631612_6818631611_0,6818631612,6818631611,0,0,10.3072083,123.88327029999999,138.7951969635098,data\road_images\6818631612_6818631611_0\0_139.jpg
7311105607_960111240_0,7311105607,960111240,0,0,10.31625,123.89081625,251.21261905211753,data\road_images\7311105607_960111240_0\0_251.jpg
7311105607_12429019505_0,7311105607,12429019505,0,0,10.3162167,123.89086795,162.49541414590794,data\road_images\7311105607_12429019505_0\0_162.jpg
7311105607_960111226_0,7311105607,960111226,0,0,10.31627685,123.8908978,71.73427592801045,data\road_images\7311105607_960111226_0\0_72.jpg
7737761252_5938046304_0,7737761252,5938046304,0,0,10.3062937,123.90429215,21.17016277009259,data\road_images\7737761252_5938046304_0\0_21.jpg
7737761252_8375055959_0,7737761252,8375055959,0,0,10.30597405,123.90419545,186.0009033189104,data\road_images\7737761252_8375055959_0\0_186.jpg
7737761252_5938046306_0,7737761252,5938046306,0,0,10.3063012,123.9042217,3.8422703227474813,data\road_images\7737761252_5938046306_0\0_4.jpg
7737849713_5359783338_0,7737849713,5359783338,0,0,10.3078579,123.9044141,262.7851033328268,data\road_images\7737849713_5359783338_0\0_263.jpg
7737849713_5359783323_0,7737849713,5359783323,0,0,10.30769465,123.90458244999999,179.5865271039122,data\road_images\7737849713_5359783323_0\0_180.jpg
7737849713_5359783321_0,7737849713,5359783321,0,0,10.308163050000001,123.90455915,355.6568612070518,data\road_images\7737849713_5359783321_0\0_356.jpg
7975068634_665829339_0,7975068634,665829339,0,0,10.3017375,123.90230905,149.20073731108357,data\road_images\7975068634_665829339_0\0_149.jpg
7975068634_912971844_0,7975068634,912971844,0,0,10.3019205,123.9021982,329.2111572516007,data\road_images\7975068634_912971844_0\0_329.jpg
7975068634_5768668624_0,7975068634,5768668624,0,0,10.301861107739407,123.90201752380133,272.3738824163447,data\road_images\7975068634_5768668624_0\0_272.jpg
8209136366_8209136367_0,8209136366,8209136367,0,0,10.3266796,123.891334,125.07162062332736,data\road_images\8209136366_8209136367_0\0_125.jpg
8209136367_8209136366_0,8209136367,8209136366,0,0,10.3266796,123.891334,305.07165493358303,data\road_images\8209136367_8209136366_0\0_305.jpg
8209136367_1104252846_0,8209136367,1104252846,0,0,10.326107737724971,123.89106907034957,209.15288383022164,data\road_images\8209136367_1104252846_0\0_209.jpg
8209136367_322100198_0,8209136367,322100198,0,0,10.326786749249562,123.89176905705993,69.00663793814249,data\road_images\8209136367_322100198_0\0_69.jpg
8313999705_8313999707_0,8313999705,8313999707,0,0,10.302825372273897,123.88151920310986,267.0490774287787,data\road_images\8313999705_8313999707_0\0_267.jpg
8313999707_5955983119_0,8313999707,5955983119,0,0,10.30289105,123.88134655,358.3897974812857,data\road_images\8313999707_5955983119_0\0_358.jpg
8313999707_13032615916_0,8313999707,13032615916,0,0,10.302511583311501,123.88135891535147,211.67817793396716,data\road_images\8313999707_13032615916_0\0_212.jpg
8313999707_8313999705_0,8313999707,8313999705,0,0,10.302825372273897,123.88151920310986,87.04901642278219,data\road_images\8313999707_8313999705_0\0_87.jpg
8314256649_8314256654_0,8314256649,8314256654,0,0,10.30709815539924,123.88081019911084,344.7683551669553,data\road_images\8314256649_8314256654_0\0_345.jpg
8314256654_8337848150_0,8314256654,8337848150,0,0,10.3073694,123.88044554999999,264.4072421232398,data\road_images\8314256654_8337848150_0\0_264.jpg
8314256654_1138897426_0,8314256654,1138897426,0,0,10.3074019,123.8807831,84.47097657269359,data\road_images\8314256654_1138897426_0\0_84.jpg
8314256654_8314256649_0,8314256654,8314256649,0,0,10.30709815539924,123.88081019911084,164.76832777362995,data\road_images\8314256654_8314256649_0\0_165.jpg
8314345591_1138897404_0,8314345591,1138897404,0,0,10.306444821738948,123.88138540543216,6.437177815702171,data\road_images\8314345591_1138897404_0\0_6.jpg
8314403233_5912184342_0,8314403233,5912184342,0,0,10.30442080806735,123.88405656329655,193.6786047564344,data\road_images\8314403233_5912184342_0\0_194.jpg
8314426671_8314426677_0,8314426671,8314426677,0,0,10.30107752318826,123.88324335690137,185.22086166557878,data\road_images\8314426671_8314426677_0\0_185.jpg
8314426677_1140341961_0,8314426677,1140341961,0,0,10.300639799999999,123.88308305,264.19782718494366,data\road_images\8314426677_1140341961_0\0_264.jpg
8314426677_1140341958_0,8314426677,1140341958,0,0,10.300664241132779,123.88351745332201,90.4680292361096,data\road_images\8314426677_1140341958_0\0_90.jpg
8314426677_8314426671_0,8314426677,8314426671,0,0,10.30107752318826,123.88324335690137,5.220849738306242,data\road_images\8314426677_8314426671_0\0_5.jpg
8314482191_8314482192_0,8314482191,8314482192,0,0,10.324353517694552,123.90148710294238,22.367140613453557,data\road_images\8314482191_8314482192_0\0_22.jpg
8314482192_1101216425_0,8314482192,1101216425,0,0,10.324757550000001,123.9015445,64.75640526210572,data\road_images\8314482192_1101216425_0\0_65.jpg
8314482192_1101216390_0,8314482192,1101216390,0,0,10.32453445,123.90106349999999,244.7590792546726,data\road_images\8314482192_1101216390_0\0_245.jpg
8314482192_8314482191_0,8314482192,8314482191,0,0,10.324353517694552,123.90148710294238,202.36717679831355,data\road_images\8314482192_8314482191_0\0_202.jpg
8314512966_8314512968_0,8314512966,8314512968,0,0,10.323646486005558,123.89895121988336,248.9917030774635,data\road_images\8314512966_8314512968_0\0_249.jpg
8314512968_316824559_0,8314512968,316824559,0,0,10.324426281880823,123.89828457190339,348.3920457434777,data\road_images\8314512968_316824559_0\0_348.jpg
8314512968_2126359433_0,8314512968,2126359433,0,0,10.32246584334815,123.89872309164987,167.58922213876338,data\road_images\8314512968_2126359433_0\0_168.jpg
8314512968_8314512966_0,8314512968,8314512966,0,0,10.323646486005558,123.89895121988336,68.991541520858,data\road_images\8314512968_8314512966_0\0_69.jpg
8314541288_8314541289_0,8314541288,8314541289,0,0,10.32164765,123.90275919999999,270.49940523657347,data\road_images\8314541288_8314541289_0\0_270.jpg
8314541289_8314541288_0,8314541289,8314541288,0,0,10.32164765,123.90275919999999,90.49937807400767,data\road_images\8314541289_8314541288_0\0_90.jpg
8314541289_1105801869_0,8314541289,1105801869,0,0,10.321594018912176,123.90245755641811,254.07242023689412,data\road_images\8314541289_1105801869_0\0_254.jpg
8314541289_8314552382_0,8314541289,8314552382,0,0,10.321982939320039,123.90255655933824,10.106525062757441,data\road_images\8314541289_8314552382_0\0_10.jpg
8314552382_8314541289_0,8314552382,8314541289,0,0,10.321982939320039,123.90255655933824,190.10654393027983,data\road_images\8314552382_8314541289_0\0_190.jpg
8314578402_8314578403_0,8314578402,8314578403,0,0,10.32210165,123.89496399999999,179.63552293522025,data\road_images\8314578402_8314578403_0\0_180.jpg
8314578403_1104252715_0,8314578403,1104252715,0,0,10.321878850000001,123.89474315,264.31682856203986,data\road_images\8314578403_1104252715_0\0_264.jpg
8314578403_1104252713_0,8314578403,1104252713,0,0,10.321922,123.89518964999999,84.46211388580446,data\road_images\8314578403_1104252713_0\0_84.jpg
8314578403_8314578402_0,8314578403,8314578402,0,0,10.32210165,123.89496399999999,359.6355234010911,data\road_images\8314578403_8314578402_0\0_360.jpg
8314658216_1099182523_0,8314658216,1099182523,0,0,10.319194932488314,123.89537813809585,238.77503258859304,data\road_images\8314658216_1099182523_0\0_239.jpg
8314688504_8314688507_0,8314688504,8314688507,0,0,10.32700257595122,123.88668317762748,271.13075423254014,data\road_images\8314688504_8314688507_0\0_271.jpg
8314688507_1138645286_0,8314688507,1138645286,0,0,10.3267819,123.88644675,179.88830719636712,data\road_images\8314688507_1138645286_0\0_180.jpg
8314688507_4750686522_0,8314688507,4750686522,0,0,10.327356650995062,123.88607433462681,317.11210277495076,data\road_images\8314688507_4750686522_0\0_317.jpg
8314688507_8314688504_0,8314688507,8314688504,0,0,10.32700257595122,123.88668317762748,91.13066929628383,data\road_images\8314688507_8314688504_0\0_91.jpg
8314778566_1104252832_0,8314778566,1104252832,0,0,10.327268959493548,123.8932431258306,217.96286436523292,data\road_images\8314778566_1104252832_0\0_218.jpg
8314927028_996264226_0,8314927028,996264226,0,0,10.311616085818812,123.90820144572757,79.6121851367426,data\road_images\8314927028_996264226_0\0_80.jpg
8315222213_1138645195_0,8315222213,1138645195,0,0,10.327335500229363,123.87807184721225,160.21240939207348,data\road_images\8315222213_1138645195_0\0_160.jpg
8315232969_1118274668_0,8315232969,1118274668,0,0,10.3278164,123.87962058643576,263.9273264157614,data\road_images\8315232969_1118274668_0\0_264.jpg
8315248524_4750686507_0,8315248524,4750686507,0,0,10.327322400999824,123.88509605275614,94.39655702898551,data\road_images\8315248524_4750686507_0\0_94.jpg
8315414764_1138644740_0,8315414764,1138644740,0,0,10.32774535,123.8836189,53.43316507170687,data\road_images\8315414764_1138644740_0\0_53.jpg
8315414764_1138644737_0,8315414764,1138644737,0,0,10.3275972,123.88341585,233.44034867516055,data\road_images\8315414764_1138644737_0\0_233.jpg
8316065446_1101216206_0,8316065446,1101216206,0,0,10.3069267,123.90812975,206.99972322998252,data\road_images\8316065446_1101216206_0\0_207.jpg
8316065446_1101216195_0,8316065446,1101216195,0,0,10.307420685407692,123.90838559536128,27.20246307117111,data\road_images\8316065446_1101216195_0\0_27.jpg
8316065446_8316065449_0,8316065446,8316065449,0,0,10.307102215632717,123.90805189831043,301.8767860771907,data\road_images\8316065446_8316065449_0\0_302.jpg
8316065449_8316065446_0,8316065449,8316065446,0,0,10.307102215632717,123.90805189831043,121.87674016552114,data\road_images\8316065449_8316065446_0\0_122.jpg
8316094780_1093752680_0,8316094780,1093752680,0,0,10.298531350000001,123.90714879999999,184.5549742122803,data\road_images\8316094780_1093752680_0\0_185.jpg
8316094780_2231564475_0,8316094780,2231564475,0,0,10.299122052093665,123.90718211562174,350.37903884181776,data\road_images\8316094780_2231564475_0\0_350.jpg
8316094780_8316094790_0,8316094780,8316094790,0,0,10.298786720679152,123.90681135985697,296.7489733355576,data\road_images\8316094780_8316094790_0\0_297.jpg
8316094790_8316094780_0,8316094790,8316094780,0,0,10.298786720679152,123.90681135985697,116.74885349819556,data\road_images\8316094790_8316094780_0\0_117.jpg
8317775782_369910573_0,8317775782,369910573,0,0,10.309055168637157,123.9015712862338,7.508456038942882,data\road_images\8317775782_369910573_0\0_8.jpg
8317775782_1093382450_0,8317775782,1093382450,0,0,10.307140294349356,123.90133414619852,197.2748459406048,data\road_images\8317775782_1093382450_0\0_197.jpg
8317775782_8317775793_0,8317775782,8317775793,0,0,10.308136408421214,123.90120409873758,278.13472690672904,data\road_images\8317775782_8317775793_0\0_278.jpg
8317775793_8317775782_0,8317775793,8317775782,0,0,10.308136408421214,123.90120409873758,98.13464305467568,data\road_images\8317775793_8317775782_0\0_98.jpg
8317803576_8696556391_0,8317803576,8696556391,0,0,10.310176569431144,123.8991525450163,78.4152565705752,data\road_images\8317803576_8696556391_0\0_78.jpg
8317803576_5727256361_0,8317803576,5727256361,0,0,10.309879282690869,123.8977290452411,257.79352596901504,data\road_images\8317803576_5727256361_0\0_258.jpg
8317803576_5684743417_0,8317803576,5684743417,0,0,10.310597280931468,123.89850827327982,346.55895128562065,data\road_images\8317803576_5684743417_0\0_347.jpg
8317830931_5788163952_0,8317830931,5788163952,0,0,10.3084837,123.9023578,280.367278527504,data\road_images\8317830931_5788163952_0\0_280.jpg
8317929700_5140122543_0,8317929700,5140122543,0,0,10.320060040764318,123.8919750206976,159.1791794213566,data\road_images\8317929700_5140122543_0\0_159.jpg
8317934461_1099182256_0,8317934461,1099182256,0,0,10.319259570004643,123.89423899148764,4.067526938198171,data\road_images\8317934461_1099182256_0\0_4.jpg
8318082563_8318082565_0,8318082563,8318082565,0,0,10.31790543156959,123.87852581354865,147.19206417987448,data\road_images\8318082563_8318082565_0\0_147.jpg
8318082565_10880391052_0,8318082565,10880391052,0,0,10.317724724728484,123.87812319120121,293.0727944443677,data\road_images\8318082565_10880391052_0\0_293.jpg
8318082565_8318082563_0,8318082565,8318082563,0,0,10.31790543156959,123.87852581354865,327.19208028179634,data\road_images\8318082565_8318082563_0\0_327.jpg
8318082565_8318082580_0,8318082565,8318082580,0,0,10.317788016721726,123.878823436884,84.90121172395448,data\road_images\8318082565_8318082580_0\0_85.jpg
8318082580_8318082581_0,8318082580,8318082581,0,0,10.3177432,123.879156,158.19386995011564,data\road_images\8318082580_8318082581_0\0_158.jpg
8318082580_8604831628_0,8318082580,8604831628,0,0,10.31822793985085,123.87915116996871,344.30874775826567,data\road_images\8318082580_8604831628_0\0_344.jpg
8318082580_8318082565_0,8318082580,8318082565,0,0,10.317788016721726,123.878823436884,264.90130598891045,data\road_images\8318082580_8318082565_0\0_265.jpg
8318082581_8318082580_0,8318082581,8318082580,0,0,10.3177432,123.879156,338.19389047572383,data\road_images\8318082581_8318082580_0\0_338.jpg
8318082581_1138895303_0,8318082581,1138895303,0,0,10.317727217161274,123.87945031987142,61.10958556884253,data\road_images\8318082581_1138895303_0\0_61.jpg
8318082581_8393487349_0,8318082581,8393487349,0,0,10.317471194722295,123.87907001967815,217.6975374879899,data\road_images\8318082581_8393487349_0\0_218.jpg
8318106371_1138895104_0,8318106371,1138895104,0,0,10.31396703107695,123.88642043817984,272.02598675928476,data\road_images\8318106371_1138895104_0\0_272.jpg
8318111118_8318111135_0,8318111118,8318111135,0,0,10.313955490080332,123.88726713830337,357.8143954804312,data\road_images\8318111118_8318111135_0\0_358.jpg
8318111135_8318111118_0,8318111135,8318111118,0,0,10.313955490080332,123.88726713830337,177.81438851568464,data\road_images\8318111135_8318111118_0\0_178.jpg
8318111135_1138895016_0,8318111135,1138895016,0,0,10.314452492653915,123.88733709616318,106.03005228210401,data\road_images\8318111135_1138895016_0\0_106.jpg
8318111135_6810721078_0,8318111135,6810721078,0,0,10.314970296236812,123.88708924880302,357.9573964995463,data\road_images\8318111135_6810721078_0\0_358.jpg
8318111169_8318111174_0,8318111169,8318111174,0,0,10.317342047772081,123.88424659078804,340.24187999284834,data\road_images\8318111169_8318111174_0\0_340.jpg
8318111174_1138894445_0,8318111174,1138894445,0,0,10.3174893,123.88416515,260.71421140883365,data\road_images\8318111174_1138894445_0\0_261.jpg
8318111174_1138894444_0,8318111174,1138894444,0,0,10.317543096467151,123.8845951443702,83.07952206582297,data\road_images\8318111174_1138894444_0\0_83.jpg
8318111174_8318111169_0,8318111174,8318111169,0,0,10.317342047772081,123.88424659078804,160.24186009491655,data\road_images\8318111174_8318111169_0\0_160.jpg
8318126284_8318126306_0,8318126284,8318126306,0,0,10.309473591002154,123.88581028008987,66.78433196888841,data\road_images\8318126284_8318126306_0\0_67.jpg
8318126306_1138897471_0,8318126306,1138897471,0,0,10.309968073208978,123.88647068773768,352.1193365856734,data\road_images\8318126306_1138897471_0\0_352.jpg
8318126306_324580287_0,8318126306,324580287,0,0,10.30912178253729,123.88657491678006,173.86118568231132,data\road_images\8318126306_324580287_0\0_174.jpg
8318126306_8318126284_0,8318126306,8318126284,0,0,10.309473591002154,123.88581028008987,246.78455830386702,data\road_images\8318126306_8318126284_0\0_247.jpg
8318126983_8318126986_0,8318126983,8318126986,0,0,10.3201177,123.8830666,256.48278188163505,data\road_images\8318126983_8318126986_0\0_256.jpg
8318126983_5846428564_0,8318126983,5846428564,0,0,10.320218382711163,123.88353991609073,78.34482167041449,data\road_images\8318126983_5846428564_0\0_78.jpg
8318126983_8318126984_0,8318126983,8318126984,0,0,10.31989770885449,123.88324945246472,167.28873668821348,data\road_images\8318126983_8318126984_0\0_167.jpg
8318126984_8318126983_0,8318126984,8318126983,0,0,10.31989770885449,123.88324945246472,347.28875720022285,data\road_images\8318126984_8318126983_0\0_347.jpg
8318126985_8318126986_0,8318126985,8318126986,0,0,10.319961,123.8829683,347.87976762161634,data\road_images\8318126985_8318126986_0\0_348.jpg
8318126986_1138894432_0,8318126986,1138894432,0,0,10.32005865,123.88281685,256.4907288029088,data\road_images\8318126986_1138894432_0\0_256.jpg
8318126986_8318126983_0,8318126986,8318126983,0,0,10.3201177,123.8830666,76.48273673613596,data\road_images\8318126986_8318126983_0\0_76.jpg
8318126986_8318126985_0,8318126986,8318126985,0,0,10.319961,123.8829683,167.87975769688933,data\road_images\8318126986_8318126985_0\0_168.jpg
8318132194_8318132197_0,8318132194,8318132197,0,0,10.31280538353196,123.88573366649278,78.80646514148651,data\road_images\8318132194_8318132197_0\0_79.jpg
8318132197_1138897912_0,8318132197,1138897912,0,0,10.3129093,123.8860168,347.48141718932413,data\road_images\8318132197_1138897912_0\0_347.jpg
8318132197_1138895127_0,8318132197,1138895127,0,0,10.31231679184547,123.88615052821422,169.12470206709213,data\road_images\8318132197_1138895127_0\0_169.jpg
8318132197_8318132194_0,8318132197,8318132194,0,0,10.31280538353196,123.88573366649278,258.80657033465815,data\road_images\8318132197_8318132194_0\0_259.jpg
8318139091_1138897998_0,8318139091,1138897998,0,0,10.310520799999999,123.8885983,61.88181748181893,data\road_images\8318139091_1138897998_0\0_62.jpg
8318139091_1138897997_0,8318139091,1138897997,0,0,10.31042525,123.88840395,245.8798309884575,data\road_images\8318139091_1138897997_0\0_246.jpg
8318139091_5911986559_0,8318139091,5911986559,0,0,10.311023631195102,123.88851018439398,317.37881110000893,data\road_images\8318139091_5911986559_0\0_317.jpg
8318447737_1138894725_0,8318447737,1138894725,0,0,10.320248823400084,123.88844814553123,254.1536731761591,data\road_images\8318447737_1138894725_0\0_254.jpg
8318464346_1138894402_0,8318464346,1138894402,0,0,10.32238750761194,123.88057326301978,133.32978125163123,data\road_images\8318464346_1138894402_0\0_133.jpg
8318481531_1138894840_0,8318481531,1138894840,0,0,10.322915559673158,123.88856809607516,20.18681926453712,data\road_images\8318481531_1138894840_0\0_20.jpg
8318622363_1138897436_0,8318622363,1138897436,0,0,10.307648579681052,123.87975497008749,57.90786751032209,data\road_images\8318622363_1138897436_0\0_58.jpg
8318641894_12429019524_0,8318641894,12429019524,0,0,10.2984108,123.89297155,62.21327000782787,data\road_images\8318641894_12429019524_0\0_62.jpg
8318641894_5771172384_0,8318641894,5771172384,0,0,10.298488191372815,123.89394786759163,83.46149667340524,data\road_images\8318641894_5771172384_0\0_83.jpg
8318641894_8642144814_0,8318641894,8642144814,0,0,10.298341923932782,123.89256141478913,259.4571934046349,data\road_images\8318641894_8642144814_0\0_259.jpg
8318675250_8318675251_0,8318675250,8318675251,0,0,10.2921949,123.8910947,352.1312289640379,data\road_images\8318675250_8318675251_0\0_352.jpg
8318675251_8318675250_0,8318675251,8318675250,0,0,10.2921949,123.8910947,172.13122056662928,data\road_images\8318675251_8318675250_0\0_172.jpg
8318675251_922231018_0,8318675251,922231018,0,0,10.292386069644191,123.89120470543051,79.68759271193215,data\road_images\8318675251_922231018_0\0_80.jpg
8318675251_1093748772_0,8318675251,1093748772,0,0,10.292321424502735,123.89085798713008,259.19840689431624,data\road_images\8318675251_1093748772_0\0_259.jpg
8318684830_1138897091_0,8318684830,1138897091,0,0,10.312463000000001,123.8801624,162.97382051436762,data\road_images\8318684830_1138897091_0\0_163.jpg
8318684830_8318684831_0,8318684830,8318684831,0,0,10.3125182,123.87997150000001,246.49362553924533,data\road_images\8318684830_8318684831_0\0_246.jpg
8318684830_1138895464_0,8318684830,1138895464,0,0,10.313022211858755,123.87996761348796,338.60760800497155,data\road_images\8318684830_1138895464_0\0_339.jpg
8318684831_8318684830_0,8318684831,8318684830,0,0,10.3125182,123.87997150000001,66.49357065246699,data\road_images\8318684831_8318684830_0\0_66.jpg
8318713939_1138897172_0,8318713939,1138897172,0,0,10.3100907,123.88152339999999,281.7893330750137,data\road_images\8318713939_1138897172_0\0_282.jpg
8318713939_8318713940_0,8318713939,8318713940,0,0,10.30980555,123.88151965,197.51590064787922,data\road_images\8318713939_8318713940_0\0_198.jpg
8318713939_1138897171_0,8318713939,1138897171,0,0,10.310181979141802,123.88191248034342,3.5031965897918553,data\road_images\8318713939_1138897171_0\0_4.jpg
8318713940_8318713939_0,8318713940,8318713939,0,0,10.30980555,123.88151965,17.515869847003444,data\road_images\8318713940_8318713939_0\0_18.jpg
8318725308_8318725311_0,8318725308,8318725311,0,0,10.30915683559118,123.88290590181853,244.831197272334,data\road_images\8318725308_8318725311_0\0_245.jpg
8318725311_1138897451_0,8318725311,1138897451,0,0,10.309189199999999,123.88270225,356.27119193981304,data\road_images\8318725311_1138897451_0\0_356.jpg
8318725311_1138897450_0,8318725311,1138897450,0,0,10.30836865,123.8827566,176.27151554848808,data\road_images\8318725311_1138897450_0\0_176.jpg
8318725311_8318725308_0,8318725311,8318725308,0,0,10.30915683559118,123.88290590181853,64.8311298403612,data\road_images\8318725311_8318725308_0\0_65.jpg
8318735202_324580297_0,8318735202,324580297,0,0,10.31172385,123.87696550000001,119.9586663164456,data\road_images\8318735202_324580297_0\0_120.jpg
8318745446_8318745447_0,8318745446,8318745447,0,0,10.30835265,123.8848272,336.13401540696003,data\road_images\8318745446_8318745447_0\0_336.jpg
8318745446_1138897512_0,8318745446,1138897512,0,0,10.308089386821157,123.88478156264564,253.01281787776713,data\road_images\8318745446_1138897512_0\0_253.jpg
8318745446_5912016840_0,8318745446,5912016840,0,0,10.308259076629993,123.88529230370229,71.22191745043779,data\road_images\8318745446_5912016840_0\0_71.jpg
8318745447_8318745446_0,8318745447,8318745446,0,0,10.30835265,123.8848272,156.13398061989085,data\road_images\8318745447_8318745446_0\0_156.jpg
8318772918_324580297_0,8318772918,324580297,0,0,10.3115633,123.87721255,36.74085090543559,data\road_images\8318772918_324580297_0\0_37.jpg
8318772918_8318772919_0,8318772918,8318772919,0,0,10.3114498,123.8773615,122.25052537067097,data\road_images\8318772918_8318772919_0\0_122.jpg
8318772918_1138894663_0,8318772918,1138894663,0,0,10.31106429360477,123.87680892385609,218.7023117684518,data\road_images\8318772918_1138894663_0\0_219.jpg
8318772919_8318772918_0,8318772919,8318772918,0,0,10.3114498,123.8773615,302.25058257857825,data\road_images\8318772919_8318772918_0\0_302.jpg
8318772919_8374954583_0,8318772919,8374954583,0,0,10.311438800000001,123.87758715,36.298780074724675,data\road_images\8318772919_8374954583_0\0_36.jpg
8318772919_8318772923_0,8318772919,8318772923,0,0,10.311135711123761,123.87757663370357,181.6693379982145,data\road_images\8318772919_8318772923_0\0_182.jpg
8318772923_8318772919_0,8318772923,8318772919,0,0,10.311135711123761,123.87757663370357,1.6693359218872956,data\road_images\8318772923_8318772919_0\0_2.jpg
8318786064_1138895211_0,8318786064,1138895211,0,0,10.31258335,123.88266899999999,169.39844326380705,data\road_images\8318786064_1138895211_0\0_169.jpg
8318786064_5911868194_0,8318786064,5911868194,0,0,10.312774099999999,123.88263795,352.7025459559963,data\road_images\8318786064_5911868194_0\0_353.jpg
8318786064_8374869204_0,8318786064,8374869204,0,0,10.3127126,123.88285884999999,82.89426542462513,data\road_images\8318786064_8374869204_0\0_83.jpg
8318824010_8318824015_0,8318824010,8318824015,0,0,10.30209686297228,123.88705607790979,266.7222074217226,data\road_images\8318824010_8318824015_0\0_267.jpg
8318824015_1138899894_0,8318824015,1138899894,0,0,10.30241415,123.8867168,2.2152474659213226,data\road_images\8318824015_1138899894_0\0_2.jpg
8318824015_5912184510_0,8318824015,5912184510,0,0,10.301943251287359,123.88669851673389,182.14043626832571,data\road_images\8318824015_5912184510_0\0_182.jpg
8318824015_8318824010_0,8318824015,8318824010,0,0,10.30209686297228,123.88705607790979,86.72208713427085,data\road_images\8318824015_8318824010_0\0_87.jpg
8322978092_8322978098_0,8322978092,8322978098,0,0,10.311198685851245,123.87513692729225,167.13066810740747,data\road_images\8322978092_8322978098_0\0_167.jpg
8322978098_1138894663_0,8322978098,1138894663,0,0,10.310630862313069,123.87579998003315,102.1600051155491,data\road_images\8322978098_1138894663_0\0_102.jpg
8322978098_8322978092_0,8322978098,8322978092,0,0,10.311198685851245,123.87513692729225,347.1307010066308,data\road_images\8322978098_8322978092_0\0_347.jpg
8323856193_921143232_0,8323856193,921143232,0,0,10.298959499999999,123.90270725,271.3877365686279,data\road_images\8323856193_921143232_0\0_271.jpg
8323856193_2179444245_0,8323856193,2179444245,0,0,10.298412164487564,123.90282934891168,181.71434994914807,data\road_images\8323856193_2179444245_0\0_182.jpg
8323856193_317773521_0,8323856193,317773521,0,0,10.29894925,123.90313800000001,91.3842784669348,data\road_images\8323856193_317773521_0\0_91.jpg
8323856655_8323856659_0,8323856655,8323856659,0,0,10.301217928220648,123.90223133254312,60.737831633675,data\road_images\8323856655_8323856659_0\0_61.jpg
8323856659_317773525_0,8323856659,317773525,0,0,10.300880828031184,123.90281837490525,153.51318524801013,data\road_images\8323856659_317773525_0\0_154.jpg
8323856659_8323856655_0,8323856659,8323856655,0,0,10.301217928220648,123.90223133254312,240.73793696020982,data\road_images\8323856659_8323856655_0\0_241.jpg
8323856659_665829339_0,8323856659,665829339,0,0,10.301501133214636,123.90245007692654,328.68956664530293,data\road_images\8323856659_665829339_0\0_329.jpg
8337124342_1138898068_0,8337124342,1138898068,0,0,10.309039550000001,123.8879837,179.65759906004223,data\road_images\8337124342_1138898068_0\0_180.jpg
8337124342_1138898053_0,8337124342,1138898053,0,0,10.30979485,123.88798299999999,0.7782738757056222,data\road_images\8337124342_1138898053_0\0_1.jpg
8337124342_8337124344_0,8337124342,8337124344,0,0,10.309592869856036,123.88821219215386,111.77756989439365,data\road_images\8337124342_8337124344_0\0_112.jpg
8337124344_8337124342_0,8337124344,8337124342,0,0,10.309592869856036,123.88821219215386,291.7776396014071,data\road_images\8337124344_8337124342_0\0_292.jpg
8337350778_1140341942_0,8337350778,1140341942,0,0,10.300458788187058,123.88669783078781,348.60139223427626,data\road_images\8337350778_1140341942_0\0_349.jpg
8337350778_1093749066_0,8337350778,1093749066,0,0,10.299009888547273,123.88733679754084,153.30783756009419,data\road_images\8337350778_1093749066_0\0_153.jpg
8337350778_5912126575_0,8337350778,5912126575,0,0,10.29945958064833,123.88674898948244,255.63357845577625,data\road_images\8337350778_5912126575_0\0_256.jpg
8337848144_324580695_0,8337848144,324580695,0,0,10.299684592077636,123.878801574444,163.03706867317737,data\road_images\8337848144_324580695_0\0_163.jpg
8337848144_1140342060_0,8337848144,1140342060,0,0,10.300272654872579,123.87861946573646,343.0538818174034,data\road_images\8337848144_1140342060_0\0_343.jpg
8337848144_8337848147_0,8337848144,8337848147,0,0,10.299688942048352,123.87871208436641,225.6827780583901,data\road_images\8337848144_8337848147_0\0_226.jpg
8337848147_324580695_0,8337848147,324580695,0,0,10.299606360312618,123.87872015248684,103.77098934400527,data\road_images\8337848147_324580695_0\0_104.jpg
8337848147_1180204058_0,8337848147,1180204058,0,0,10.299815120861549,123.87785563089304,283.7994364617135,data\road_images\8337848147_1180204058_0\0_284.jpg
8337848147_8337848144_0,8337848147,8337848144,0,0,10.299688942048352,123.87871208436641,45.68274893210992,data\road_images\8337848147_8337848144_0\0_46.jpg
8337848150_8314256654_0,8337848150,8314256654,0,0,10.3073694,123.88044554999999,84.40712809186664,data\road_images\8337848150_8314256654_0\0_84.jpg
8337848150_8337848151_0,8337848150,8337848151,0,0,10.307052550000002,123.8801171,181.9298595823691,data\road_images\8337848150_8337848151_0\0_182.jpg
8337848150_1138897549_0,8337848150,1138897549,0,0,10.30668989067176,123.87913503507467,219.94374700204742,data\road_images\8337848150_1138897549_0\0_220.jpg
8337848151_8337848150_0,8337848151,8337848150,0,0,10.307052550000002,123.8801171,1.929856075473083,data\road_images\8337848151_8337848150_0\0_2.jpg
8338302735_8338302736_0,8338302735,8338302736,0,0,10.3093807,123.87512204999999,356.28907166465467,data\road_images\8338302735_8338302736_0\0_356.jpg
8338302735_500129567_0,8338302735,500129567,0,0,10.3093756978021,123.87557345037217,84.19754157598777,data\road_images\8338302735_500129567_0\0_84.jpg
8338302736_8338302735_0,8338302736,8338302735,0,0,10.3093807,123.87512204999999,176.28907050137195,data\road_images\8338302736_8338302735_0\0_176.jpg
8338302736_500129510_0,8338302736,500129510,0,0,10.30947324999965,123.8755740999963,84.48504318037885,data\road_images\8338302736_500129510_0\0_84.jpg
8341533298_1099182229_0,8341533298,1099182229,0,0,10.322073150000001,123.8906571,237.1149700390323,data\road_images\8341533298_1099182229_0\0_237.jpg
8341533298_5140122543_0,8341533298,5140122543,0,0,10.320747185226134,123.89134446905051,150.38009095219007,data\road_images\8341533298_5140122543_0\0_150.jpg
8341533298_1099182245_0,8341533298,1099182245,0,0,10.322220459380315,123.89141809802375,81.44746358930337,data\road_images\8341533298_1099182245_0\0_81.jpg
8344309127_5824092956_0,8344309127,5824092956,0,0,10.3199711,123.91118335,238.8952173248575,data\road_images\8344309127_5824092956_0\0_239.jpg
8344309127_6351608155_0,8344309127,6351608155,0,0,10.320298247003295,123.91102738520829,329.59150293506815,data\road_images\8344309127_6351608155_0\0_330.jpg
8344309127_1681036966_0,8344309127,1681036966,0,0,10.319831640465988,123.91131033398334,148.94816298195582,data\road_images\8344309127_1681036966_0\0_149.jpg
8344460807_8344460808_0,8344460807,8344460808,0,0,10.292542000000001,123.87919049999999,164.59742003770452,data\road_images\8344460807_8344460808_0\0_165.jpg
8344460807_5899633537_0,8344460807,5899633537,0,0,10.294307211005322,123.87879868397954,343.3844730997067,data\road_images\8344460807_5899633537_0\0_343.jpg
8344460807_937431168_0,8344460807,937431168,0,0,10.292595649999999,123.87926425,61.5689520177894,data\road_images\8344460807_937431168_0\0_62.jpg
8344460808_937431168_0,8344460808,937431168,0,0,10.29258315,123.87926775,53.52242501959114,data\road_images\8344460808_937431168_0\0_54.jpg
8344460808_8344460807_0,8344460808,8344460807,0,0,10.292542000000001,123.87919049999999,344.5974212879193,data\road_images\8344460808_8344460807_0\0_345.jpg
8344460808_8344460809_0,8344460808,8344460809,0,0,10.2925157,123.8791985,162.21169637794696,data\road_images\8344460808_8344460809_0\0_162.jpg
8344460809_937431168_0,8344460809,937431168,0,0,10.29256935,123.87927225,45.28972463875243,data\road_images\8344460809_937431168_0\0_45.jpg
8344460809_8344460808_0,8344460809,8344460808,0,0,10.2925157,123.8791985,342.2116979857408,data\road_images\8344460809_8344460808_0\0_342.jpg
8359445432_8359445433_0,8359445432,8359445433,0,0,10.308808299999999,123.9072175,252.8603979943058,data\road_images\8359445432_8359445433_0\0_253.jpg
8359445432_2201548388_0,8359445432,2201548388,0,0,10.3091115705888,123.90747901411602,36.01790429058286,data\road_images\8359445432_2201548388_0\0_36.jpg
8359445432_666178206_0,8359445432,666178206,0,0,10.3087818,123.9072561,191.21194284456294,data\road_images\8359445432_666178206_0\0_191.jpg
8359445433_666178203_0,8359445433,666178203,0,0,10.30876685,123.9071443,223.62647676380752,data\road_images\8359445433_666178203_0\0_224.jpg
8359445433_2201548378_0,8359445433,2201548378,0,0,10.30887605,123.90704170000001,302.85013359995224,data\road_images\8359445433_2201548378_0\0_303.jpg
8359445433_666178206_0,8359445433,666178206,0,0,10.3087676,123.9072093,124.90703892586652,data\road_images\8359445433_666178206_0\0_125.jpg
8359445433_8359445432_0,8359445433,8359445432,0,0,10.308808299999999,123.9072175,72.860381245067,data\road_images\8359445433_8359445432_0\0_73.jpg
8374843113_648757180_0,8374843113,648757180,0,0,10.315584320422742,123.9062072561774,206.74114065726175,data\road_images\8374843113_648757180_0\0_207.jpg
8374869204_8318786064_0,8374869204,8318786064,0,0,10.3127126,123.88285884999999,262.89434045207963,data\road_images\8374869204_8318786064_0\0_263.jpg
8374897641_1102906723_0,8374897641,1102906723,0,0,10.325528505402946,123.90077782479642,257.4493449032068,data\road_images\8374897641_1102906723_0\0_257.jpg
8374921398_8374921399_0,8374921398,8374921399,0,0,10.3134619,123.88315405,238.57212880829474,data\road_images\8374921398_8374921399_0\0_239.jpg
8374921399_8374921398_0,8374921399,8374921398,0,0,10.3134619,123.88315405,58.5721138593035,data\road_images\8374921399_8374921398_0\0_59.jpg
8374921399_8374921586_0,8374921399,8374921586,0,0,10.313400858660039,123.883168478466,124.58949558572158,data\road_images\8374921399_8374921586_0\0_125.jpg
8374921399_5911868192_0,8374921399,5911868192,0,0,10.31347095887491,123.88304380841147,295.09780728904695,data\road_images\8374921399_5911868192_0\0_295.jpg
8374921586_5911884070_0,8374921586,5911884070,0,0,10.3132998,123.88320425,196.29371501322024,data\road_images\8374921586_5911884070_0\0_196.jpg
8374921586_1138895159_0,8374921586,1138895159,0,0,10.313574789413725,123.88354091949326,67.27702364154754,data\road_images\8374921586_1138895159_0\0_67.jpg
8374921586_8374921399_0,8374921586,8374921399,0,0,10.313400858660039,123.883168478466,304.5895153512649,data\road_images\8374921586_8374921399_0\0_305.jpg
8374953359_1138897114_0,8374953359,1138897114,0,0,10.31165785,123.8787133,270.4400196644363,data\road_images\8374953359_1138897114_0\0_270.jpg
8374954583_8318772919_0,8374954583,8318772919,0,0,10.311438800000001,123.87758715,216.2988036488733,data\road_images\8374954583_8318772919_0\0_216.jpg
8374954584_1138897118_0,8374954584,1138897118,0,0,10.3117645,123.8778307,39.259751840999854,data\road_images\8374954584_1138897118_0\0_39.jpg
8374957602_666178202_0,8374957602,666178202,0,0,10.308497249999999,123.90705679999999,38.96023137364415,data\road_images\8374957602_666178202_0\0_39.jpg
8374957602_3396924744_0,8374957602,3396924744,0,0,10.308326081679125,123.90695924269437,65.78649101386964,data\road_images\8374957602_3396924744_0\0_66.jpg
8374957602_622267610_0,8374957602,622267610,0,0,10.30754969428352,123.90625075827622,218.48995307166388,data\road_images\8374957602_622267610_0\0_218.jpg
8374966944_1093750633_0,8374966944,1093750633,0,0,10.305004047222447,123.9047988647599,185.01636133215635,data\road_images\8374966944_1093750633_0\0_185.jpg
8374966945_1093750635_0,8374966945,1093750635,0,0,10.305006029031444,123.90515458114584,191.03647269930323,data\road_images\8374966945_1093750635_0\0_191.jpg
8374966945_5812739189_0,8374966945,5812739189,0,0,10.305063093376232,123.90546755984433,176.7874750306637,data\road_images\8374966945_5812739189_0\0_177.jpg
8374966945_5812739189_1,8374966945,5812739189,1,0,10.305084324253126,123.90535990598273,176.7874750306637,data\road_images\8374966945_5812739189_1\0_177.jpg
8374966946_10723337345_0,8374966946,10723337345,0,0,10.3140199,123.90499235,147.3127883847901,data\road_images\8374966946_10723337345_0\0_147.jpg
8374966946_648757179_0,8374966946,648757179,0,0,10.314756589893621,123.90535598796065,29.30152506186397,data\road_images\8374966946_648757179_0\0_29.jpg
8374966946_648756010_0,8374966946,648756010,0,0,10.314044831147308,123.90454559656604,247.4006835772509,data\road_images\8374966946_648756010_0\0_247.jpg
8375006866_8375006867_0,8375006866,8375006867,0,0,10.30727835,123.87609065000001,242.91505754765888,data\road_images\8375006866_8375006867_0\0_243.jpg
8375006867_8375006866_0,8375006867,8375006866,0,0,10.30727835,123.87609065000001,62.9150148377185,data\road_images\8375006867_8375006866_0\0_63.jpg
8375006867_5963371038_0,8375006867,5963371038,0,0,10.306773735022647,123.87604650776449,169.6424513912848,data\road_images\8375006867_5963371038_0\0_170.jpg
8375006867_1138895472_0,8375006867,1138895472,0,0,10.307594126462218,123.87595929786066,358.80828431490943,data\road_images\8375006867_1138895472_0\0_359.jpg
8375012050_1138900023_0,8375012050,1138900023,0,0,10.307277299999999,123.8836795,74.35947947738089,data\road_images\8375012050_1138900023_0\0_74.jpg
8375022606_8375022607_0,8375022606,8375022607,0,0,10.308533950000001,123.87563324999999,278.3972517825806,data\road_images\8375022606_8375022607_0\0_278.jpg
8375022606_1138895472_0,8375022606,1138895472,0,0,10.308227325012462,123.87596373082913,182.23659260383675,data\road_images\8375022606_1138895472_0\0_182.jpg
8375022606_500129567_0,8375022606,500129567,0,0,10.308952598841861,123.87599875893811,2.7478320083740186,data\road_images\8375022606_500129567_0\0_3.jpg
8375022607_8375022606_0,8375022607,8375022606,0,0,10.308533950000001,123.87563324999999,98.39712918477215,data\road_images\8375022607_8375022606_0\0_98.jpg
8375027781_10861633943_0,8375027781,10861633943,0,0,10.2989037,123.89546014999999,108.39167765321679,data\road_images\8375027781_10861633943_0\0_108.jpg
8375027781_5972511878_0,8375027781,5972511878,0,0,10.298956738924163,123.89520770730239,280.7978243993473,data\road_images\8375027781_5972511878_0\0_281.jpg
8375027781_937431151_0,8375027781,937431151,0,0,10.298832463589864,123.89519211313156,252.70091501046716,data\road_images\8375027781_937431151_0\0_253.jpg
8375027781_281418215_0,8375027781,281418215,0,0,10.29892925,123.89550285,81.40530997068288,data\road_images\8375027781_281418215_0\0_81.jpg
8375055959_5938046307_0,8375055959,5938046307,0,0,10.3059045,123.90409729999999,290.4335387153154,data\road_images\8375055959_5938046307_0\0_290.jpg
8375055959_5938046312_0,8375055959,5938046312,0,0,10.305860599999999,123.90424465,101.38800538487021,data\road_images\8375055959_5938046312_0\0_101.jpg
8375055959_7737761252_0,8375055959,7737761252,0,0,10.30597405,123.90419545,6.0008994366606885,data\road_images\8375055959_7737761252_0\0_6.jpg
8375123102_5779790311_0,8375123102,5779790311,0,0,10.293377982448739,123.88400768721912,160.467279545525,data\road_images\8375123102_5779790311_0\0_160.jpg
8375249185_5848742701_0,8375249185,5848742701,0,0,10.326474041249782,123.8800690159015,82.79383476775757,data\road_images\8375249185_5848742701_0\0_83.jpg
8375269413_1138894196_0,8375269413,1138894196,0,0,10.326007239061765,123.87589178398413,127.40236890508743,data\road_images\8375269413_1138894196_0\0_127.jpg
8375356264_1104252757_0,8375356264,1104252757,0,0,10.320220163722365,123.89547104260464,243.80071979205638,data\road_images\8375356264_1104252757_0\0_244.jpg
8375377345_5836534012_0,8375377345,5836534012,0,0,10.316536249999999,123.89580219999999,161.76594005879053,data\road_images\8375377345_5836534012_0\0_162.jpg
8375396978_8375396982_0,8375396978,8375396982,0,0,10.296654336814777,123.87615889717188,340.5864230209095,data\road_images\8375396978_8375396982_0\0_341.jpg
8375396982_1140342598_0,8375396982,1140342598,0,0,10.2968519,123.87606844999999,247.37326869249793,data\road_images\8375396982_1140342598_0\0_247.jpg
8375396982_1141745459_0,8375396982,1141745459,0,0,10.296909450000001,123.87620905,67.41672560191626,data\road_images\8375396982_1141745459_0\0_67.jpg
8375396982_8375396978_0,8375396982,8375396978,0,0,10.296654336814777,123.87615889717188,160.58639683479942,data\road_images\8375396982_8375396978_0\0_161.jpg
8375569143_5799643980_0,8375569143,5799643980,0,0,10.305817897655333,123.89837532690179,143.93761705558313,data\road_images\8375569143_5799643980_0\0_144.jpg
8378921458_8378921461_0,8378921458,8378921461,0,0,10.307314459996324,123.88640978883694,171.78387081644632,data\road_images\8378921458_8378921461_0\0_172.jpg
8378921461_1138899793_0,8378921461,1138899793,0,0,10.306831200000001,123.88658985000001,82.00519158004249,data\road_images\8378921461_1138899793_0\0_82.jpg
8378921461_1138899794_0,8378921461,1138899794,0,0,10.306754132100643,123.88619225504297,257.7300556610681,data\road_images\8378921461_1138899794_0\0_258.jpg
8378921461_8378921458_0,8378921461,8378921458,0,0,10.307314459996324,123.88640978883694,351.78389697569287,data\road_images\8378921461_8378921458_0\0_352.jpg
8382791875_5773524248_0,8382791875,5773524248,0,0,10.3017507,123.90079765,348.4900236049504,data\road_images\8382791875_5773524248_0\0_348.jpg
8382791875_318387239_0,8382791875,318387239,0,0,10.301632552389313,123.90082321039161,167.25531789417676,data\road_images\8382791875_318387239_0\0_167.jpg
8382791875_8498787530_0,8382791875,8498787530,0,0,10.301574514602672,123.9005272529744,242.6944828610497,data\road_images\8382791875_8498787530_0\0_243.jpg
8382791875_912971898_0,8382791875,912971898,0,0,10.301710424768505,123.90091630728261,73.64859084566933,data\road_images\8382791875_912971898_0\0_74.jpg
8386759449_622267614_0,8386759449,622267614,0,0,10.306388949999999,123.90608424999999,50.37070676590548,data\road_images\8386759449_622267614_0\0_50.jpg
8386759449_317000954_0,8386759449,317000954,0,0,10.306145859462935,123.90606258885069,171.92190808362056,data\road_images\8386759449_317000954_0\0_172.jpg
8386759449_8386759452_0,8386759449,8386759452,0,0,10.306520818502918,123.90581824927676,306.9837143821662,data\road_images\8386759449_8386759452_0\0_307.jpg
8386759451_8386759452_0,8386759451,8386759452,0,0,10.3067347,123.90553635,130.74805706024608,data\road_images\8386759451_8386759452_0\0_131.jpg
8386759451_1093750603_0,8386759451,1093750603,0,0,10.306422640519893,123.90521251284633,216.00019485834386,data\road_images\8386759451_1093750603_0\0_216.jpg
8386759451_960098117_0,8386759451,960098117,0,0,10.30681,123.9055012,39.51642644311977,data\road_images\8386759451_960098117_0\0_40.jpg
8386759451_8585145411_0,8386759451,8585145411,0,0,10.3068211,123.90544505,318.5429618427938,data\road_images\8386759451_8585145411_0\0_319.jpg
8386759452_622267610_0,8386759452,622267610,0,0,10.306717899999999,123.90561790000001,36.623248977137564,data\road_images\8386759452_622267610_0\0_37.jpg
8386759452_8386759449_0,8386759452,8386759449,0,0,10.306520818502918,123.90581824927676,126.98363426438738,data\road_images\8386759452_8386759449_0\0_127.jpg
8386759452_1093750626_0,8386759452,1093750626,0,0,10.30631291979792,123.90532238459915,215.72784208272452,data\road_images\8386759452_1093750626_0\0_216.jpg
8386759452_8386759451_0,8386759452,8386759451,0,0,10.3067347,123.90553635,310.7480776181536,data\road_images\8386759452_8386759451_0\0_311.jpg
8393487349_1138895258_0,8393487349,1138895258,0,0,10.31729165,123.87897855,192.31430792870168,data\road_images\8393487349_1138895258_0\0_192.jpg
8393487349_1138895569_0,8393487349,1138895569,0,0,10.3173758,123.87878169999999,288.9425242694515,data\road_images\8393487349_1138895569_0\0_289.jpg
8393487349_8318082581_0,8393487349,8318082581,0,0,10.317471194722295,123.87907001967815,37.69749609754217,data\road_images\8393487349_8318082581_0\0_38.jpg
8393641106_1138645183_0,8393641106,1138645183,0,0,10.326521895646996,123.87822620113151,61.125596255861296,data\road_images\8393641106_1138645183_0\0_61.jpg
8396772028_5848266221_0,8396772028,5848266221,0,0,10.320996761477527,123.87640893811077,271.8871168069596,data\road_images\8396772028_5848266221_0\0_272.jpg
8396772028_8396772029_0,8396772028,8396772029,0,0,10.320946780334136,123.87650381286667,155.88565343042058,data\road_images\8396772028_8396772029_0\0_156.jpg
8396772028_8396772030_0,8396772028,8396772030,0,0,10.321018025976416,123.87652700502812,59.54382138649032,data\road_images\8396772028_8396772030_0\0_60.jpg
8396772029_5848266227_0,8396772029,5848266227,0,0,10.320733024263586,123.87647084180647,201.8098379393034,data\road_images\8396772029_5848266227_0\0_202.jpg
8396772029_8396772031_0,8396772029,8396772031,0,0,10.320920825892719,123.87657722855779,66.27397740028084,data\road_images\8396772029_8396772031_0\0_66.jpg
8396772029_8396772028_0,8396772029,8396772028,0,0,10.320946780334136,123.87650381286667,335.88565850108097,data\road_images\8396772029_8396772028_0\0_336.jpg
8396772030_8396772028_0,8396772030,8396772028,0,0,10.321018025976416,123.87652700502812,239.54383405373312,data\road_images\8396772030_8396772028_0\0_240.jpg
8396772030_8396772031_0,8396772030,8396772031,0,0,10.320997842009158,123.8766046146753,149.9817210567959,data\road_images\8396772030_8396772031_0\0_150.jpg
8396772030_5848266231_0,8396772030,5848266231,0,0,10.321174988696807,123.87658798740418,3.1758457649041247,data\road_images\8396772030_5848266231_0\0_3.jpg
8396772031_8396772030_0,8396772031,8396772030,0,0,10.320997842009158,123.8766046146753,329.9817281690059,data\road_images\8396772031_8396772030_0\0_330.jpg
8396772031_8396772029_0,8396772031,8396772029,0,0,10.320920825892719,123.87657722855779,246.2739921101987,data\road_images\8396772031_8396772029_0\0_246.jpg
8396772031_5848266220_0,8396772031,5848266220,0,0,10.320939094015701,123.87668074734245,99.24201201133968,data\road_images\8396772031_5848266220_0\0_99.jpg
8404007219_282921471_0,8404007219,282921471,0,0,10.295782143947793,123.89724274995595,245.1818836086482,data\road_images\8404007219_282921471_0\0_245.jpg
8404007219_8594919532_0,8404007219,8594919532,0,0,10.296174549481409,123.8980692172442,58.555475400868715,data\road_images\8404007219_8594919532_0\0_59.jpg
8404007219_5768688016_0,8404007219,5768688016,0,0,10.296058176802633,123.89804488897556,130.78114821009854,data\road_images\8404007219_5768688016_0\0_131.jpg
8404145227_4034738995_0,8404145227,4034738995,0,0,10.294295550000001,123.8934868,76.34313397929475,data\road_images\8404145227_4034738995_0\0_76.jpg
8404145227_1093748746_0,8404145227,1093748746,0,0,10.294164290098596,123.89274562567822,259.913009949891,data\road_images\8404145227_1093748746_0\0_260.jpg
8404145227_1295696088_0,8404145227,1295696088,0,0,10.294721747213822,123.89315647590877,330.1403464977582,data\road_images\8404145227_1295696088_0\0_330.jpg
8410930315_5846464948_0,8410930315,5846464948,0,0,10.325596900084502,123.88791805259983,178.16982640955325,data\road_images\8410930315_5846464948_0\0_178.jpg
8498787530_622255125_0,8498787530,622255125,0,0,10.3012488,123.8999838,241.0227312815227,data\road_images\8498787530_622255125_0\0_241.jpg
8498787530_318387239_0,8498787530,318387239,0,0,10.301491525934692,123.90055652262424,72.18528523383401,data\road_images\8498787530_318387239_0\0_72.jpg
8498787530_8382791875_0,8498787530,8382791875,0,0,10.301574514602672,123.9005272529744,62.69438713412836,data\road_images\8498787530_8382791875_0\0_63.jpg
8585145411_5359783336_0,8585145411,5359783336,0,0,10.30689935,123.90537044999999,315.3250980487603,data\road_images\8585145411_5359783336_0\0_315.jpg
8585145411_8386759451_0,8585145411,8386759451,0,0,10.3068211,123.90544505,138.5429497291775,data\road_images\8585145411_8386759451_0\0_139.jpg
8585145411_960098117_0,8585145411,960098117,0,0,10.3068477,123.90546735000001,101.360983630899,data\road_images\8585145411_960098117_0\0_101.jpg
8585244527_8585244528_0,8585244527,8585244528,0,0,10.31606685,123.9073062,219.4268700108337,data\road_images\8585244527_8585244528_0\0_219.jpg
8585244527_5815513305_0,8585244527,5815513305,0,0,10.31618895,123.90736915,312.6295193109886,data\road_images\8585244527_5815513305_0\0_313.jpg
8585244527_8585244529_0,8585244527,8585244529,0,0,10.316131995012624,123.9074901294192,111.04206584402772,data\road_images\8585244527_8585244529_0\0_111.jpg
8585244528_8585244527_0,8585244528,8585244527,0,0,10.31606685,123.9073062,39.42683949584739,data\road_images\8585244528_8585244527_0\0_39.jpg
8585244529_8585244527_0,8585244529,8585244527,0,0,10.316131995012624,123.9074901294192,291.0421011404683,data\road_images\8585244529_8585244527_0\0_291.jpg
8585656113_1101216455_0,8585656113,1101216455,0,0,10.32404445,123.9020718,121.00722860276994,data\road_images\8585656113_1101216455_0\0_121.jpg
8586577828_5815513346_0,8586577828,5815513346,0,0,10.3249422,123.90001864999999,44.39723134979306,data\road_images\8586577828_5815513346_0\0_44.jpg
8594574355_8594574357_0,8594574355,8594574357,0,0,10.315198899999999,123.8933976,341.08081692107345,data\road_images\8594574355_8594574357_0\0_341.jpg
8594574357_10677734240_0,8594574357,10677734240,0,0,10.31530025,123.8929004,251.9164375101376,data\road_images\8594574357_10677734240_0\0_252.jpg
8594574357_1332943592_0,8594574357,1332943592,0,0,10.315527450000001,123.89355745,68.47907458018733,data\road_images\8594574357_1332943592_0\0_68.jpg
8594574357_8594574355_0,8594574357,8594574355,0,0,10.315198899999999,123.8933976,161.08078762632522,data\road_images\8594574357_8594574355_0\0_161.jpg
8594919530_1093748401_0,8594919530,1093748401,0,0,10.293166150000001,123.8955171,258.8057508221994,data\road_images\8594919530_1093748401_0\0_259.jpg
8594919530_1093748411_0,8594919530,1093748411,0,0,10.292725527551243,123.89576464875176,129.0883382435186,data\road_images\8594919530_1093748411_0\0_129.jpg
8594919530_1093748419_0,8594919530,1093748419,0,0,10.293241449211243,123.89590289039208,78.78417077138084,data\road_images\8594919530_1093748419_0\0_79.jpg
8594919532_4034730273_0,8594919532,4034730273,0,0,10.29627685,123.89823344999999,57.92629219099473,data\road_images\8594919532_4034730273_0\0_58.jpg
8594919532_5768688016_0,8594919532,5768688016,0,0,10.29610666009127,123.89815755288829,196.8374399264734,data\road_images\8594919532_5768688016_0\0_197.jpg
8594919532_8404007219_0,8594919532,8404007219,0,0,10.296174549481409,123.8980692172442,238.55551945918518,data\road_images\8594919532_8404007219_0\0_239.jpg
8594919532_8695596496_0,8594919532,8695596496,0,0,10.29631845,123.89816669999999,340.38769088854315,data\road_images\8594919532_8695596496_0\0_340.jpg
8594919533_960097955_0,8594919533,960097955,0,0,10.297707599999999,123.89747804999999,14.333257718152083,data\road_images\8594919533_960097955_0\0_14.jpg
8594919533_8695596496_0,8594919533,8695596496,0,0,10.297020612998882,123.89779832148567,152.4457230775463,data\road_images\8594919533_8695596496_0\0_152.jpg
8594919533_1129145570_0,8594919533,1129145570,0,0,10.297691,123.8974291,309.3794805431195,data\road_images\8594919533_1129145570_0\0_309.jpg
8594942416_8594974217_0,8594942416,8594974217,0,0,10.297358,123.8894019,350.06671651028336,data\road_images\8594942416_8594974217_0\0_350.jpg
8594942416_2343095219_0,8594942416,2343095219,0,0,10.297499197573767,123.89050698617078,73.0050601611456,data\road_images\8594942416_2343095219_0\0_73.jpg
8594942416_5773265735_0,8594942416,5773265735,0,0,10.297272750000001,123.88919824999999,263.66409724099657,data\road_images\8594942416_5773265735_0\0_264.jpg
8594974217_8594942416_0,8594974217,8594942416,0,0,10.297358,123.8894019,170.06671257766334,data\road_images\8594974217_8594942416_0\0_170.jpg
8594974217_5773265733_0,8594974217,5773265733,0,0,10.297396776288977,123.88917609302855,263.89763050411733,data\road_images\8594974217_5773265733_0\0_264.jpg
8594974217_1093749144_0,8594974217,1093749144,0,0,10.297534879500649,123.89014897080074,76.29975608881887,data\road_images\8594974217_1093749144_0\0_76.jpg
8595182635_900137905_0,8595182635,900137905,0,0,10.294286549999999,123.90488690000001,205.08314525933562,data\road_images\8595182635_900137905_0\0_205.jpg
8595182635_8595182636_0,8595182635,8595182636,0,0,10.29435985,123.90497135000001,117.545200964596,data\road_images\8595182635_8595182636_0\0_118.jpg
8595182635_8595182637_0,8595182635,8595182637,0,0,10.294453350000001,123.90496395,23.6084706357546,data\road_images\8595182635_8595182637_0\0_24.jpg
8595182636_956808272_0,8595182636,956808272,0,0,10.2941228,123.90544865000001,116.71341973911751,data\road_images\8595182636_956808272_0\0_117.jpg
8595182636_8595182638_0,8595182636,8595182638,0,0,10.294411700000001,123.9050413,22.27494035290664,data\road_images\8595182636_8595182638_0\0_22.jpg
8595182636_956663876_0,8595182636,956663876,0,0,10.293923249999999,123.90480925,205.5231421423741,data\road_images\8595182636_956663876_0\0_206.jpg
8595182636_8595182635_0,8595182636,8595182635,0,0,10.29435985,123.90497135000001,297.54521520763944,data\road_images\8595182636_8595182635_0\0_298.jpg
8595182637_8595182635_0,8595182637,8595182635,0,0,10.294453350000001,123.90496395,203.608482233821,data\road_images\8595182637_8595182635_0\0_204.jpg
8595182637_281446264_0,8595182637,281446264,0,0,10.29455655,123.9050216,39.43270788006936,data\road_images\8595182637_281446264_0\0_39.jpg
8595182637_8595182638_0,8595182637,8595182638,0,0,10.2945052,123.9050339,119.88093033079497,data\road_images\8595182637_8595182638_0\0_120.jpg
8595182638_8595182637_0,8595182638,8595182637,0,0,10.2945052,123.9050339,299.8809437349804,data\road_images\8595182638_8595182637_0\0_300.jpg
8595182638_281446264_0,8595182638,281446264,0,0,10.29453535,123.90505909999999,346.73871665976844,data\road_images\8595182638_281446264_0\0_347.jpg
8595182638_940959692_0,8595182638,940959692,0,0,10.294260386082115,123.90551406556226,117.36381565595815,data\road_images\8595182638_940959692_0\0_117.jpg
8595182638_8595182636_0,8595182638,8595182636,0,0,10.294411700000001,123.9050413,202.2749511111524,data\road_images\8595182638_8595182636_0\0_202.jpg
8602536613_1138894247_0,8602536613,1138894247,0,0,10.321746749999999,123.88188535,337.13796683701463,data\road_images\8602536613_1138894247_0\0_337.jpg
8602557542_1138645289_0,8602557542,1138645289,0,0,10.326101909356302,123.88700357886962,269.217776534685,data\road_images\8602557542_1138645289_0\0_269.jpg
8604831628_8318082580_0,8604831628,8318082580,0,0,10.31822793985085,123.87915116996871,164.30870987527965,data\road_images\8604831628_8318082580_0\0_164.jpg
8642144813_8642144814_0,8642144813,8642144814,0,0,10.298311349999999,123.8921982,160.34530947844246,data\road_images\8642144813_8642144814_0\0_160.jpg
8642144813_5799452618_0,8642144813,5799452618,0,0,10.298338039272881,123.89207725003686,250.92447808791636,data\road_images\8642144813_5799452618_0\0_251.jpg
8642144813_12429019504_0,8642144813,12429019504,0,0,10.298460699116346,123.89253278243329,78.69164584230998,data\road_images\8642144813_12429019504_0\0_79.jpg
8642144814_8642144813_0,8642144814,8642144813,0,0,10.298311349999999,123.8921982,340.3453169870984,data\road_images\8642144814_8642144813_0\0_340.jpg
8642144814_8318641894_0,8642144814,8318641894,0,0,10.298341923932782,123.89256141478913,79.45706931809389,data\road_images\8642144814_8318641894_0\0_79.jpg
8642144814_5799452617_0,8642144814,5799452617,0,0,10.298217341821974,123.89212741717607,247.35750183474846,data\road_images\8642144814_5799452617_0\0_247.jpg
8689705337_2248903663_0,8689705337,2248903663,0,0,10.299336589472283,123.87982045309998,103.99102237146536,data\road_images\8689705337_2248903663_0\0_104.jpg
8689705337_324580695_0,8689705337,324580695,0,0,10.299550417428687,123.87894994200818,284.00209814548293,data\road_images\8689705337_324580695_0\0_284.jpg
8689705337_5955843401_0,8689705337,5955843401,0,0,10.299462549938054,123.87895886272561,215.9921715166125,data\road_images\8689705337_5955843401_0\0_216.jpg
8695596496_4034730273_0,8695596496,4034730273,0,0,10.2963445,123.89820895,122.35102904564349,data\road_images\8695596496_4034730273_0\0_122.jpg
8695596496_8594919532_0,8695596496,8594919532,0,0,10.29631845,123.89816669999999,160.3876821303537,data\road_images\8695596496_8594919532_0\0_160.jpg
8695596496_8594919533_0,8695596496,8594919533,0,0,10.297020612998882,123.89779832148567,332.445843949049,data\road_images\8695596496_8594919533_0\0_332.jpg
8696556391_5793164912_0,8696556391,5793164912,0,0,10.310326700000001,123.89988885,77.63585476951698,data\road_images\8696556391_5793164912_0\0_78.jpg
8696556391_8317803576_0,8696556391,8317803576,0,0,10.310176569431144,123.8991525450163,258.4154247372312,data\road_images\8696556391_8317803576_0\0_258.jpg
8696556391_369910966_0,8696556391,369910966,0,0,10.31007270154388,123.89959896647379,183.73749809627515,data\road_images\8696556391_369910966_0\0_184.jpg
8696556391_666178174_0,8696556391,666178174,0,0,10.310859916804205,123.8997431454807,9.098224344198456,data\road_images\8696556391_666178174_0\0_9.jpg
8696673065_4034730273_0,8696673065,4034730273,0,0,10.296380870195238,123.89841101718338,239.63260750018523,data\road_images\8696673065_4034730273_0\0_240.jpg
8696673065_622255117_0,8696673065,622255117,0,0,10.296600300310294,123.89879152100916,59.638852190305556,data\road_images\8696673065_622255117_0\0_60.jpg
8696673065_8696673067_0,8696673065,8696673067,0,0,10.296319173032607,123.89848013640436,185.55553433860894,data\road_images\8696673065_8696673067_0\0_186.jpg
8696673067_4034730273_0,8696673067,4034730273,0,0,10.296228967614267,123.89839270263951,299.24194285023094,data\road_images\8696673067_4034730273_0\0_299.jpg
8696673067_8696673065_0,8696673067,8696673065,0,0,10.296319173032607,123.89848013640436,5.555529226697615,data\road_images\8696673067_8696673065_0\0_6.jpg
8696673067_317773495_0,8696673067,317773495,0,0,10.295934279560893,123.89900672016698,114.95682058422756,data\road_images\8696673067_317773495_0\0_115.jpg
8696673073_622255117_0,8696673073,622255117,0,0,10.296820136020061,123.89917305806041,239.63183211937826,data\road_images\8696673073_622255117_0\0_240.jpg
8696673073_318387345_0,8696673073,318387345,0,0,10.297288284092154,123.89995658197093,61.55560036330564,data\road_images\8696673073_318387345_0\0_62.jpg
8696673073_8696673075_0,8696673073,8696673075,0,0,10.296750189182717,123.89927040673076,181.75759992536706,data\road_images\8696673073_8696673075_0\0_182.jpg
8696673075_622255117_0,8696673075,622255117,0,0,10.296669404645487,123.89916832512661,299.1369783560782,data\road_images\8696673075_622255117_0\0_299.jpg
8696673075_8696673073_0,8696673075,8696673073,0,0,10.296750189182717,123.89927040673076,1.7575982451562595,data\road_images\8696673075_8696673073_0\0_2.jpg
8696673075_497829484_0,8696673075,497829484,0,0,10.296427088537094,123.89965159445413,116.19047686847415,data\road_images\8696673075_497829484_0\0_116.jpg
8699726892_1093752053_0,8699726892,1093752053,0,0,10.2954498,123.9009814,224.0700777237071,data\road_images\8699726892_1093752053_0\0_224.jpg
8699726892_497829484_0,8699726892,497829484,0,0,10.29598836402153,123.90062433897249,293.8650701462116,data\road_images\8699726892_497829484_0\0_294.jpg
8699726892_497829447_0,8699726892,497829447,0,0,10.295627829930536,123.90149858866499,109.68239225421831,data\road_images\8699726892_497829447_0\0_110.jpg
8865044737_280332598_0,8865044737,280332598,0,0,10.315277850000001,123.9016117,62.164236068764126,data\road_images\8865044737_280332598_0\0_62.jpg
8865044737_622264025_0,8865044737,622264025,0,0,10.315140471153237,123.90164908673557,152.63014467458174,data\road_images\8865044737_622264025_0\0_153.jpg
8865044737_8865044740_0,8865044737,8865044740,0,0,10.31537105,123.90152925000001,333.66997251520803,data\road_images\8865044737_8865044740_0\0_334.jpg
8865044738_8865044740_0,8865044738,8865044740,0,0,10.3155476,123.9014613,168.89987252309174,data\road_images\8865044738_8865044740_0\0_169.jpg
8865044738_5815513266_0,8865044738,5815513266,0,0,10.316249445190428,123.90114083695116,333.51089750813776,data\road_images\8865044738_5815513266_0\0_334.jpg
8865044738_1099182423_0,8865044738,1099182423,0,0,10.315564349999999,123.90149295,139.34253378432345,data\road_images\8865044738_1099182423_0\0_139.jpg
8865044740_1099182423_0,8865044740,1099182423,0,0,10.315495649999999,123.90150665,61.723275114931084,data\road_images\8865044740_1099182423_0\0_62.jpg
8865044740_8865044737_0,8865044740,8865044737,0,0,10.31537105,123.90152925000001,153.66995308644368,data\road_images\8865044740_8865044737_0\0_154.jpg
8865044740_1099182427_0,8865044740,1099182427,0,0,10.315372204937713,123.90081654900439,267.3518799825993,data\road_images\8865044740_1099182427_0\0_267.jpg
8865044740_8865044738_0,8865044740,8865044738,0,0,10.3155476,123.9014613,348.8998774296368,data\road_images\8865044740_8865044738_0\0_349.jpg
8865044742_369910967_0,8865044742,369910967,0,0,10.314019824169591,123.902300805348,152.24164128189614,data\road_images\8865044742_369910967_0\0_152.jpg
8865044742_280332598_0,8865044742,280332598,0,0,10.315012228615062,123.90179140973041,334.75237572057154,data\road_images\8865044742_280332598_0\0_335.jpg
8865044742_622264025_0,8865044742,622264025,0,0,10.314850883430081,123.90179240904028,326.2614355217018,data\road_images\8865044742_622264025_0\0_326.jpg
9096788039_937431075_0,9096788039,937431075,0,0,10.3258629,123.9075312,139.17357031965366,data\road_images\9096788039_937431075_0\0_139.jpg
9096788039_456833143_0,9096788039,456833143,0,0,10.32505663010283,123.9068070377082,214.3826062041663,data\road_images\9096788039_456833143_0\0_214.jpg
9096788039_5824833960_0,9096788039,5824833960,0,0,10.326028271539391,123.90738026620697,318.52360722305525,data\road_images\9096788039_5824833960_0\0_319.jpg
9096788039_6351608171_0,9096788039,6351608171,0,0,10.3259377,123.9075176,44.016216522701825,data\road_images\9096788039_6351608171_0\0_44.jpg
9179423364_280332314_0,9179423364,280332314,0,0,10.310749699999999,123.9039424,170.89742704199887,data\road_images\9179423364_280332314_0\0_171.jpg
9179423364_5814889645_0,9179423364,5814889645,0,0,10.310937398913868,123.90387173191257,332.7001533384363,data\road_images\9179423364_5814889645_0\0_333.jpg
9179423364_280324097_0,9179423364,280324097,0,0,10.310692874975913,123.90404883572816,134.20702290358167,data\road_images\9179423364_280324097_0\0_134.jpg
10603448739_10603448745_0,10603448739,10603448745,0,0,10.326122807389469,123.90779350125045,129.3456845125212,data\road_images\10603448739_10603448745_0\0_129.jpg
10603448739_6351608171_0,10603448739,6351608171,0,0,10.326076055218461,123.90765961161043,223.45902839533326,data\road_images\10603448739_6351608171_0\0_223.jpg
10603448745_456833165_0,10603448745,456833165,0,0,10.3261062,123.9078667,208.41746185392734,data\road_images\10603448745_456833165_0\0_208.jpg
10603448745_10603448739_0,10603448745,10603448739,0,0,10.326122807389469,123.90779350125045,309.3457031371254,data\road_images\10603448745_10603448739_0\0_309.jpg
10677734240_8594574357_0,10677734240,8594574357,0,0,10.31530025,123.8929004,71.91628874309453,data\road_images\10677734240_8594574357_0\0_72.jpg
10677734240_321793641_0,10677734240,321793641,0,0,10.31509275,123.8922709,250.63100689146128,data\road_images\10677734240_321793641_0\0_251.jpg
10677734240_317003680_0,10677734240,317003680,0,0,10.315869287369763,123.89224510552363,341.40851568508333,data\road_images\10677734240_317003680_0\0_341.jpg
10677734241_1097698732_0,10677734241,1097698732,0,0,10.315870149999999,123.89447535,71.59751345052774,data\road_images\10677734241_1097698732_0\0_72.jpg
10677734241_1097698728_0,10677734241,1097698728,0,0,10.316023999999999,123.89424654999999,340.5560902900457,data\road_images\10677734241_1097698728_0\0_341.jpg
10677734241_1332943592_0,10677734241,1332943592,0,0,10.31572025,123.89405955,248.865959249938,data\road_images\10677734241_1332943592_0\0_249.jpg
10677734241_1099182014_0,10677734241,1099182014,0,0,10.315183099999999,123.89453219999999,161.832605539557,data\road_images\10677734241_1099182014_0\0_162.jpg
10705586852_10705586854_0,10705586852,10705586854,0,0,10.3034082,123.88161015,275.3558471447968,data\road_images\10705586852_10705586854_0\0_275.jpg
10705586854_5966552958_0,10705586854,5966552958,0,0,10.303395850000001,123.8814927,257.099728753897,data\road_images\10705586854_5966552958_0\0_257.jpg
10705586854_10705586852_0,10705586854,10705586852,0,0,10.3034082,123.88161015,95.35583124387188,data\road_images\10705586854_10705586852_0\0_95.jpg
10705586854_5966552957_0,10705586854,5966552957,0,0,10.303430800000001,123.8816054,64.65623191134296,data\road_images\10705586854_5966552957_0\0_65.jpg
10723337345_8374966946_0,10723337345,8374966946,0,0,10.3140199,123.90499235,327.3128285084255,data\road_images\10723337345_8374966946_0\0_327.jpg
10723337345_996264591_0,10723337345,996264591,0,0,10.313516002858709,123.90528745647971,153.0199742454745,data\road_images\10723337345_996264591_0\0_153.jpg
10723337345_648757168_0,10723337345,648757168,0,0,10.312950741568535,123.90508425895662,181.08298724660492,data\road_images\10723337345_648757168_0\0_181.jpg
10723337345_648757180_0,10723337345,648757180,0,0,10.314467733033872,123.9057264031242,32.88564275748854,data\road_images\10723337345_648757180_0\0_33.jpg
10743585372_321793935_0,10743585372,321793935,0,0,10.3112755,123.89257280000001,250.40076230284564,data\road_images\10743585372_321793935_0\0_250.jpg
10743585372_10743602317_0,10743585372,10743602317,0,0,10.3112914,123.89261785,70.19296277661317,data\road_images\10743585372_10743602317_0\0_70.jpg
10743585372_281418189_0,10743585372,281418189,0,0,10.3108282762214,123.89275157073766,171.7959647768023,data\road_images\10743585372_281418189_0\0_172.jpg
10743585372_10743602315_0,10743585372,10743602315,0,0,10.3121173,123.8922968,341.0596662497988,data\road_images\10743585372_10743602315_0\0_341.jpg
10743602315_10743602326_0,10743602315,10743602326,0,0,10.312961600000001,123.89202900000001,71.21043279546092,data\road_images\10743602315_10743602326_0\0_71.jpg
10743602315_321793672_0,10743602315,321793672,0,0,10.312946199999999,123.89198285,251.32240973485338,data\road_images\10743602315_321793672_0\0_251.jpg
10743602315_10743585372_0,10743602315,10743585372,0,0,10.3121173,123.8922968,161.05956181520264,data\road_images\10743602315_10743585372_0\0_161.jpg
10743602315_12429019522_0,10743602315,12429019522,0,0,10.313265806946365,123.8918989702433,342.7385011929754,data\road_images\10743602315_12429019522_0\0_343.jpg
10743602316_960110987_0,10743602316,960110987,0,0,10.31479535,123.89141409999999,70.53826206378443,data\road_images\10743602316_960110987_0\0_71.jpg
10743602316_321793621_0,10743602316,321793621,0,0,10.3147701,123.89134145,250.54920091243383,data\road_images\10743602316_321793621_0\0_251.jpg
10743602316_12429019522_0,10743602316,12429019522,0,0,10.314188929343523,123.89161027010691,160.5411243506918,data\road_images\10743602316_12429019522_0\0_161.jpg
10743602316_12429019505_0,10743602316,12429019505,0,0,10.315472147704362,123.89111729038554,340.7474939419394,data\road_images\10743602316_12429019505_0\0_341.jpg
10743602317_10743585372_0,10743602317,10743585372,0,0,10.3112914,123.89261785,250.19297328413757,data\road_images\10743602317_10743585372_0\0_250.jpg
10743602317_960110984_0,10743602317,960110984,0,0,10.3113068,123.8926615,70.43529347566721,data\road_images\10743602317_960110984_0\0_70.jpg
10743602317_10743602326_0,10743602317,10743602326,0,0,10.3121357,123.89235005,340.6803145677337,data\road_images\10743602317_10743602326_0\0_341.jpg
10743602317_960110982_0,10743602317,960110982,0,0,10.31084537093965,123.89281450812237,149.93641701370564,data\road_images\10743602317_960110982_0\0_150.jpg
10743602326_960110986_0,10743602326,960110986,0,0,10.3129752,123.8920698,71.38636115416057,data\road_images\10743602326_960110986_0\0_71.jpg
10743602326_10743602315_0,10743602326,10743602315,0,0,10.312961600000001,123.89202900000001,251.21044135506708,data\road_images\10743602326_10743602315_0\0_251.jpg
10743602326_12429019522_0,10743602326,12429019522,0,0,10.313280964832664,123.89194136059052,338.4150027696337,data\road_images\10743602326_12429019522_0\0_338.jpg
10743602326_10743602317_0,10743602326,10743602317,0,0,10.3121357,123.89235005,160.68020818173284,data\road_images\10743602326_10743602317_0\0_161.jpg
10743602367_1129145558_0,10743602367,1129145558,0,0,10.30560485,123.8946161,249.65993793770667,data\road_images\10743602367_1129145558_0\0_250.jpg
10743602367_1093749466_0,10743602367,1093749466,0,0,10.305628,123.89467264999999,65.08359625442893,data\road_images\10743602367_1093749466_0\0_65.jpg
10743602367_5792422770_0,10743602367,5792422770,0,0,10.3063603,123.89437925,340.6362024408853,data\road_images\10743602367_5792422770_0\0_341.jpg
10743602367_1681093481_0,10743602367,1681093481,0,0,10.304700394109755,123.89497325533249,160.59043346430224,data\road_images\10743602367_1681093481_0\0_161.jpg
10773517793_1093748984_0,10773517793,1093748984,0,0,10.2924474,123.8944717,167.69739720710754,data\road_images\10773517793_1093748984_0\0_168.jpg
10773517793_324580429_0,10773517793,324580429,0,0,10.29270055,123.89441550000001,347.67682900918834,data\road_images\10773517793_324580429_0\0_348.jpg
10773517793_1093748948_0,10773517793,1093748948,0,0,10.292392783533833,123.89405873203599,260.1474876148772,data\road_images\10773517793_1093748948_0\0_260.jpg
10779154831_5771168179_0,10779154831,5771168179,0,0,10.297934727472878,123.89169245621181,206.63729889672766,data\road_images\10779154831_5771168179_0\0_207.jpg
10779154831_5799452617_0,10779154831,5799452617,0,0,10.298121273971045,123.89190390679369,64.8605386432339,data\road_images\10779154831_5799452617_0\0_65.jpg
10779154831_2343095219_0,10779154831,2343095219,0,0,10.29799431390172,123.89165417076049,242.47901911452408,data\road_images\10779154831_2343095219_0\0_242.jpg
10861633943_8375027781_0,10861633943,8375027781,0,0,10.2989037,123.89546014999999,288.39169208043126,data\road_images\10861633943_8375027781_0\0_288.jpg
10861633943_5944043906_0,10861633943,5944043906,0,0,10.2988727,123.8955219,130.21104937938867,data\road_images\10861633943_5944043906_0\0_130.jpg
10861633943_281418215_0,10861633943,281418215,0,0,10.298916049999999,123.89554319999999,58.69373775493784,data\road_images\10861633943_281418215_0\0_59.jpg
10861633943_12429019524_0,10861633943,12429019524,0,0,10.298610353831565,123.89427790763617,259.5239159223213,data\road_images\10861633943_12429019524_0\0_260.jpg
10878391342_5911843040_0,10878391342,5911843040,0,0,10.309676408833381,123.8783167325994,352.96955641848524,data\road_images\10878391342_5911843040_0\0_353.jpg
10878509442_10878509444_0,10878509442,10878509444,0,0,10.297057817590575,123.8804169886752,358.0638850778749,data\road_images\10878509442_10878509444_0\0_358.jpg
10878509444_1140342606_0,10878509444,1140342606,0,0,10.29748845,123.88058795,105.9685506273787,data\road_images\10878509444_1140342606_0\0_106.jpg
10878509444_1140342638_0,10878509444,1140342638,0,0,10.29762155204089,123.87985164107367,270.3284706333373,data\road_images\10878509444_1140342638_0\0_270.jpg
10878509444_10878509442_0,10878509444,10878509442,0,0,10.297057817590575,123.8804169886752,178.0638791433173,data\road_images\10878509444_10878509442_0\0_178.jpg
10878533215_1138897554_0,10878533215,1138897554,0,0,10.3056309,123.87774615000001,357.5022089686475,data\road_images\10878533215_1138897554_0\0_358.jpg
10880203767_1140342686_0,10880203767,1140342686,0,0,10.299271749999999,123.87491035,21.21556340386678,data\road_images\10880203767_1140342686_0\0_21.jpg
10880337643_1138895041_0,10880337643,1138895041,0,0,10.313797542100684,123.88788800174643,157.69862614083536,data\road_images\10880337643_1138895041_0\0_158.jpg
10880337643_1138895016_0,10880337643,1138895016,0,0,10.31440567451491,123.88750007608112,287.3811681429662,data\road_images\10880337643_1138895016_0\0_287.jpg
10880337643_10880337651_0,10880337643,10880337651,0,0,10.314518298966506,123.8878680002164,59.712734864795266,data\road_images\10880337643_10880337651_0\0_60.jpg
10880337651_10880337643_0,10880337651,10880337643,0,0,10.314518298966506,123.8878680002164,239.71283601131972,data\road_images\10880337651_10880337643_0\0_240.jpg
10880391052_1138895584_0,10880391052,1138895584,0,0,10.318360280962393,123.8781183818732,18.677637301711172,data\road_images\10880391052_1138895584_0\0_19.jpg
10880391052_1138643840_0,10880391052,1138643840,0,0,10.317903175881643,123.87762540892798,230.98280572147948,data\road_images\10880391052_1138643840_0\0_231.jpg
10880391052_8318082565_0,10880391052,8318082565,0,0,10.317724724728484,123.87812319120121,113.07267225489846,data\road_images\10880391052_8318082565_0\0_113.jpg
10880476771_1099182418_0,10880476771,1099182418,0,0,10.313333158635555,123.89952004863126,157.4593442665921,data\road_images\10880476771_1099182418_0\0_157.jpg
10885806853_1332943591_0,10885806853,1332943591,0,0,10.312204268555712,123.89435988610722,79.48895888403166,data\road_images\10885806853_1332943591_0\0_79.jpg
10892472529_996264660_0,10892472529,996264660,0,0,10.31330255,123.90733365,149.8679835826831,data\road_images\10892472529_996264660_0\0_150.jpg
10920924722_1138898007_0,10920924722,1138898007,0,0,10.3114271,123.88785605000001,252.89165126752636,data\road_images\10920924722_1138898007_0\0_253.jpg
11405019057_11405019058_0,11405019057,11405019058,0,0,10.32047065,123.89353545,192.65242561183203,data\road_images\11405019057_11405019058_0\0_193.jpg
11405019058_1104252729_0,11405019058,1104252729,0,0,10.32037155,123.89336035,275.34617375826633,data\road_images\11405019058_1104252729_0\0_275.jpg
11405019058_1104252728_0,11405019058,1104252728,0,0,10.3203535,123.89355665,95.31849341913562,data\road_images\11405019058_1104252728_0\0_95.jpg
11405019058_11405019057_0,11405019058,11405019057,0,0,10.32047065,123.89353545,12.652416385286983,data\road_images\11405019058_11405019057_0\0_13.jpg
11405019059_1099182274_0,11405019059,1099182274,0,0,10.321141339784306,123.8936318098637,352.7999928282644,data\road_images\11405019059_1099182274_0\0_353.jpg
11419628741_11419628742_0,11419628741,11419628742,0,0,10.3173138,123.9068929,155.5639094993179,data\road_images\11419628741_11419628742_0\0_156.jpg
11419628741_12116282627_0,11419628741,12116282627,0,0,10.317026262767365,123.90619729219472,227.658769160317,data\road_images\11419628741_12116282627_0\0_228.jpg
11419628741_12116282679_0,11419628741,12116282679,0,0,10.317759779696006,123.90734777902192,44.052775086157,data\road_images\11419628741_12116282679_0\0_44.jpg
11419628742_11419628741_0,11419628742,11419628741,0,0,10.3173138,123.9068929,335.5639177378976,data\road_images\11419628742_11419628741_0\0_336.jpg
11419628742_12116282664_0,11419628742,12116282664,0,0,10.317655878600853,123.90742853025594,44.61784627214553,data\road_images\11419628742_12116282664_0\0_45.jpg
11419628742_12116282620_0,11419628742,12116282620,0,0,10.316947506539028,123.90629154072099,228.32731724037617,data\road_images\11419628742_12116282620_0\0_228.jpg
11507657537_11507657538_0,11507657537,11507657538,0,0,10.304900499999999,123.8934124,158.04472288904992,data\road_images\11507657537_11507657538_0\0_158.jpg
11507657537_1093749394_0,11507657537,1093749394,0,0,10.304970326466986,123.89319660071445,247.36276018775715,data\road_images\11507657537_1093749394_0\0_247.jpg
11507657537_1129145558_0,11507657537,1129145558,0,0,10.305283199222112,123.89398645320128,65.24738823030464,data\road_images\11507657537_1129145558_0\0_65.jpg
11507657538_11507657537_0,11507657538,11507657537,0,0,10.304900499999999,123.8934124,338.04474278130675,data\road_images\11507657538_11507657537_0\0_338.jpg
11507657539_5792574060_0,11507657539,5792574060,0,0,10.306171175961088,123.89309141095907,194.00972016057747,data\road_images\11507657539_5792574060_0\0_194.jpg
11507872403_281446262_0,11507872403,281446262,0,0,10.2936517,123.90425565,113.43010771532477,data\road_images\11507872403_281446262_0\0_113.jpg
11507872403_281446261_0,11507872403,281446261,0,0,10.293820023179487,123.90386893244631,294.68369726314603,data\road_images\11507872403_281446261_0\0_295.jpg
11507872403_11507872404_0,11507872403,11507872404,0,0,10.293930101510167,123.90387904808772,344.0580432993966,data\road_images\11507872403_11507872404_0\0_344.jpg
11507872404_956664766_0,11507872404,956664766,0,0,10.294326,123.9039842,26.366272526154148,data\road_images\11507872404_956664766_0\0_26.jpg
11507872404_281446261_0,11507872404,281446261,0,0,10.293991553563085,123.90381874256155,205.23586048788673,data\road_images\11507872404_281446261_0\0_205.jpg
11507872404_11507872403_0,11507872404,11507872403,0,0,10.293930101510167,123.90387904808772,164.05802544743835,data\road_images\11507872404_11507872403_0\0_164.jpg
11699189430_5804490651_0,11699189430,5804490651,0,0,10.2979315,123.90494415,94.08443049879583,data\road_images\11699189430_5804490651_0\0_94.jpg
11703298001_4850731253_0,11703298001,4850731253,0,0,10.314225149999999,123.8749701,326.0173879354546,data\road_images\11703298001_4850731253_0\0_326.jpg
11703298002_11703298005_0,11703298002,11703298005,0,0,10.314188300000001,123.8749068,323.4831551239866,data\road_images\11703298002_11703298005_0\0_323.jpg
11703298005_4850731253_0,11703298005,4850731253,0,0,10.31422635,123.87492435,59.475490167948635,data\road_images\11703298005_4850731253_0\0_59.jpg
11703298005_11703298002_0,11703298005,11703298002,0,0,10.314188300000001,123.8749068,143.48314989628273,data\road_images\11703298005_11703298002_0\0_143.jpg
11741007175_1101216425_0,11741007175,1101216425,0,0,10.32524339664589,123.90183851221244,195.12075191683164,data\road_images\11741007175_1101216425_0\0_195.jpg
12069069010_1101216444_0,12069069010,1101216444,0,0,10.323609900000001,123.9037761,116.21037745287697,data\road_images\12069069010_1101216444_0\0_116.jpg
12116282620_11419628742_0,12116282620,11419628742,0,0,10.316947506539028,123.90629154072099,48.32713494362656,data\road_images\12116282620_11419628742_0\0_48.jpg
12116282620_648111324_0,12116282620,648111324,0,0,10.3162972,123.90587034999999,199.83857056449594,data\road_images\12116282620_648111324_0\0_200.jpg
12116282620_12116282622_0,12116282620,12116282622,0,0,10.316256620584369,123.9059445010407,144.28405994135397,data\road_images\12116282620_12116282622_0\0_144.jpg
12116282622_648111324_0,12116282622,648111324,0,0,10.3161995,123.90594175,282.88953973543255,data\road_images\12116282622_648111324_0\0_283.jpg
12116282622_12116282620_0,12116282622,12116282620,0,0,10.316256620584369,123.9059445010407,324.2840855140732,data\road_images\12116282622_12116282620_0\0_324.jpg
12116282622_648751988_0,12116282622,648751988,0,0,10.316127424099804,123.90626286121106,102.67115952265544,data\road_images\12116282622_648751988_0\0_103.jpg
12116282627_648112258_0,12116282627,648112258,0,0,10.3163227,123.9057632,200.1491888259113,data\road_images\12116282627_648112258_0\0_200.jpg
12116282627_12116282631_0,12116282627,12116282631,0,0,10.316318771069103,123.90565618102325,253.32442546319697,data\road_images\12116282627_12116282631_0\0_253.jpg
12116282627_11419628741_0,12116282627,11419628741,0,0,10.317026262767365,123.90619729219472,47.65857584838102,data\road_images\12116282627_11419628741_0\0_48.jpg
12116282631_5836449605_0,12116282631,5836449605,0,0,10.316515261350522,123.90469208712274,293.8594846772479,data\road_images\12116282631_5836449605_0\0_294.jpg
12116282631_648112258_0,12116282631,648112258,0,0,10.3162801,123.90561865000001,104.85661165306465,data\road_images\12116282631_648112258_0\0_105.jpg
12116282631_12116282627_0,12116282631,12116282627,0,0,10.316318771069103,123.90565618102325,73.32437369006834,data\road_images\12116282631_12116282627_0\0_73.jpg
12116282632_648111319_0,12116282632,648111319,0,0,10.31604565,123.905786,16.81152630870156,data\road_images\12116282632_648111319_0\0_17.jpg
12116282632_12116282636_0,12116282632,12116282636,0,0,10.316055310104646,123.90587338349702,68.05607439715988,data\road_images\12116282632_12116282636_0\0_68.jpg
12116282632_648757179_0,12116282632,648757179,0,0,10.315715679789648,123.90568406522394,196.94927089663776,data\road_images\12116282632_648757179_0\0_197.jpg
12116282636_648751987_0,12116282636,648751987,0,0,10.316010068297835,123.90623346206334,104.60793947616048,data\road_images\12116282636_648751987_0\0_105.jpg
12116282636_648111319_0,12116282636,648111319,0,0,10.316095950000001,123.9059129,285.3814973538946,data\road_images\12116282636_648111319_0\0_285.jpg
12116282636_12116282632_0,12116282636,12116282632,0,0,10.316055310104646,123.90587338349702,248.0561198473059,data\road_images\12116282636_12116282632_0\0_248.jpg
12116282637_280332555_0,12116282637,280332555,0,0,10.31618235,123.90558915,104.32165586589275,data\road_images\12116282637_280332555_0\0_104.jpg
12116282637_12116282641_0,12116282637,12116282641,0,0,10.316139282513204,123.9056099026697,139.73707211170256,data\road_images\12116282637_12116282641_0\0_140.jpg
12116282637_997375078_0,12116282637,997375078,0,0,10.316416846081543,123.90466267765166,292.6686813963837,data\road_images\12116282637_997375078_0\0_293.jpg
12116282641_1684158493_0,12116282641,1684158493,0,0,10.315751698437557,123.90557900491787,197.35740465338256,data\road_images\12116282641_1684158493_0\0_197.jpg
12116282641_280332555_0,12116282641,280332555,0,0,10.3160749,123.90568164999999,17.337229658774106,data\road_images\12116282641_280332555_0\0_17.jpg
12116282641_12116282637_0,12116282641,12116282637,0,0,10.316139282513204,123.9056099026697,319.7371052410458,data\road_images\12116282641_12116282637_0\0_320.jpg
12116282664_648111439_0,12116282664,648111439,0,0,10.318235600000001,123.9078736,35.83321487993669,data\road_images\12116282664_648111439_0\0_36.jpg
12116282664_12116282667_0,12116282664,12116282667,0,0,10.318199964759486,123.90793205434197,84.45257825602198,data\road_images\12116282664_12116282667_0\0_84.jpg
12116282664_11419628742_0,12116282664,11419628742,0,0,10.317655878600853,123.90742853025594,224.61800959927393,data\road_images\12116282664_11419628742_0\0_225.jpg
12116282667_648743336_0,12116282667,648743336,0,0,10.31804565,123.90820845,131.58319386611527,data\road_images\12116282667_648743336_0\0_132.jpg
12116282667_648111439_0,12116282667,648111439,0,0,10.3182457,123.9079793,311.5882342618481,data\road_images\12116282667_648111439_0\0_312.jpg
12116282667_12116282664_0,12116282667,12116282664,0,0,10.318199964759486,123.90793205434197,264.45261612082885,data\road_images\12116282667_12116282664_0\0_264.jpg
12116282668_648111460_0,12116282668,648111460,0,0,10.31833595,123.90804345000001,311.15605999651865,data\road_images\12116282668_648111460_0\0_311.jpg
12116282668_12116282671_0,12116282668,12116282671,0,0,10.318394574438942,123.90806875479512,357.1798282302075,data\road_images\12116282668_12116282671_0\0_357.jpg
12116282668_648743335_0,12116282668,648743335,0,0,10.318137499999999,123.90827415,131.1673528593705,data\road_images\12116282668_648743335_0\0_131.jpg
12116282671_1105801765_0,12116282671,1105801765,0,0,10.319010307984893,123.90858655206206,46.397065350344576,data\road_images\12116282671_1105801765_0\0_46.jpg
12116282671_12116282668_0,12116282671,12116282668,0,0,10.318394574438942,123.90806875479512,177.179826331541,data\road_images\12116282671_12116282668_0\0_177.jpg
12116282671_648111460_0,12116282671,648111460,0,0,10.318441799999999,123.90803815000001,218.4428098124633,data\road_images\12116282671_648111460_0\0_218.jpg
12116282672_648110877_0,12116282672,648110877,0,0,10.318515182949875,123.90795067049416,219.30074548554958,data\road_images\12116282672_648110877_0\0_219.jpg
12116282672_12116282675_0,12116282672,12116282675,0,0,10.318557519390325,123.90786687965264,272.3854340788434,data\road_images\12116282672_12116282675_0\0_272.jpg
12116282672_1105801833_0,12116282672,1105801833,0,0,10.318770628656317,123.90816612736322,41.78937994614114,data\road_images\12116282672_1105801833_0\0_42.jpg
12116282675_5836460308_0,12116282675,5836460308,0,0,10.319724125093657,123.90624755290402,296.43923758042774,data\road_images\12116282675_5836460308_0\0_296.jpg
12116282675_648110877_0,12116282675,648110877,0,0,10.3185207,123.90781645,129.006906858192,data\road_images\12116282675_648110877_0\0_129.jpg
12116282675_12116282672_0,12116282675,12116282672,0,0,10.318557519390325,123.90786687965264,92.38538600236444,data\road_images\12116282675_12116282672_0\0_92.jpg
12116282676_280332507_0,12116282676,280332507,0,0,10.31844035,123.9077437,128.56168406951582,data\road_images\12116282676_280332507_0\0_129.jpg
12116282676_12116282679_0,12116282676,12116282679,0,0,10.318388302818287,123.90772682686085,162.07512292520948,data\road_images\12116282676_12116282679_0\0_162.jpg
12116282676_648751003_0,12116282676,648751003,0,0,10.319635211363552,123.90618452864896,296.3397493995151,data\road_images\12116282676_648751003_0\0_296.jpg
12116282679_11419628741_0,12116282679,11419628741,0,0,10.317759779696006,123.90734777902192,224.05293082051404,data\road_images\12116282679_11419628741_0\0_224.jpg
12116282679_280332507_0,12116282679,280332507,0,0,10.318308349999999,123.90778710000001,37.7770582639439,data\road_images\12116282679_280332507_0\0_38.jpg
12116282679_12116282676_0,12116282679,12116282676,0,0,10.318388302818287,123.90772682686085,342.07513847269564,data\road_images\12116282679_12116282676_0\0_342.jpg
12116698009_5956832717_0,12116698009,5956832717,0,0,10.3001574,123.87643975,283.80616271715564,data\road_images\12116698009_5956832717_0\0_284.jpg
12116698009_1180204058_0,12116698009,1180204058,0,0,10.30004808729353,123.87689189692915,103.80110831374918,data\road_images\12116698009_1180204058_0\0_104.jpg
12116698009_5963433437_0,12116698009,5963433437,0,0,10.30040026855606,123.87665790317361,352.8465702523522,data\road_images\12116698009_5963433437_0\0_353.jpg
12116698011_1140342104_0,12116698011,1140342104,0,0,10.301008,123.8750973,354.0923908330219,data\road_images\12116698011_1140342104_0\0_354.jpg
12116698011_5956832717_0,12116698011,5956832717,0,0,10.300737365852532,123.87578922152701,122.35671964998983,data\road_images\12116698011_5956832717_0\0_122.jpg
12293210075_318314968_0,12293210075,318314968,0,0,10.3184875,123.88480755,169.29743029617384,data\road_images\12293210075_318314968_0\0_169.jpg
12293210075_5856773901_0,12293210075,5856773901,0,0,10.318386678829075,123.88425606547631,270.37216885092005,data\road_images\12293210075_5856773901_0\0_270.jpg
12293210075_1138894441_0,12293210075,1138894441,0,0,10.318884945478816,123.88472743121076,348.7221940488102,data\road_images\12293210075_1138894441_0\0_349.jpg
12429019504_8642144813_0,12429019504,8642144813,0,0,10.298460699116346,123.89253278243329,258.6917745068466,data\road_images\12429019504_8642144813_0\0_259.jpg
12429019504_937431151_0,12429019504,937431151,0,0,10.298650361479725,123.89392609284097,82.57404093249642,data\road_images\12429019504_937431151_0\0_83.jpg
12429019504_12429019524_0,12429019504,12429019524,0,0,10.2984759,123.89296335,118.09358470070106,data\road_images\12429019504_12429019524_0\0_118.jpg
12429019505_960110979_0,12429019505,960110979,0,0,10.316186250000001,123.890929,71.52736770450605,data\road_images\12429019505_960110979_0\0_72.jpg
12429019505_7311105607_0,12429019505,7311105607,0,0,10.3162167,123.89086795,342.49541939296927,data\road_images\12429019505_7311105607_0\0_342.jpg
12429019505_10743602316_0,12429019505,10743602316,0,0,10.315472147704362,123.89111729038554,160.74740564352805,data\road_images\12429019505_10743602316_0\0_161.jpg
12429019505_281418180_0,12429019505,281418180,0,0,10.3161585,123.89084745,250.12701052824065,data\road_images\12429019505_281418180_0\0_250.jpg
12429019522_10743602316_0,12429019522,10743602316,0,0,10.314188929343523,123.89161027010691,340.54120150152215,data\road_images\12429019522_10743602316_0\0_341.jpg
12429019522_10743602315_0,12429019522,10743602315,0,0,10.313265806946365,123.8918989702433,162.73846565550582,data\road_images\12429019522_10743602315_0\0_163.jpg
12429019522_10743602326_0,12429019522,10743602326,0,0,10.313280964832664,123.89194136059052,158.4149586744818,data\road_images\12429019522_10743602326_0\0_158.jpg
12429019524_12429019504_0,12429019524,12429019504,0,0,10.2984759,123.89296335,298.0936084602899,data\road_images\12429019524_12429019504_0\0_298.jpg
12429019524_10861633943_0,12429019524,10861633943,0,0,10.298610353831565,123.89427790763617,79.5234742123036,data\road_images\12429019524_10861633943_0\0_80.jpg
12429019524_8318641894_0,12429019524,8318641894,0,0,10.2984108,123.89297155,242.21329083479867,data\road_images\12429019524_8318641894_0\0_242.jpg
12679316134_1101216376_0,12679316134,1101216376,0,0,10.3227449,123.90153635,333.5646929489399,data\road_images\12679316134_1101216376_0\0_334.jpg
12679316134_1105801869_0,12679316134,1105801869,0,0,10.321932517138041,123.90197637732102,149.24995503880018,data\road_images\12679316134_1105801869_0\0_149.jpg
12679316134_12679316137_0,12679316134,12679316137,0,0,10.3223238,123.90135978517306,271.05146402122045,data\road_images\12679316134_12679316137_0\0_271.jpg
12679316137_12679316134_0,12679316137,12679316134,0,0,10.3223238,123.90135978517306,91.05133004364325,data\road_images\12679316137_12679316134_0\0_91.jpg
12947041938_960111232_0,12947041938,960111232,0,0,10.3175273,123.89471365,261.20421247431256,data\road_images\12947041938_960111232_0\0_261.jpg
12947041938_1099182090_0,12947041938,1099182090,0,0,10.317724770000872,123.89592215026596,80.01220507597105,data\road_images\12947041938_1099182090_0\0_80.jpg
12947041938_1099182523_0,12947041938,1099182523,0,0,10.318066226233178,123.89505795090366,8.073270580956432,data\road_images\12947041938_1099182523_0\0_8.jpg
13026149343_1104252874_0,13026149343,1104252874,0,0,10.32630075959492,123.88923036529681,343.275842912762,data\road_images\13026149343_1104252874_0\0_343.jpg
13032615916_1140341985_0,13032615916,1140341985,0,0,10.30242295,123.8810761,299.61576932497314,data\road_images\13032615916_1140341985_0\0_300.jpg
13032615916_1140341974_0,13032615916,1140341974,0,0,10.302272181219289,123.88114652363281,168.48523292683535,data\road_images\13032615916_1140341974_0\0_168.jpg
13032615916_8313999707_0,13032615916,8313999707,0,0,10.302511583311501,123.88135891535147,31.678132649948452,data\road_images\13032615916_8313999707_0\0_32.jpg
13033223812_456863472_0,13033223812,456863472,0,0,10.31038375,123.8900689,71.35991523405778,data\road_images\13033223812_456863472_0\0_71.jpg
13033411639_1138897300_0,13033411639,1138897300,0,0,10.310161,123.88452079999999,240.9747038229869,data\road_images\13033411639_1138897300_0\0_241.jpg
13033411674_1138897125_0,13033411674,1138897125,0,0,10.310522786071981,123.87906531933912,238.51559687105203,data\road_images\13033411674_1138897125_0\0_239.jpg
13033684278_1727313895_0,13033684278,1727313895,0,0,10.29790497367198,123.88977495217955,336.80064864754144,data\road_images\13033684278_1727313895_0\0_337.jpg
13047951967_1093749209_0,13047951967,1093749209,0,0,10.30534595,123.89054165,85.04969675397922,data\road_images\13047951967_1093749209_0\0_85.jpg
13047951967_5792920879_0,13047951967,5792920879,0,0,10.304978924662247,123.89029339559762,183.16174072937554,data\road_images\13047951967_5792920879_0\0_183.jpg
13047951967_4811636275_0,13047951967,4811636275,0,0,10.305641266079569,123.89038938577025,338.3528882284421,data\road_images\13047951967_4811636275_0\0_338.jpg
